{"type":"FeatureCollection","features":[{"type":"Feature","properties":{},"geometry":{"type":"MultiPolygon","coordinates":[[[[24.36712,50.87177],[24.37139,50.87239],[24.37087,50.8653],[24.3608,50.86475],[24.35817,50.86611],[24.35977,50.86809],[24.35975,50.87392],[24.36546,50.87413],[24.36712,50.87177]]],[[[24.28181,50.87677],[24.29106,50.87607],[24.29267,50.87325],[24.31057,50.87469],[24.31057,50.87734],[24.31563,50.87798],[24.31935,50.87668],[24.31955,50.87454],[24.3402,50.87257],[24.34628,50.87381],[24.33559,50.85796],[24.34239,50.85679],[24.33839,50.85284],[24.33912,50.84923],[24.33575,50.84561],[24.33612,50.84191],[24.3388,50.8422],[24.34515,50.83688],[24.34203,50.83229],[24.35223,50.83193],[24.35436,50.83081],[24.35333,50.82913],[24.36522,50.82579],[24.36584,50.82724],[24.37035,50.82653],[24.37472,50.82494],[24.37364,50.82352],[24.38244,50.82145],[24.38456,50.81866],[24.38134,50.81647],[24.374,50.82022],[24.37091,50.81716],[24.36694,50.81667],[24.36142,50.8197],[24.3617,50.82124],[24.35322,50.82053],[24.34925,50.8222],[24.34983,50.82347],[24.34697,50.82599],[24.34371,50.82623],[24.34651,50.81914],[24.34516,50.8184],[24.34286,50.82104],[24.33996,50.82088],[24.33981,50.81801],[24.33643,50.81774],[24.33644,50.82098],[24.33316,50.82096],[24.33264,50.82458],[24.32441,50.82899],[24.32448,50.83214],[24.32215,50.83416],[24.31321,50.82545],[24.31697,50.8272],[24.31974,50.82351],[24.32764,50.82104],[24.33056,50.81802],[24.32992,50.81563],[24.33234,50.81437],[24.32555,50.81322],[24.32419,50.81007],[24.32201,50.80914],[24.32163,50.80646],[24.31359,50.80623],[24.31319,50.81094],[24.31082,50.81094],[24.30996,50.82417],[24.30792,50.82578],[24.30164,50.82573],[24.29811,50.82378],[24.29887,50.80231],[24.29719,50.80227],[24.29724,50.79382],[24.28921,50.79358],[24.27227,50.78832],[24.26843,50.79188],[24.26609,50.78031],[24.27856,50.77782],[24.27751,50.77305],[24.27454,50.77342],[24.27348,50.76992],[24.26401,50.77039],[24.26371,50.76901],[24.25608,50.76893],[24.25654,50.76265],[24.24172,50.76251],[24.23896,50.76034],[24.2389,50.75688],[24.2351,50.75271],[24.2191,50.74777],[24.2164,50.75028],[24.20392,50.7536],[24.20353,50.75578],[24.1993,50.75818],[24.19678,50.7717],[24.18128,50.7705],[24.15386,50.77169],[24.14128,50.76595],[24.1351,50.76793],[24.13827,50.7738],[24.12587,50.77767],[24.13016,50.78297],[24.13124,50.79458],[24.12504,50.79557],[24.12381,50.80103],[24.12727,50.80676],[24.19397,50.80749],[24.19901,50.81452],[24.19621,50.81815],[24.21309,50.8219],[24.23204,50.82341],[24.23168,50.82621],[24.23424,50.82861],[24.23413,50.83053],[24.26001,50.83884],[24.26015,50.84088],[24.2554,50.84477],[24.25729,50.84587],[24.25379,50.84837],[24.25965,50.85277],[24.25668,50.86032],[24.25076,50.86681],[24.25389,50.86883],[24.2512,50.87151],[24.25194,50.87457],[24.25176,50.87103],[24.25603,50.8683],[24.25865,50.86947],[24.25756,50.87064],[24.26324,50.8723],[24.27566,50.88086],[24.28181,50.87677]]]]}},{"type":"Feature","properties":{},"geometry":{"type":"Polygon","coordinates":[[[24.78411,50.88572],[24.79267,50.88626],[24.8003,50.88247],[24.81682,50.88647],[24.82792,50.88632],[24.83183,50.86627],[24.82872,50.85784],[24.8374,50.85828],[24.86632,50.85467],[24.87215,50.84999],[24.882,50.84643],[24.90124,50.83609],[24.89861,50.82011],[24.90472,50.80435],[24.91784,50.80078],[24.92175,50.7773],[24.93126,50.77686],[24.93618,50.76623],[24.93694,50.76029],[24.94203,50.75571],[24.93948,50.74904],[24.93991,50.71517],[24.93594,50.70443],[24.89915,50.70707],[24.87565,50.71458],[24.87228,50.71187],[24.83526,50.72108],[24.82601,50.70382],[24.80855,50.7018],[24.79958,50.66301],[24.76875,50.66712],[24.74138,50.67474],[24.75143,50.68936],[24.7534,50.69462],[24.75828,50.69974],[24.73309,50.71987],[24.73897,50.72552],[24.76211,50.71916],[24.76902,50.72842],[24.77294,50.72807],[24.77273,50.73355],[24.77826,50.73394],[24.7784,50.73594],[24.78658,50.74567],[24.78724,50.74926],[24.78044,50.75231],[24.76,50.75543],[24.75654,50.75874],[24.74643,50.75806],[24.74069,50.75934],[24.73544,50.76154],[24.72566,50.77147],[24.72339,50.77016],[24.71428,50.77135],[24.70715,50.76407],[24.71136,50.7628],[24.70864,50.76051],[24.70113,50.7618],[24.68831,50.76087],[24.66799,50.7651],[24.62652,50.76701],[24.62958,50.78204],[24.63236,50.78728],[24.61341,50.78638],[24.61379,50.79118],[24.58907,50.79389],[24.59169,50.79854],[24.58695,50.79982],[24.58602,50.80452],[24.5786,50.80603],[24.58105,50.80974],[24.59743,50.80864],[24.60519,50.81674],[24.60853,50.82432],[24.61252,50.82872],[24.60231,50.83146],[24.59925,50.84168],[24.59066,50.84256],[24.5842,50.84681],[24.57161,50.8448],[24.56361,50.8491],[24.57221,50.86308],[24.58052,50.86691],[24.58874,50.86741],[24.59128,50.86954],[24.59326,50.87523],[24.60547,50.89228],[24.63033,50.88367],[24.62839,50.88116],[24.63669,50.87888],[24.65905,50.86736],[24.66599,50.86584],[24.66793,50.86152],[24.69569,50.86818],[24.71309,50.87011],[24.71095,50.88003],[24.73209,50.88216],[24.73173,50.88666],[24.74095,50.89992],[24.76204,50.89486],[24.77107,50.88954],[24.78411,50.88572]]]}},{"type":"Feature","properties":{},"geometry":{"type":"Polygon","coordinates":[[[24.35582,50.88595],[24.39354,50.87697],[24.40021,50.86862],[24.44323,50.86797],[24.45765,50.86406],[24.4576,50.85577],[24.50109,50.85702],[24.50144,50.85077],[24.5148,50.85101],[24.51494,50.85335],[24.53001,50.85349],[24.53048,50.85034],[24.56361,50.8491],[24.57161,50.8448],[24.5842,50.84681],[24.59066,50.84256],[24.59925,50.84168],[24.60231,50.83146],[24.61252,50.82872],[24.60853,50.82432],[24.60519,50.81674],[24.59743,50.80864],[24.58105,50.80974],[24.5786,50.80603],[24.58602,50.80452],[24.58695,50.79982],[24.59169,50.79854],[24.58907,50.79389],[24.61379,50.79118],[24.61341,50.78638],[24.63236,50.78728],[24.62958,50.78204],[24.62652,50.76701],[24.6241,50.76384],[24.59938,50.75964],[24.58919,50.75161],[24.56937,50.75611],[24.56938,50.75288],[24.53919,50.7513],[24.5373,50.74531],[24.54091,50.73953],[24.53462,50.73505],[24.53257,50.73598],[24.53089,50.72775],[24.51999,50.72826],[24.5164,50.72988],[24.51547,50.73113],[24.51686,50.73239],[24.51312,50.73542],[24.50772,50.73033],[24.50259,50.72826],[24.49765,50.73162],[24.48144,50.73246],[24.47873,50.72921],[24.47271,50.72967],[24.47287,50.73074],[24.46949,50.73152],[24.44625,50.73289],[24.43238,50.73301],[24.42303,50.73131],[24.42235,50.72146],[24.40506,50.72297],[24.40775,50.71222],[24.41131,50.71144],[24.40961,50.70197],[24.40424,50.704],[24.40555,50.70806],[24.39409,50.71357],[24.36582,50.70939],[24.35199,50.71171],[24.3509,50.71636],[24.33731,50.71658],[24.33754,50.72455],[24.328,50.72558],[24.32749,50.73121],[24.30213,50.73301],[24.30735,50.73997],[24.28444,50.74045],[24.28428,50.74285],[24.28104,50.74251],[24.28033,50.74406],[24.29085,50.74576],[24.29084,50.74878],[24.29478,50.74867],[24.29705,50.75643],[24.28257,50.75595],[24.27798,50.7491],[24.26144,50.75251],[24.26249,50.76292],[24.25661,50.76283],[24.25608,50.76893],[24.26371,50.76901],[24.26401,50.77039],[24.27348,50.76992],[24.27454,50.77342],[24.27751,50.77305],[24.27856,50.77782],[24.26609,50.78031],[24.26843,50.79188],[24.27227,50.78832],[24.28921,50.79358],[24.29724,50.79382],[24.29719,50.80227],[24.29887,50.80231],[24.29811,50.82378],[24.30164,50.82573],[24.30792,50.82578],[24.30996,50.82417],[24.31082,50.81094],[24.31319,50.81094],[24.31359,50.80623],[24.32163,50.80646],[24.32201,50.80914],[24.32419,50.81007],[24.32555,50.81322],[24.33234,50.81437],[24.32992,50.81563],[24.33056,50.81802],[24.32764,50.82104],[24.31974,50.82351],[24.31697,50.8272],[24.31321,50.82545],[24.32215,50.83416],[24.32448,50.83214],[24.32441,50.82899],[24.33264,50.82458],[24.33316,50.82096],[24.33644,50.82098],[24.33643,50.81774],[24.33981,50.81801],[24.33996,50.82088],[24.34286,50.82104],[24.34516,50.8184],[24.34651,50.81914],[24.34371,50.82623],[24.34697,50.82599],[24.34983,50.82347],[24.34925,50.8222],[24.35322,50.82053],[24.3617,50.82124],[24.36142,50.8197],[24.36694,50.81667],[24.37091,50.81716],[24.374,50.82022],[24.38134,50.81647],[24.38456,50.81866],[24.38244,50.82145],[24.37364,50.82352],[24.37472,50.82494],[24.37035,50.82653],[24.36584,50.82724],[24.36522,50.82579],[24.35333,50.82913],[24.35436,50.83081],[24.35223,50.83193],[24.34203,50.83229],[24.34515,50.83688],[24.3388,50.8422],[24.33612,50.84191],[24.33575,50.84561],[24.33912,50.84923],[24.33839,50.85284],[24.34239,50.85679],[24.33559,50.85796],[24.34628,50.87381],[24.3402,50.87257],[24.33018,50.87395],[24.33218,50.88733],[24.35582,50.88595]],[[24.3608,50.86475],[24.37087,50.8653],[24.37139,50.87239],[24.36656,50.87179],[24.36546,50.87413],[24.35975,50.87392],[24.35977,50.86809],[24.35817,50.86611],[24.3608,50.86475]]]}},{"type":"Feature","properties":{},"geometry":{"type":"Polygon","coordinates":[[[24.33731,50.71658],[24.3509,50.71636],[24.35199,50.71171],[24.36582,50.70939],[24.39409,50.71357],[24.40555,50.70806],[24.40424,50.704],[24.41852,50.6971],[24.42084,50.68877],[24.41931,50.68398],[24.4253,50.67967],[24.4073,50.67408],[24.39403,50.68014],[24.3858,50.68084],[24.3887,50.67562],[24.3933,50.6734],[24.39379,50.67085],[24.40021,50.66702],[24.40182,50.66444],[24.40561,50.64275],[24.40297,50.63948],[24.40211,50.63501],[24.40738,50.63392],[24.41,50.60173],[24.39241,50.59995],[24.38088,50.60915],[24.3724,50.60246],[24.36337,50.59879],[24.36206,50.59663],[24.35276,50.59899],[24.33333,50.59909],[24.33089,50.60125],[24.32866,50.61536],[24.32578,50.61536],[24.31911,50.62065],[24.31414,50.63404],[24.31752,50.65684],[24.28776,50.66745],[24.29379,50.67202],[24.28075,50.68374],[24.28208,50.69307],[24.27363,50.69369],[24.28017,50.69739],[24.28967,50.69933],[24.29138,50.70357],[24.28597,50.70748],[24.28141,50.71342],[24.27839,50.71412],[24.27918,50.71898],[24.27754,50.72403],[24.28096,50.7291],[24.28067,50.73327],[24.32604,50.73172],[24.32749,50.73121],[24.328,50.72558],[24.33754,50.72455],[24.33731,50.71658]]]}},{"type":"Feature","properties":{},"geometry":{"type":"Polygon","coordinates":[[[24.2024,50.68137],[24.23699,50.67443],[24.23252,50.66221],[24.23713,50.65878],[24.25276,50.65467],[24.2674,50.66978],[24.26534,50.67305],[24.28206,50.67479],[24.28068,50.67675],[24.28677,50.67859],[24.29379,50.67202],[24.28776,50.66745],[24.31752,50.65684],[24.31414,50.63404],[24.31911,50.62065],[24.32578,50.61536],[24.32866,50.61536],[24.33089,50.60125],[24.33333,50.59909],[24.32353,50.59981],[24.32637,50.593],[24.31931,50.58229],[24.31794,50.57328],[24.31246,50.57155],[24.3087,50.57374],[24.2932,50.57402],[24.26646,50.58057],[24.24381,50.58139],[24.23492,50.58519],[24.2311,50.58337],[24.22671,50.58742],[24.22088,50.58958],[24.22489,50.59115],[24.2253,50.59281],[24.21914,50.59394],[24.2169,50.59146],[24.21154,50.59192],[24.21065,50.59296],[24.21293,50.59641],[24.20864,50.59803],[24.21131,50.5989],[24.20961,50.60194],[24.2061,50.60174],[24.20756,50.60403],[24.2042,50.6034],[24.20279,50.6065],[24.20519,50.60736],[24.19951,50.60788],[24.20395,50.61149],[24.20016,50.61447],[24.19541,50.61303],[24.19153,50.61735],[24.18725,50.61458],[24.18462,50.61936],[24.18254,50.61696],[24.17763,50.61892],[24.17339,50.61652],[24.1737,50.61943],[24.17629,50.61892],[24.17344,50.62267],[24.17563,50.62362],[24.16998,50.62328],[24.17145,50.62545],[24.17444,50.62524],[24.16918,50.62669],[24.17172,50.62831],[24.16983,50.62993],[24.16324,50.63152],[24.17222,50.63077],[24.17326,50.63165],[24.17229,50.63385],[24.1676,50.63367],[24.16718,50.63641],[24.15979,50.64004],[24.15926,50.64127],[24.16084,50.64211],[24.15985,50.64285],[24.15746,50.64283],[24.15807,50.63957],[24.1559,50.64251],[24.15294,50.64275],[24.15472,50.64661],[24.15125,50.64344],[24.14959,50.64497],[24.15038,50.64718],[24.14887,50.64724],[24.14481,50.64278],[24.1413,50.64362],[24.13906,50.64658],[24.13779,50.64298],[24.1348,50.64535],[24.12988,50.64573],[24.13018,50.64843],[24.12575,50.6489],[24.12124,50.64605],[24.1181,50.64787],[24.117,50.64692],[24.11784,50.64492],[24.12188,50.64368],[24.11516,50.64214],[24.11657,50.64098],[24.10659,50.63474],[24.10005,50.63553],[24.0977,50.63756],[24.09352,50.63517],[24.08842,50.63726],[24.08837,50.63518],[24.08729,50.64202],[24.08507,50.64329],[24.08783,50.64461],[24.07999,50.64502],[24.0846,50.64964],[24.08915,50.65082],[24.08707,50.65281],[24.09032,50.6538],[24.08567,50.65519],[24.09105,50.66363],[24.08537,50.66139],[24.08498,50.66799],[24.08664,50.66913],[24.08166,50.67171],[24.08188,50.67484],[24.07906,50.67448],[24.07905,50.6728],[24.07671,50.67572],[24.07533,50.67589],[24.07551,50.67356],[24.07358,50.67598],[24.07331,50.6736],[24.07031,50.6789],[24.06805,50.67745],[24.06222,50.67789],[24.06504,50.68038],[24.06295,50.68066],[24.0633,50.68483],[24.06643,50.68317],[24.06944,50.68376],[24.06497,50.6864],[24.07164,50.6981],[24.08434,50.69516],[24.0894,50.69814],[24.09458,50.69867],[24.10095,50.69685],[24.10424,50.69892],[24.10891,50.69438],[24.1137,50.68334],[24.11704,50.68296],[24.11659,50.67535],[24.11202,50.67037],[24.11367,50.66993],[24.11994,50.67086],[24.13062,50.66908],[24.13241,50.67078],[24.14306,50.67212],[24.14472,50.67149],[24.1451,50.66761],[24.16196,50.66992],[24.15965,50.67302],[24.16814,50.67617],[24.17217,50.67155],[24.19181,50.66946],[24.19341,50.67258],[24.19295,50.67562],[24.2024,50.68137]]]}},{"type":"Feature","properties":{},"geometry":{"type":"Polygon","coordinates":[[[24.6697,50.76476],[24.68831,50.76087],[24.70113,50.7618],[24.70864,50.76051],[24.71136,50.7628],[24.70715,50.76407],[24.71428,50.77135],[24.72339,50.77016],[24.72566,50.77147],[24.73544,50.76154],[24.74069,50.75934],[24.74643,50.75806],[24.75654,50.75874],[24.76,50.75543],[24.78044,50.75231],[24.78724,50.74926],[24.78658,50.74567],[24.7784,50.73594],[24.77826,50.73394],[24.77273,50.73355],[24.77294,50.72807],[24.76902,50.72842],[24.76211,50.71916],[24.73897,50.72552],[24.73309,50.71987],[24.75828,50.69974],[24.7534,50.69462],[24.75143,50.68936],[24.74138,50.67474],[24.76397,50.66815],[24.79958,50.66301],[24.80855,50.7018],[24.82601,50.70382],[24.83526,50.72108],[24.87228,50.71187],[24.86576,50.70189],[24.86729,50.70127],[24.86565,50.69913],[24.86696,50.69832],[24.86617,50.69187],[24.86361,50.68759],[24.86488,50.68422],[24.87509,50.6848],[24.88191,50.67353],[24.87454,50.67035],[24.88043,50.66368],[24.87646,50.66208],[24.87659,50.65769],[24.87349,50.65515],[24.86176,50.65445],[24.85811,50.6359],[24.85976,50.63407],[24.87751,50.63428],[24.875,50.63088],[24.86792,50.62918],[24.84778,50.6127],[24.83933,50.61014],[24.82641,50.59928],[24.83304,50.58207],[24.83117,50.57722],[24.81516,50.57403],[24.77822,50.57321],[24.7693,50.56989],[24.7693,50.56877],[24.7447,50.56952],[24.73718,50.57207],[24.73922,50.58092],[24.73526,50.59043],[24.73301,50.59133],[24.70008,50.59005],[24.67708,50.58604],[24.61727,50.59591],[24.61686,50.60484],[24.61965,50.60903],[24.62597,50.60897],[24.63186,50.63145],[24.57056,50.65248],[24.56038,50.65281],[24.56385,50.66625],[24.56679,50.66616],[24.5681,50.67778],[24.57269,50.67757],[24.5733,50.68558],[24.56508,50.68507],[24.53614,50.69239],[24.53114,50.68483],[24.50411,50.6955],[24.51809,50.70657],[24.51967,50.71162],[24.53099,50.72789],[24.53257,50.73598],[24.53462,50.73505],[24.54091,50.73953],[24.5373,50.74531],[24.53919,50.7513],[24.56938,50.75288],[24.56937,50.75611],[24.58919,50.75161],[24.59938,50.75964],[24.6241,50.76384],[24.62652,50.76701],[24.6697,50.76476]]]}},{"type":"Feature","properties":{},"geometry":{"type":"Polygon","coordinates":[[[24.21753,50.74827],[24.22939,50.74997],[24.2351,50.75271],[24.2389,50.75688],[24.23896,50.76034],[24.24172,50.76251],[24.26249,50.76292],[24.26144,50.75251],[24.27798,50.7491],[24.28257,50.75595],[24.29705,50.75643],[24.29478,50.74867],[24.29084,50.74878],[24.29085,50.74576],[24.28033,50.74406],[24.28104,50.74251],[24.28428,50.74285],[24.28444,50.74045],[24.30735,50.73997],[24.30213,50.73301],[24.28067,50.73327],[24.28096,50.7291],[24.27754,50.72403],[24.27918,50.71898],[24.27839,50.71412],[24.28141,50.71342],[24.28597,50.70748],[24.29138,50.70357],[24.28967,50.69933],[24.28017,50.69739],[24.27363,50.69369],[24.28208,50.69307],[24.28075,50.68374],[24.28677,50.67859],[24.28068,50.67675],[24.28206,50.67479],[24.26534,50.67305],[24.2674,50.66978],[24.25276,50.65467],[24.23713,50.65878],[24.23252,50.66221],[24.23699,50.67443],[24.21009,50.67995],[24.21093,50.68782],[24.21585,50.68801],[24.20779,50.69149],[24.21012,50.692],[24.21024,50.69495],[24.21294,50.69834],[24.2173,50.69812],[24.21503,50.70504],[24.20616,50.70363],[24.20451,50.70514],[24.19049,50.70706],[24.19049,50.71236],[24.18087,50.71016],[24.1794,50.713],[24.16349,50.71263],[24.16573,50.70789],[24.15906,50.71056],[24.15178,50.70667],[24.14504,50.71013],[24.15513,50.71178],[24.14974,50.71227],[24.15009,50.71383],[24.1439,50.71612],[24.14179,50.71885],[24.1456,50.72094],[24.14447,50.72189],[24.13578,50.72233],[24.12294,50.72601],[24.12275,50.72775],[24.11791,50.72892],[24.11651,50.73231],[24.11975,50.73095],[24.12262,50.73349],[24.1258,50.7332],[24.12925,50.73154],[24.12757,50.72987],[24.12881,50.72907],[24.14714,50.72451],[24.14969,50.72541],[24.15216,50.7344],[24.15104,50.74499],[24.15639,50.74605],[24.15643,50.74347],[24.16487,50.74958],[24.16736,50.75299],[24.16587,50.7539],[24.17638,50.76117],[24.18123,50.76771],[24.18128,50.7705],[24.19678,50.7717],[24.1993,50.75818],[24.20353,50.75578],[24.20392,50.7536],[24.2164,50.75028],[24.21753,50.74827]]]}},{"type":"Feature","properties":{},"geometry":{"type":"Polygon","coordinates":[[[24.26659,51.09566],[24.26808,51.08895],[24.29339,51.08875],[24.29212,51.08323],[24.29469,51.08122],[24.29287,51.07751],[24.2907,51.07706],[24.28622,51.06718],[24.28358,51.05678],[24.28483,51.05288],[24.28687,51.05396],[24.29395,51.04951],[24.31535,51.05069],[24.31206,51.03872],[24.3319,51.03776],[24.33438,51.03961],[24.36967,51.04574],[24.3638,51.02558],[24.3681,51.02498],[24.36617,51.01315],[24.37425,51.01351],[24.37734,50.98609],[24.37502,50.98406],[24.36985,50.98394],[24.36695,50.98589],[24.36151,50.98518],[24.35386,50.97968],[24.35169,50.97638],[24.3683,50.97088],[24.3942,50.9687],[24.39738,50.96197],[24.39942,50.96107],[24.42259,50.95724],[24.43826,50.95832],[24.43655,50.95386],[24.43133,50.95107],[24.42975,50.94553],[24.42483,50.94198],[24.43923,50.93699],[24.46635,50.93274],[24.48111,50.92856],[24.48417,50.92815],[24.48627,50.93244],[24.48928,50.9326],[24.49668,50.92799],[24.51548,50.92191],[24.52064,50.91738],[24.53625,50.91296],[24.5416,50.90672],[24.54747,50.90609],[24.55154,50.91118],[24.55934,50.91019],[24.56029,50.90576],[24.56181,50.90656],[24.56638,50.90422],[24.56496,50.90119],[24.57505,50.90009],[24.58625,50.8958],[24.59884,50.89458],[24.60547,50.89228],[24.59326,50.87523],[24.5922,50.87074],[24.58874,50.86741],[24.57905,50.86647],[24.57031,50.86167],[24.56415,50.84908],[24.53048,50.85034],[24.53001,50.85349],[24.51494,50.85335],[24.5148,50.85101],[24.50144,50.85077],[24.50109,50.85702],[24.4576,50.85577],[24.45765,50.86406],[24.44323,50.86797],[24.40021,50.86862],[24.39354,50.87697],[24.35582,50.88595],[24.33218,50.88733],[24.33018,50.87395],[24.31955,50.87454],[24.31935,50.87668],[24.31563,50.87798],[24.31057,50.87734],[24.31057,50.87469],[24.29267,50.87325],[24.29106,50.87607],[24.27999,50.87768],[24.25841,50.89902],[24.25115,50.90331],[24.25435,50.90472],[24.2535,50.91026],[24.24226,50.91006],[24.24642,50.92076],[24.22564,50.91943],[24.22451,50.92042],[24.23443,50.9285],[24.23182,50.93816],[24.2414,50.93991],[24.25034,50.94694],[24.264,50.94979],[24.26127,50.95876],[24.26011,50.97129],[24.24247,50.97047],[24.21725,50.97295],[24.21183,50.97601],[24.20145,50.99446],[24.18965,51.00567],[24.17771,51.01521],[24.16225,51.02012],[24.1636,51.0249],[24.1708,51.0298],[24.17485,51.03472],[24.16516,51.03959],[24.15064,51.0426],[24.15121,51.04503],[24.14004,51.04803],[24.15587,51.05252],[24.15532,51.05777],[24.16289,51.05904],[24.16315,51.06099],[24.16851,51.06364],[24.16068,51.0712],[24.16537,51.07557],[24.17914,51.079],[24.18847,51.08429],[24.20356,51.08851],[24.20374,51.09237],[24.21248,51.08982],[24.22819,51.09353],[24.23855,51.09273],[24.23848,51.09549],[24.26659,51.09566]]]}},{"type":"Feature","properties":{},"geometry":{"type":"Polygon","coordinates":[[[24.53089,50.72775],[24.51967,50.71162],[24.51809,50.70657],[24.50411,50.6955],[24.53114,50.68483],[24.53614,50.69239],[24.56508,50.68507],[24.5733,50.68558],[24.57269,50.67757],[24.5681,50.67778],[24.56679,50.66616],[24.56385,50.66625],[24.56038,50.65281],[24.57056,50.65248],[24.63186,50.63145],[24.62597,50.60897],[24.61965,50.60903],[24.61686,50.60484],[24.61727,50.59591],[24.63777,50.59171],[24.64481,50.59172],[24.63951,50.5835],[24.63719,50.58295],[24.63536,50.57594],[24.62444,50.57124],[24.62543,50.57052],[24.61603,50.56089],[24.60936,50.55949],[24.5773,50.55859],[24.56668,50.56247],[24.55468,50.56362],[24.55241,50.55695],[24.57554,50.55455],[24.57537,50.552],[24.5726,50.55079],[24.5723,50.54435],[24.56577,50.54445],[24.56393,50.53327],[24.56115,50.53285],[24.55205,50.5338],[24.54685,50.53686],[24.54356,50.54188],[24.5403,50.54068],[24.53619,50.54691],[24.5315,50.55033],[24.5165,50.55557],[24.50064,50.55456],[24.49963,50.5521],[24.48768,50.55101],[24.46727,50.5423],[24.4667,50.54081],[24.4533,50.5409],[24.45039,50.53924],[24.43492,50.54555],[24.41876,50.55468],[24.41579,50.55843],[24.40619,50.56031],[24.40093,50.56875],[24.40331,50.57117],[24.39855,50.57441],[24.40898,50.5813],[24.41347,50.58634],[24.39957,50.59126],[24.39241,50.59995],[24.41,50.60173],[24.40738,50.63392],[24.40211,50.63501],[24.40297,50.63948],[24.40561,50.64275],[24.40182,50.66444],[24.40021,50.66702],[24.39379,50.67085],[24.3933,50.6734],[24.3887,50.67562],[24.3858,50.68084],[24.39403,50.68014],[24.4073,50.67408],[24.4253,50.67967],[24.41931,50.68398],[24.42084,50.68877],[24.41852,50.6971],[24.40971,50.70061],[24.41131,50.71144],[24.40775,50.71222],[24.40506,50.72297],[24.42235,50.72146],[24.42303,50.73131],[24.43238,50.73301],[24.46949,50.73152],[24.47287,50.73074],[24.47271,50.72967],[24.47873,50.72921],[24.48144,50.73246],[24.49765,50.73162],[24.50259,50.72826],[24.50772,50.73033],[24.51312,50.73542],[24.51686,50.73239],[24.51547,50.73113],[24.5164,50.72988],[24.51999,50.72826],[24.53089,50.72775]]]}},{"type":"Feature","properties":{},"geometry":{"type":"Polygon","coordinates":[[[24.13176,50.80718],[24.12727,50.80676],[24.12395,50.7993],[24.12592,50.7949],[24.13124,50.79458],[24.13016,50.78297],[24.12587,50.77767],[24.13827,50.7738],[24.1351,50.76793],[24.14128,50.76595],[24.15386,50.77169],[24.18128,50.7705],[24.18123,50.76771],[24.17638,50.76117],[24.16587,50.7539],[24.16736,50.75299],[24.16487,50.74958],[24.15643,50.74347],[24.15639,50.74605],[24.15104,50.74499],[24.15216,50.7344],[24.14969,50.72541],[24.14714,50.72451],[24.12881,50.72907],[24.12757,50.72987],[24.12925,50.73154],[24.12451,50.73343],[24.11975,50.73095],[24.11651,50.73231],[24.11791,50.72892],[24.13578,50.72233],[24.14447,50.72189],[24.1456,50.72094],[24.14179,50.71885],[24.1439,50.71612],[24.15009,50.71383],[24.14974,50.71227],[24.15513,50.71178],[24.14504,50.71013],[24.15178,50.70667],[24.15906,50.71056],[24.16573,50.70789],[24.16349,50.71263],[24.1794,50.713],[24.18087,50.71016],[24.19049,50.71236],[24.19049,50.70706],[24.20451,50.70514],[24.20616,50.70363],[24.21503,50.70504],[24.2173,50.69812],[24.21294,50.69834],[24.21024,50.69495],[24.21012,50.692],[24.20779,50.69149],[24.21585,50.68801],[24.21093,50.68782],[24.21009,50.67995],[24.2024,50.68137],[24.19295,50.67562],[24.19341,50.67258],[24.19181,50.66946],[24.17217,50.67155],[24.16814,50.67617],[24.15965,50.67302],[24.16196,50.66992],[24.1451,50.66761],[24.14472,50.67149],[24.14306,50.67212],[24.13241,50.67078],[24.13062,50.66908],[24.11994,50.67086],[24.11225,50.67025],[24.11659,50.67535],[24.11704,50.68296],[24.1137,50.68334],[24.10891,50.69438],[24.1047,50.69886],[24.10095,50.69685],[24.09458,50.69867],[24.0894,50.69814],[24.08434,50.69516],[24.07164,50.6981],[24.07197,50.70033],[24.0697,50.70143],[24.07144,50.70262],[24.06704,50.70712],[24.07335,50.70786],[24.07519,50.71071],[24.07142,50.71192],[24.07524,50.7133],[24.07122,50.71536],[24.07307,50.71752],[24.07173,50.72057],[24.06679,50.72004],[24.06584,50.72158],[24.06395,50.71825],[24.06079,50.72055],[24.05307,50.71773],[24.0502,50.71905],[24.04431,50.71514],[24.04253,50.71747],[24.02339,50.7251],[24.02153,50.72474],[24.02217,50.72167],[24.01632,50.72311],[24.01975,50.73036],[24.01869,50.73128],[24.01567,50.72988],[24.01947,50.73277],[24.02032,50.7378],[24.01574,50.73707],[24.02014,50.74548],[24.02295,50.74547],[24.01959,50.74862],[24.0177,50.74639],[24.01508,50.74727],[24.01815,50.75123],[24.02096,50.74939],[24.02389,50.75084],[24.01688,50.7521],[24.01727,50.75467],[24.0137,50.75352],[24.0111,50.75453],[24.01784,50.75687],[24.01221,50.75713],[24.01621,50.76035],[24.01398,50.76208],[24.02091,50.76148],[24.02017,50.75994],[24.02161,50.75799],[24.02528,50.76002],[24.02369,50.76638],[24.01506,50.77129],[24.00983,50.77217],[24.01058,50.77536],[24.03195,50.77714],[24.03931,50.78018],[24.04004,50.78782],[24.04706,50.78872],[24.05042,50.78388],[24.05069,50.77687],[24.05627,50.77278],[24.08235,50.78418],[24.09549,50.78818],[24.09382,50.79292],[24.10089,50.79435],[24.10442,50.79862],[24.10301,50.8048],[24.13176,50.80718]]]}},{"type":"Feature","properties":{},"geometry":{"type":"Polygon","coordinates":[[[23.95532,51.04323],[23.96474,51.03323],[23.96469,51.0302],[23.96779,51.02931],[23.97211,51.025],[23.97638,51.02449],[23.98129,51.02116],[24.00546,51.02458],[24.00497,51.02331],[24.01109,51.02061],[24.02263,51.02198],[24.0292,51.02119],[24.03629,51.01899],[24.03808,51.01618],[24.04208,51.01435],[24.07239,51.01289],[24.07767,51.01001],[24.09623,51.01084],[24.09978,51.00946],[24.11083,51.03281],[24.11328,51.03242],[24.11651,51.03472],[24.12519,51.05173],[24.12933,51.05322],[24.13791,51.05028],[24.13648,51.04896],[24.15121,51.04503],[24.15064,51.0426],[24.16516,51.03959],[24.17485,51.03472],[24.1708,51.0298],[24.1636,51.0249],[24.16225,51.02012],[24.17771,51.01521],[24.18965,51.00567],[24.20145,50.99446],[24.21183,50.97601],[24.21725,50.97295],[24.24247,50.97047],[24.26011,50.97129],[24.26127,50.95876],[24.264,50.94979],[24.25034,50.94694],[24.2414,50.93991],[24.23182,50.93816],[24.23443,50.9285],[24.22451,50.92042],[24.22564,50.91943],[24.24642,50.92076],[24.24226,50.91006],[24.2535,50.91026],[24.25435,50.90472],[24.25115,50.90331],[24.26423,50.89385],[24.27566,50.88086],[24.26324,50.8723],[24.25756,50.87064],[24.25876,50.86978],[24.25697,50.8684],[24.25456,50.86828],[24.25357,50.87022],[24.25176,50.87103],[24.25174,50.87424],[24.2512,50.87151],[24.25389,50.86883],[24.25076,50.86681],[24.25668,50.86032],[24.25965,50.85277],[24.25379,50.84837],[24.25729,50.84587],[24.2554,50.84477],[24.26015,50.84088],[24.26001,50.83884],[24.23413,50.83053],[24.23165,50.82324],[24.21309,50.8219],[24.19621,50.81815],[24.19901,50.81452],[24.19397,50.80749],[24.12742,50.80732],[24.10301,50.8048],[24.10442,50.79862],[24.10089,50.79435],[24.09382,50.79292],[24.09549,50.78818],[24.08235,50.78418],[24.05627,50.77278],[24.05069,50.77687],[24.05042,50.78388],[24.04706,50.78872],[24.04004,50.78782],[24.03931,50.78018],[24.03195,50.77714],[24.01058,50.77536],[24.00983,50.77217],[23.99837,50.76922],[23.98094,50.77114],[23.98012,50.77047],[23.98208,50.76804],[23.97736,50.76879],[23.97861,50.77324],[23.97233,50.77424],[23.97164,50.77715],[23.97012,50.77497],[23.96837,50.77518],[23.97037,50.7787],[23.96614,50.77803],[23.96324,50.78152],[23.9657,50.78225],[23.96829,50.78567],[23.96548,50.78882],[23.96453,50.78613],[23.96307,50.78625],[23.96247,50.78857],[23.9652,50.78986],[23.96023,50.7911],[23.95724,50.79468],[23.96307,50.79862],[23.96667,50.8099],[23.96881,50.81168],[23.96324,50.81416],[23.967,50.81624],[23.97049,50.81606],[23.96837,50.81928],[23.97442,50.81705],[23.97234,50.82026],[23.97521,50.82248],[23.97523,50.82586],[23.97735,50.82698],[23.97951,50.82424],[23.98038,50.82805],[23.98341,50.82668],[23.98096,50.8299],[23.98944,50.83741],[24.00634,50.84112],[24.00805,50.84098],[24.00899,50.83883],[24.01901,50.83864],[24.02009,50.84169],[24.02439,50.8406],[24.02679,50.83806],[24.02663,50.84127],[24.02983,50.84103],[24.03049,50.84001],[24.02857,50.83852],[24.03228,50.83575],[24.03393,50.83645],[24.03451,50.83953],[24.0473,50.83806],[24.03987,50.83648],[24.04381,50.83336],[24.04799,50.83577],[24.05293,50.8362],[24.05539,50.83418],[24.05976,50.83539],[24.0635,50.83399],[24.06445,50.83625],[24.07394,50.834],[24.07686,50.83549],[24.08107,50.83443],[24.08066,50.83668],[24.08526,50.83539],[24.10035,50.8359],[24.10063,50.83817],[24.11514,50.84144],[24.11778,50.84479],[24.12373,50.84499],[24.12418,50.84734],[24.13147,50.8487],[24.14323,50.85834],[24.14573,50.86905],[24.13883,50.8694],[24.13619,50.86669],[24.1258,50.86829],[24.12238,50.87186],[24.11605,50.86993],[24.1156,50.87295],[24.11237,50.87576],[24.09903,50.87693],[24.09514,50.88208],[24.09133,50.88349],[24.08634,50.88901],[24.08241,50.88703],[24.08008,50.88948],[24.07298,50.89096],[24.0597,50.89235],[24.0559,50.8907],[24.05238,50.8913],[24.04991,50.8943],[24.05205,50.89639],[24.04726,50.9007],[24.03884,50.9038],[24.03416,50.90918],[24.02422,50.9161],[24.01099,50.91989],[24.00629,50.92521],[23.99766,50.92803],[23.99383,50.93757],[23.98869,50.94454],[23.98169,50.94645],[23.97926,50.94882],[23.97633,50.94606],[23.9743,50.94952],[23.97028,50.95049],[23.96819,50.9573],[23.97067,50.95939],[23.96744,50.96643],[23.96689,50.97848],[23.95716,50.99008],[23.95122,50.99488],[23.94737,50.9948],[23.93842,51.00303],[23.92967,51.00584],[23.9186,51.00571],[23.9149,51.00701],[23.91835,51.00951],[23.9148,51.00991],[23.91552,51.01211],[23.92224,51.00957],[23.92199,51.01281],[23.92548,51.01243],[23.92594,51.01494],[23.92838,51.01367],[23.93301,51.01429],[23.93424,51.01266],[23.93571,51.0146],[23.93055,51.01713],[23.92281,51.01659],[23.92354,51.01887],[23.92647,51.01859],[23.92718,51.02012],[23.9182,51.02526],[23.9215,51.02667],[23.91601,51.02783],[23.91673,51.03055],[23.92002,51.03104],[23.92333,51.03447],[23.93141,51.03777],[23.92968,51.03847],[23.93062,51.04076],[23.93797,51.039],[23.95532,51.04323]]]}},{"type":"Feature","properties":{},"geometry":{"type":"Polygon","coordinates":[[[25.07725,51.40739],[25.07678,51.4178],[25.06825,51.41774],[25.06221,51.41411],[25.05759,51.41475],[25.0585,51.42121],[25.06183,51.4234],[25.06177,51.42974],[25.06541,51.43065],[25.06362,51.43364],[25.06644,51.43739],[25.04936,51.44855],[25.04916,51.45102],[25.04196,51.45524],[25.04192,51.45692],[25.04619,51.45764],[25.04647,51.46137],[25.04766,51.4615],[25.04606,51.48007],[25.02275,51.47928],[25.02752,51.48779],[25.00916,51.48818],[25.0108,51.52339],[25.00334,51.5273],[25.01307,51.53716],[24.98774,51.54971],[24.98172,51.557],[24.9682,51.5639],[24.96961,51.56574],[24.96853,51.56893],[24.9552,51.57278],[24.95374,51.5768],[24.94005,51.57633],[24.94106,51.57966],[24.9373,51.58206],[24.93825,51.58285],[24.934,51.58437],[24.9305,51.58304],[24.92141,51.58974],[24.90095,51.58477],[24.86514,51.58433],[24.86239,51.57879],[24.85742,51.57844],[24.85984,51.56862],[24.81785,51.56474],[24.81277,51.56215],[24.81001,51.56402],[24.78572,51.56174],[24.78642,51.56024],[24.78381,51.55943],[24.77909,51.56703],[24.77543,51.56686],[24.77638,51.56926],[24.7748,51.57197],[24.77663,51.57374],[24.77366,51.57986],[24.77754,51.58192],[24.77503,51.58375],[24.77153,51.59067],[24.77411,51.59321],[24.773,51.59432],[24.77464,51.5947],[24.77484,51.59728],[24.76938,51.60155],[24.7679,51.60816],[24.76404,51.60947],[24.74683,51.60941],[24.70494,51.6059],[24.6855,51.60651],[24.67333,51.60297],[24.65461,51.60309],[24.64453,51.60518],[24.64005,51.60841],[24.63918,51.61454],[24.64628,51.61874],[24.66989,51.61302],[24.67659,51.61549],[24.67716,51.62005],[24.68077,51.622],[24.6739,51.62697],[24.67428,51.63255],[24.6819,51.63264],[24.68512,51.63484],[24.68315,51.63656],[24.68898,51.63944],[24.68828,51.64064],[24.67948,51.64015],[24.67268,51.63811],[24.6688,51.63871],[24.66743,51.64088],[24.68444,51.64876],[24.6877,51.65207],[24.6914,51.66035],[24.69736,51.66319],[24.7,51.66637],[24.70019,51.67484],[24.6975,51.67678],[24.69118,51.68965],[24.69128,51.69222],[24.68946,51.69332],[24.69296,51.69755],[24.6861,51.70053],[24.69888,51.70871],[24.67371,51.72054],[24.67243,51.72378],[24.67856,51.72523],[24.68272,51.73017],[24.69076,51.72998],[24.70122,51.72668],[24.70252,51.72149],[24.70825,51.71729],[24.70966,51.71033],[24.71194,51.70842],[24.72146,51.71525],[24.72493,51.73681],[24.73158,51.74675],[24.72911,51.75182],[24.72274,51.75674],[24.76043,51.77145],[24.79051,51.77829],[24.80404,51.77164],[24.8159,51.77494],[24.81554,51.78671],[24.82657,51.79865],[24.83674,51.80555],[24.83663,51.80998],[24.84497,51.82599],[24.84789,51.82538],[24.84781,51.82306],[24.85959,51.82324],[24.86032,51.81754],[24.88982,51.81083],[24.89868,51.81562],[24.90575,51.81724],[24.90857,51.82286],[24.91816,51.82682],[24.9259,51.83584],[24.93051,51.83739],[24.9327,51.83532],[24.94345,51.84216],[24.94693,51.84233],[24.93228,51.84628],[24.93789,51.85744],[24.93704,51.86893],[24.91833,51.86986],[24.90873,51.87281],[24.90971,51.87722],[24.91298,51.8787],[24.9178,51.87758],[24.92654,51.88037],[24.93528,51.88089],[24.93167,51.89695],[24.95483,51.89617],[24.96208,51.89774],[24.96438,51.89566],[24.97459,51.89586],[24.98218,51.89116],[25.00379,51.89748],[25.00543,51.88095],[25.02717,51.87525],[25.02813,51.86688],[25.05795,51.86855],[25.08377,51.86523],[25.0956,51.85885],[25.16374,51.86179],[25.16659,51.85146],[25.14555,51.84784],[25.143,51.84433],[25.14518,51.84204],[25.14454,51.83599],[25.15168,51.81804],[25.14685,51.81533],[25.14037,51.80686],[25.12983,51.79985],[25.12913,51.79678],[25.11969,51.79013],[25.11711,51.79122],[25.10424,51.7761],[25.10886,51.77472],[25.10559,51.77101],[25.10515,51.72657],[25.12429,51.72258],[25.12709,51.71965],[25.13186,51.7206],[25.15599,51.71239],[25.15861,51.71289],[25.1583,51.71083],[25.16108,51.71129],[25.1616,51.70968],[25.17627,51.70664],[25.17584,51.70379],[25.16197,51.69256],[25.16002,51.68921],[25.16598,51.69123],[25.17689,51.69202],[25.17998,51.6952],[25.19037,51.69968],[25.19187,51.70894],[25.20052,51.7153],[25.20058,51.71784],[25.20466,51.71825],[25.2124,51.73118],[25.25036,51.7166],[25.25384,51.71686],[25.25638,51.71186],[25.27022,51.71428],[25.26842,51.71785],[25.28491,51.72023],[25.29216,51.71751],[25.29452,51.72184],[25.30637,51.71986],[25.30677,51.71723],[25.33359,51.70975],[25.33491,51.71185],[25.34841,51.70813],[25.33626,51.68423],[25.34301,51.67057],[25.34614,51.67298],[25.35316,51.66805],[25.3363,51.65332],[25.33901,51.64069],[25.32279,51.64431],[25.3216,51.65152],[25.30825,51.6593],[25.30778,51.6582],[25.29198,51.65746],[25.29076,51.65474],[25.28503,51.65361],[25.28221,51.64339],[25.27406,51.62778],[25.2794,51.61324],[25.27441,51.60746],[25.27953,51.6035],[25.28242,51.60423],[25.2683,51.57328],[25.35728,51.55184],[25.35438,51.54869],[25.35891,51.54739],[25.35882,51.54575],[25.35604,51.54168],[25.35173,51.52001],[25.36698,51.51768],[25.38112,51.50955],[25.38663,51.50895],[25.38855,51.50267],[25.40087,51.49409],[25.40145,51.48941],[25.38535,51.48305],[25.36537,51.47927],[25.35539,51.47481],[25.34827,51.47932],[25.33364,51.47577],[25.32423,51.48222],[25.32121,51.48265],[25.2998,51.47942],[25.29395,51.48067],[25.28478,51.47825],[25.26943,51.48082],[25.26875,51.47917],[25.25572,51.4761],[25.25376,51.47086],[25.24883,51.467],[25.25091,51.46428],[25.24694,51.46208],[25.24352,51.45637],[25.2383,51.45237],[25.25647,51.44627],[25.25879,51.4533],[25.27143,51.45212],[25.27949,51.44466],[25.28606,51.4423],[25.2895,51.43919],[25.28952,51.43452],[25.28774,51.43317],[25.29106,51.43069],[25.28357,51.42308],[25.26343,51.42435],[25.26176,51.4052],[25.24748,51.40532],[25.24613,51.39635],[25.23578,51.39899],[25.21472,51.39927],[25.21679,51.39555],[25.21486,51.39359],[25.21122,51.39352],[25.20026,51.38677],[25.12408,51.38937],[25.12322,51.39894],[25.09338,51.39837],[25.09267,51.40779],[25.07725,51.40739]]]}},{"type":"Feature","properties":{},"geometry":{"type":"Polygon","coordinates":[[[25.22584,51.96091],[25.23428,51.96138],[25.24478,51.96675],[25.25742,51.9687],[25.26422,51.96805],[25.27113,51.96329],[25.28917,51.95935],[25.29091,51.95567],[25.30295,51.9538],[25.30972,51.94896],[25.31942,51.94493],[25.32066,51.9408],[25.32553,51.939],[25.33455,51.9389],[25.34012,51.93322],[25.3483,51.93176],[25.35886,51.93436],[25.36389,51.93398],[25.37141,51.92787],[25.37646,51.92637],[25.39661,51.92666],[25.40569,51.92526],[25.40996,51.9217],[25.4807,51.92068],[25.48507,51.92388],[25.48626,51.92932],[25.4887,51.93005],[25.50145,51.92739],[25.50986,51.92116],[25.51781,51.92661],[25.52715,51.94023],[25.5927,51.92439],[25.59659,51.91788],[25.59462,51.91491],[25.60056,51.91485],[25.62045,51.90572],[25.62806,51.90472],[25.62828,51.90335],[25.67739,51.90175],[25.7086,51.89453],[25.68864,51.8813],[25.66747,51.87394],[25.66194,51.86914],[25.6551,51.85942],[25.64973,51.85555],[25.64929,51.85211],[25.64533,51.85277],[25.64012,51.84884],[25.63954,51.84368],[25.64086,51.84151],[25.63902,51.8368],[25.64533,51.82875],[25.64898,51.82882],[25.64921,51.82381],[25.64747,51.8221],[25.64799,51.81955],[25.65024,51.81917],[25.64809,51.81604],[25.64353,51.81732],[25.64243,51.81532],[25.63649,51.81414],[25.63449,51.81222],[25.63667,51.80789],[25.63203,51.80697],[25.63155,51.80404],[25.64399,51.79778],[25.64733,51.79096],[25.65338,51.79041],[25.65939,51.78359],[25.65503,51.78113],[25.64972,51.76677],[25.65324,51.76653],[25.65607,51.76395],[25.65921,51.76462],[25.67033,51.77206],[25.68267,51.7559],[25.67527,51.74485],[25.67499,51.7409],[25.66167,51.73046],[25.66596,51.72447],[25.66567,51.72],[25.64825,51.70815],[25.65116,51.70397],[25.64979,51.70009],[25.65081,51.69741],[25.64909,51.69414],[25.64574,51.69147],[25.63634,51.68868],[25.63844,51.68252],[25.64094,51.68137],[25.63689,51.67832],[25.6347,51.67402],[25.62584,51.67195],[25.62689,51.66546],[25.61855,51.65798],[25.61869,51.65386],[25.61272,51.64833],[25.60851,51.64121],[25.58861,51.64456],[25.57757,51.62471],[25.56677,51.6264],[25.5677,51.63275],[25.53006,51.63103],[25.53201,51.61394],[25.54344,51.61639],[25.54171,51.6195],[25.55525,51.62434],[25.5642,51.60291],[25.5792,51.60876],[25.58233,51.60483],[25.58592,51.59192],[25.59439,51.5872],[25.59876,51.58083],[25.59765,51.57636],[25.59117,51.57005],[25.59614,51.56669],[25.59599,51.56219],[25.58829,51.56053],[25.58673,51.563],[25.5807,51.56312],[25.58019,51.56752],[25.56242,51.58002],[25.53754,51.57142],[25.53263,51.56861],[25.5312,51.56414],[25.52573,51.56095],[25.52592,51.55941],[25.50933,51.56583],[25.50123,51.56467],[25.49054,51.55452],[25.45965,51.53888],[25.45958,51.54122],[25.43913,51.54349],[25.42853,51.53801],[25.40444,51.54107],[25.39557,51.53912],[25.39088,51.55538],[25.39998,51.55185],[25.42284,51.54664],[25.44493,51.56881],[25.45814,51.57552],[25.46331,51.59121],[25.46642,51.59478],[25.44138,51.59168],[25.43811,51.6061],[25.42503,51.60979],[25.43155,51.61881],[25.42475,51.61952],[25.39445,51.63151],[25.3932,51.63711],[25.39051,51.63691],[25.392,51.63238],[25.38144,51.63422],[25.3647,51.63155],[25.3535,51.63237],[25.34566,51.6357],[25.3431,51.63972],[25.33901,51.64069],[25.3363,51.65332],[25.35316,51.66805],[25.34614,51.67298],[25.34301,51.67057],[25.33626,51.68423],[25.34841,51.70813],[25.33491,51.71185],[25.33359,51.70975],[25.30677,51.71723],[25.30637,51.71986],[25.29452,51.72184],[25.29216,51.71751],[25.28491,51.72023],[25.26842,51.71785],[25.27022,51.71428],[25.25638,51.71186],[25.25384,51.71686],[25.25036,51.7166],[25.2124,51.73118],[25.20466,51.71825],[25.20058,51.71784],[25.20052,51.7153],[25.19187,51.70894],[25.19037,51.69968],[25.17998,51.6952],[25.17689,51.69202],[25.16598,51.69123],[25.16002,51.68921],[25.16197,51.69256],[25.17584,51.70379],[25.17627,51.70664],[25.1616,51.70968],[25.16108,51.71129],[25.1583,51.71083],[25.15861,51.71289],[25.15599,51.71239],[25.13186,51.7206],[25.12709,51.71965],[25.12429,51.72258],[25.10515,51.72657],[25.10559,51.77101],[25.10886,51.77472],[25.10424,51.7761],[25.11711,51.79122],[25.11969,51.79013],[25.12913,51.79678],[25.12983,51.79985],[25.14037,51.80686],[25.14685,51.81533],[25.15168,51.81804],[25.14454,51.83599],[25.14518,51.84204],[25.143,51.84433],[25.14555,51.84784],[25.16659,51.85146],[25.16374,51.86179],[25.0956,51.85885],[25.08377,51.86523],[25.05795,51.86855],[25.02813,51.86688],[25.02717,51.87525],[25.00543,51.88095],[25.00379,51.89748],[24.98218,51.89116],[24.97459,51.89586],[24.96438,51.89566],[24.96208,51.89774],[24.96616,51.89796],[24.99379,51.91182],[24.99468,51.91518],[25.0204,51.91902],[25.0575,51.93876],[25.06777,51.94114],[25.0798,51.94729],[25.09975,51.95346],[25.11715,51.95119],[25.14091,51.95337],[25.15582,51.95657],[25.16531,51.9631],[25.18025,51.9654],[25.19163,51.96918],[25.21356,51.96661],[25.22584,51.96091]]]}},{"type":"Feature","properties":{},"geometry":{"type":"Polygon","coordinates":[[[25.32121,51.48265],[25.33364,51.47577],[25.34827,51.47932],[25.35552,51.47489],[25.33668,51.46396],[25.35474,51.44167],[25.37633,51.43679],[25.44424,51.42932],[25.44589,51.42619],[25.44831,51.42623],[25.43474,51.40261],[25.41406,51.40074],[25.40712,51.3852],[25.40854,51.36749],[25.39971,51.36606],[25.41187,51.35915],[25.41032,51.35724],[25.41744,51.35606],[25.41905,51.35759],[25.43287,51.36016],[25.43274,51.35724],[25.44,51.35755],[25.44165,51.33997],[25.44302,51.33862],[25.45535,51.33885],[25.45599,51.32876],[25.46606,51.32632],[25.52958,51.33198],[25.52954,51.32847],[25.53191,51.32891],[25.53373,51.32593],[25.53797,51.32789],[25.57192,51.33066],[25.57255,51.30403],[25.57625,51.30393],[25.58213,51.31739],[25.58714,51.32241],[25.60311,51.32528],[25.63986,51.32599],[25.63926,51.32971],[25.64553,51.33564],[25.64961,51.34276],[25.64677,51.35402],[25.65173,51.36234],[25.65419,51.3628],[25.65561,51.3697],[25.66072,51.36925],[25.6664,51.37371],[25.70103,51.37658],[25.70256,51.38022],[25.71132,51.38201],[25.71987,51.37964],[25.72479,51.38043],[25.72351,51.38455],[25.71731,51.38884],[25.7264,51.3966],[25.72486,51.40014],[25.75983,51.40038],[25.75529,51.38118],[25.78116,51.37428],[25.78896,51.37873],[25.80712,51.37464],[25.83111,51.38715],[25.84383,51.37575],[25.84069,51.37307],[25.83667,51.37444],[25.83663,51.37245],[25.83098,51.37181],[25.8244,51.36584],[25.83546,51.36257],[25.83245,51.35819],[25.83269,51.35355],[25.8239,51.34963],[25.82116,51.34572],[25.82306,51.34312],[25.82925,51.34306],[25.82986,51.33361],[25.83385,51.33278],[25.83298,51.33022],[25.83879,51.32811],[25.8476,51.31992],[25.85393,51.32069],[25.85503,51.31934],[25.85775,51.32056],[25.85862,51.31986],[25.8567,51.31842],[25.86482,51.31769],[25.86423,51.31546],[25.86896,51.31818],[25.86936,51.31612],[25.87661,51.31417],[25.87334,51.30926],[25.87823,51.30931],[25.87603,51.30601],[25.8835,51.30391],[25.88795,51.30536],[25.88814,51.30408],[25.88494,51.30287],[25.88795,51.30269],[25.88456,51.30108],[25.88825,51.30099],[25.88643,51.29869],[25.88894,51.29775],[25.88815,51.29546],[25.89576,51.30086],[25.89878,51.30034],[25.89897,51.29529],[25.89321,51.29125],[25.89642,51.28993],[25.90268,51.29134],[25.90679,51.28865],[25.91575,51.28867],[25.91704,51.28661],[25.92089,51.2858],[25.91766,51.28479],[25.92079,51.28341],[25.92211,51.28006],[25.92643,51.27832],[25.9294,51.27891],[25.93084,51.27676],[25.93818,51.27785],[25.93317,51.27448],[25.93794,51.27197],[25.93424,51.27275],[25.93055,51.26982],[25.9328,51.27107],[25.93619,51.26918],[25.9359,51.26685],[25.93298,51.26712],[25.93757,51.264],[25.93524,51.26204],[25.93124,51.26334],[25.93447,51.25571],[25.93812,51.25814],[25.94217,51.2519],[25.94717,51.25075],[25.94749,51.24764],[25.94463,51.24483],[25.94744,51.24389],[25.94459,51.24143],[25.94691,51.23963],[25.94433,51.23686],[25.94605,51.23256],[25.9492,51.23189],[25.91,51.21851],[25.88945,51.21748],[25.8803,51.21245],[25.8754,51.20649],[25.85464,51.2044],[25.83511,51.19524],[25.83009,51.19624],[25.81571,51.19021],[25.80457,51.19313],[25.79588,51.19235],[25.79222,51.19158],[25.79344,51.18988],[25.78607,51.18914],[25.78514,51.18727],[25.78286,51.18924],[25.78348,51.19048],[25.78161,51.19029],[25.77608,51.18409],[25.77442,51.18476],[25.77385,51.1835],[25.77716,51.18101],[25.77143,51.17835],[25.77525,51.17777],[25.77363,51.17462],[25.77472,51.17258],[25.77884,51.17287],[25.78203,51.16989],[25.77999,51.1689],[25.78137,51.16804],[25.78078,51.16656],[25.77911,51.1664],[25.77911,51.15888],[25.77694,51.15609],[25.77942,51.15596],[25.77998,51.15342],[25.7781,51.15173],[25.7812,51.15297],[25.78327,51.15099],[25.78653,51.15082],[25.78313,51.14899],[25.78861,51.14807],[25.78617,51.14406],[25.78358,51.14415],[25.78357,51.1413],[25.78029,51.14032],[25.75503,51.14541],[25.65823,51.15903],[25.65872,51.15538],[25.65156,51.15367],[25.646,51.15031],[25.64218,51.15262],[25.64295,51.15733],[25.64038,51.15923],[25.58778,51.15802],[25.58066,51.15962],[25.56818,51.1539],[25.56463,51.15767],[25.54101,51.15812],[25.5408,51.15461],[25.53016,51.1546],[25.53242,51.15176],[25.50505,51.14735],[25.49858,51.15188],[25.48462,51.14946],[25.48433,51.15877],[25.45716,51.15793],[25.429,51.13162],[25.4108,51.12885],[25.41213,51.13216],[25.38448,51.14016],[25.37024,51.14719],[25.36373,51.15241],[25.37685,51.15556],[25.37719,51.15793],[25.37267,51.15923],[25.37109,51.15831],[25.35915,51.16319],[25.35286,51.16163],[25.34419,51.16342],[25.34151,51.16512],[25.34344,51.16891],[25.33739,51.16692],[25.33528,51.1638],[25.33107,51.16598],[25.32835,51.17056],[25.33024,51.17254],[25.33391,51.17302],[25.33564,51.17888],[25.32419,51.18194],[25.32076,51.18071],[25.30941,51.18485],[25.30614,51.18418],[25.30407,51.19509],[25.31084,51.19531],[25.31018,51.19799],[25.29608,51.19913],[25.29224,51.1979],[25.28367,51.20729],[25.28207,51.21153],[25.27493,51.20932],[25.26653,51.21024],[25.27263,51.2126],[25.27359,51.21465],[25.28553,51.2176],[25.31034,51.21925],[25.33755,51.21727],[25.33186,51.2307],[25.32693,51.25014],[25.31749,51.25425],[25.31215,51.2495],[25.29261,51.25479],[25.2883,51.24749],[25.28309,51.24869],[25.27973,51.24625],[25.27844,51.24709],[25.28045,51.24816],[25.27509,51.25119],[25.27081,51.25887],[25.27176,51.26362],[25.27039,51.26707],[25.25874,51.28553],[25.20589,51.28273],[25.20148,51.28445],[25.20035,51.2864],[25.20144,51.28817],[25.19749,51.29272],[25.19768,51.29484],[25.19193,51.30271],[25.18876,51.30574],[25.18671,51.3057],[25.18573,51.3106],[25.18228,51.3138],[25.18411,51.31799],[25.1791,51.31847],[25.17687,51.32042],[25.17278,51.32714],[25.17506,51.33141],[25.17136,51.33277],[25.17314,51.3345],[25.17333,51.33749],[25.17205,51.33823],[25.17404,51.34103],[25.17331,51.34364],[25.18045,51.35481],[25.17813,51.35592],[25.18006,51.36217],[25.19058,51.37162],[25.19384,51.37975],[25.19789,51.37963],[25.20198,51.38602],[25.20026,51.38677],[25.20483,51.39034],[25.21122,51.39352],[25.21486,51.39359],[25.21679,51.39555],[25.21472,51.39927],[25.23578,51.39899],[25.24613,51.39635],[25.24748,51.40532],[25.26176,51.4052],[25.26343,51.42435],[25.28357,51.42308],[25.29106,51.43069],[25.28774,51.43317],[25.28952,51.43452],[25.2895,51.43919],[25.28606,51.4423],[25.27949,51.44466],[25.27143,51.45212],[25.25879,51.4533],[25.25647,51.44627],[25.2383,51.45237],[25.24352,51.45637],[25.24694,51.46208],[25.25091,51.46428],[25.24883,51.467],[25.25376,51.47086],[25.25572,51.4761],[25.26875,51.47917],[25.26943,51.48082],[25.28478,51.47825],[25.29395,51.48067],[25.2998,51.47942],[25.32121,51.48265]]]}},{"type":"Feature","properties":{},"geometry":{"type":"Polygon","coordinates":[[[25.30825,51.6593],[25.3216,51.65152],[25.32279,51.64431],[25.3431,51.63972],[25.34566,51.6357],[25.3535,51.63237],[25.3647,51.63155],[25.38144,51.63422],[25.392,51.63238],[25.39051,51.63691],[25.3932,51.63711],[25.39445,51.63151],[25.42475,51.61952],[25.43155,51.61881],[25.42503,51.60979],[25.43811,51.6061],[25.44138,51.59168],[25.46642,51.59478],[25.46331,51.59121],[25.45814,51.57552],[25.44493,51.56881],[25.42284,51.54664],[25.39998,51.55185],[25.39088,51.55538],[25.39557,51.53912],[25.40444,51.54107],[25.42853,51.53801],[25.43913,51.54349],[25.45958,51.54122],[25.45965,51.53888],[25.49054,51.55452],[25.50123,51.56467],[25.50933,51.56583],[25.52592,51.55941],[25.52573,51.56095],[25.5312,51.56414],[25.53263,51.56861],[25.53754,51.57142],[25.56242,51.58002],[25.58019,51.56752],[25.5807,51.56312],[25.58673,51.563],[25.58829,51.56053],[25.58212,51.5592],[25.57439,51.555],[25.5654,51.53968],[25.57051,51.53332],[25.58181,51.53271],[25.59511,51.52705],[25.59543,51.52463],[25.55011,51.51931],[25.55549,51.50061],[25.59029,51.50451],[25.59383,51.50701],[25.5948,51.50459],[25.61022,51.50698],[25.60216,51.49314],[25.62391,51.49514],[25.61811,51.47722],[25.64147,51.47868],[25.6424,51.44472],[25.63633,51.43912],[25.64669,51.41672],[25.65625,51.41846],[25.65849,51.41446],[25.67158,51.41664],[25.67681,51.41328],[25.67945,51.40894],[25.68757,51.40538],[25.68999,51.39314],[25.69936,51.39457],[25.70131,51.39022],[25.70089,51.38665],[25.70387,51.38382],[25.6914,51.38336],[25.69522,51.37568],[25.6664,51.37371],[25.66072,51.36925],[25.65561,51.3697],[25.65419,51.3628],[25.65173,51.36234],[25.64677,51.35402],[25.64961,51.34276],[25.64553,51.33564],[25.63926,51.32971],[25.63986,51.32599],[25.60311,51.32528],[25.58714,51.32241],[25.58213,51.31739],[25.57625,51.30393],[25.57255,51.30403],[25.57192,51.33066],[25.53797,51.32789],[25.53373,51.32593],[25.53191,51.32891],[25.52954,51.32847],[25.52958,51.33198],[25.46606,51.32632],[25.45599,51.32876],[25.45535,51.33885],[25.44302,51.33862],[25.44165,51.33997],[25.44,51.35755],[25.43274,51.35724],[25.43287,51.36016],[25.41905,51.35759],[25.41744,51.35606],[25.41032,51.35724],[25.41187,51.35915],[25.39971,51.36606],[25.40854,51.36749],[25.40712,51.3852],[25.41406,51.40074],[25.43474,51.40261],[25.44831,51.42623],[25.44589,51.42619],[25.44424,51.42932],[25.37633,51.43679],[25.35474,51.44167],[25.33668,51.46396],[25.36537,51.47927],[25.38535,51.48305],[25.39653,51.48693],[25.40145,51.48941],[25.40087,51.49409],[25.38855,51.50267],[25.38663,51.50895],[25.38112,51.50955],[25.36698,51.51768],[25.35173,51.52001],[25.35604,51.54168],[25.35882,51.54575],[25.35891,51.54739],[25.35438,51.54869],[25.35728,51.55184],[25.2683,51.57328],[25.28242,51.60423],[25.27953,51.6035],[25.27441,51.60746],[25.2794,51.61324],[25.27406,51.62778],[25.28221,51.64339],[25.28503,51.65361],[25.29076,51.65474],[25.29198,51.65746],[25.30778,51.6582],[25.30825,51.6593]]]}},{"type":"Feature","properties":{},"geometry":{"type":"Polygon","coordinates":[[[25.07725,51.40739],[25.09267,51.40779],[25.09338,51.39837],[25.12322,51.39894],[25.12408,51.38937],[25.20198,51.38602],[25.19789,51.37963],[25.10971,51.38046],[25.11028,51.37352],[25.08168,51.37228],[25.08158,51.3699],[25.05208,51.37037],[25.05179,51.362],[25.00796,51.36276],[25.00187,51.35905],[24.99421,51.35738],[24.98364,51.35816],[24.97254,51.35595],[24.97073,51.35244],[24.9665,51.35046],[24.92855,51.35269],[24.92617,51.35417],[24.92684,51.35502],[24.95149,51.36483],[24.9552,51.36873],[24.9568,51.37482],[24.919,51.37496],[24.89874,51.37859],[24.89465,51.38464],[24.88972,51.38663],[24.89407,51.38852],[24.8895,51.39431],[24.88535,51.39631],[24.88064,51.40336],[24.87138,51.40346],[24.84538,51.4123],[24.83771,51.41085],[24.83462,51.41182],[24.83312,51.41553],[24.83001,51.41727],[24.8343,51.42504],[24.82696,51.43281],[24.82445,51.4316],[24.80504,51.4332],[24.79333,51.43601],[24.78482,51.43531],[24.78181,51.43913],[24.77314,51.44061],[24.76466,51.44447],[24.75927,51.44986],[24.75511,51.45131],[24.7595,51.45846],[24.76518,51.46084],[24.76105,51.46491],[24.7627,51.46736],[24.76192,51.46881],[24.75628,51.47334],[24.75724,51.47708],[24.75503,51.48229],[24.75278,51.48331],[24.75223,51.48693],[24.75787,51.48867],[24.75564,51.49151],[24.75661,51.49287],[24.76079,51.49346],[24.76242,51.49865],[24.76078,51.50066],[24.76312,51.50159],[24.76179,51.50282],[24.76824,51.5212],[24.77425,51.52344],[24.77277,51.52477],[24.77394,51.52589],[24.77746,51.52598],[24.78044,51.53106],[24.78439,51.53215],[24.78388,51.53663],[24.78142,51.53662],[24.77964,51.53872],[24.77993,51.54073],[24.78253,51.54212],[24.77962,51.54464],[24.7777,51.54441],[24.77489,51.55252],[24.7738,51.55247],[24.77348,51.55527],[24.77744,51.56346],[24.77536,51.56351],[24.77555,51.56562],[24.77909,51.56703],[24.78381,51.55943],[24.78642,51.56024],[24.78572,51.56174],[24.81001,51.56402],[24.81277,51.56215],[24.81785,51.56474],[24.85984,51.56862],[24.85742,51.57844],[24.86239,51.57879],[24.86514,51.58433],[24.90095,51.58477],[24.92141,51.58974],[24.9305,51.58304],[24.934,51.58437],[24.93825,51.58285],[24.9373,51.58206],[24.94106,51.57966],[24.94005,51.57633],[24.95374,51.5768],[24.9552,51.57278],[24.96853,51.56893],[24.96961,51.56574],[24.9682,51.5639],[24.98172,51.557],[24.98774,51.54971],[25.01307,51.53716],[25.00334,51.5273],[25.0108,51.52339],[25.00916,51.48818],[25.02752,51.48779],[25.02275,51.47928],[25.04606,51.48007],[25.04766,51.4615],[25.04647,51.46137],[25.04619,51.45764],[25.04192,51.45692],[25.04196,51.45524],[25.04916,51.45102],[25.04936,51.44855],[25.06644,51.43739],[25.06362,51.43364],[25.06541,51.43065],[25.06177,51.42974],[25.06183,51.4234],[25.0585,51.42121],[25.05759,51.41475],[25.06221,51.41411],[25.06825,51.41774],[25.07678,51.4178],[25.07725,51.40739]]]}},{"type":"Feature","properties":{},"geometry":{"type":"Polygon","coordinates":[[[24.65461,51.60309],[24.67333,51.60297],[24.6855,51.60651],[24.70494,51.6059],[24.72831,51.60883],[24.76404,51.60947],[24.7679,51.60816],[24.76938,51.60155],[24.77484,51.59728],[24.77464,51.5947],[24.773,51.59432],[24.77411,51.59321],[24.77153,51.59067],[24.77503,51.58375],[24.77754,51.58192],[24.77366,51.57986],[24.77663,51.57374],[24.7748,51.57197],[24.77638,51.56926],[24.77536,51.56351],[24.77744,51.56346],[24.77348,51.55527],[24.7738,51.55247],[24.77489,51.55252],[24.7777,51.54441],[24.77962,51.54464],[24.78253,51.54212],[24.77993,51.54073],[24.77964,51.53872],[24.78142,51.53662],[24.78388,51.53663],[24.78439,51.53215],[24.78044,51.53106],[24.77746,51.52598],[24.77394,51.52589],[24.77277,51.52477],[24.77425,51.52344],[24.76824,51.5212],[24.76622,51.51811],[24.76385,51.50574],[24.76179,51.50282],[24.76312,51.50159],[24.76078,51.50066],[24.76242,51.49865],[24.76055,51.4931],[24.75661,51.49287],[24.75835,51.49553],[24.71217,51.50907],[24.71182,51.51942],[24.66951,51.51783],[24.67435,51.51572],[24.67511,51.51321],[24.68492,51.51041],[24.68372,51.50246],[24.68059,51.49911],[24.65369,51.49798],[24.63548,51.51927],[24.63184,51.51688],[24.62576,51.52322],[24.62928,51.52839],[24.61868,51.53488],[24.63243,51.54825],[24.64175,51.54762],[24.6413,51.55874],[24.62596,51.55907],[24.62518,51.5691],[24.62,51.56914],[24.61911,51.5771],[24.6283,51.58768],[24.63756,51.58813],[24.63551,51.60278],[24.63782,51.6002],[24.64453,51.60518],[24.65461,51.60309]]]}},{"type":"Feature","properties":{},"geometry":{"type":"Polygon","coordinates":[[[25.15871,51.21092],[25.15703,51.20471],[25.15841,51.20152],[25.16357,51.1982],[25.16461,51.19134],[25.17364,51.18984],[25.18047,51.19187],[25.18665,51.19056],[25.19412,51.19551],[25.20677,51.19951],[25.21161,51.20354],[25.21927,51.20026],[25.22272,51.2033],[25.23738,51.20886],[25.23719,51.21096],[25.24352,51.21239],[25.24861,51.21248],[25.24908,51.2101],[25.25203,51.20982],[25.25299,51.20796],[25.26046,51.20744],[25.26517,51.21077],[25.27493,51.20932],[25.28207,51.21153],[25.28367,51.20729],[25.29224,51.1979],[25.29608,51.19913],[25.31018,51.19799],[25.31084,51.19531],[25.30407,51.19509],[25.30614,51.18418],[25.30941,51.18485],[25.32076,51.18071],[25.32419,51.18194],[25.33564,51.17888],[25.33391,51.17302],[25.33024,51.17254],[25.32835,51.17056],[25.32907,51.16771],[25.33285,51.16485],[25.33528,51.1638],[25.33739,51.16692],[25.34344,51.16891],[25.34151,51.16512],[25.34419,51.16342],[25.35286,51.16163],[25.35915,51.16319],[25.37109,51.15831],[25.37267,51.15923],[25.37719,51.15793],[25.37685,51.15556],[25.36373,51.15241],[25.37024,51.14719],[25.38448,51.14016],[25.41213,51.13216],[25.4108,51.12885],[25.40337,51.12637],[25.40133,51.12708],[25.3956,51.12364],[25.38516,51.12239],[25.35625,51.11384],[25.33297,51.11148],[25.32791,51.1179],[25.31777,51.12078],[25.32031,51.12447],[25.32021,51.12704],[25.29474,51.12838],[25.2926,51.11885],[25.26582,51.12422],[25.26399,51.11944],[25.25549,51.12114],[25.24985,51.10428],[25.24301,51.09703],[25.24544,51.08356],[25.24917,51.07966],[25.24333,51.07648],[25.24233,51.07413],[25.23843,51.07387],[25.23586,51.07129],[25.22734,51.07035],[25.2266,51.06831],[25.21724,51.0656],[25.21462,51.06305],[25.20533,51.07128],[25.19716,51.0707],[25.20025,51.07272],[25.19149,51.08027],[25.19635,51.08222],[25.19636,51.08359],[25.18967,51.0904],[25.19708,51.09299],[25.1877,51.09976],[25.17428,51.09478],[25.1641,51.10911],[25.15847,51.1096],[25.14385,51.12227],[25.13773,51.12306],[25.13726,51.12536],[25.10585,51.12609],[25.08828,51.13771],[25.06416,51.13706],[25.06077,51.14715],[25.05281,51.15209],[25.04799,51.18017],[25.04783,51.18529],[25.04935,51.18763],[25.05939,51.18335],[25.06533,51.1745],[25.07281,51.16901],[25.09211,51.17564],[25.09394,51.18381],[25.10302,51.19688],[25.10896,51.20099],[25.11119,51.20556],[25.11005,51.20642],[25.1252,51.21834],[25.13524,51.21835],[25.15616,51.21382],[25.15871,51.21092]]]}},{"type":"Feature","properties":{},"geometry":{"type":"Polygon","coordinates":[[[24.24865,51.25052],[24.26493,51.24581],[24.26689,51.25094],[24.28198,51.25136],[24.27956,51.24471],[24.29298,51.24365],[24.29269,51.24075],[24.29188,51.2379],[24.28142,51.23466],[24.28035,51.23101],[24.28198,51.22877],[24.28015,51.22175],[24.27422,51.21954],[24.26005,51.21959],[24.2597,51.20121],[24.24715,51.2022],[24.24836,51.19805],[24.24275,51.19362],[24.23722,51.19177],[24.23263,51.18535],[24.22592,51.1818],[24.2273,51.17991],[24.22465,51.1722],[24.22505,51.16221],[24.21573,51.14475],[24.21716,51.14281],[24.23491,51.14213],[24.24332,51.15029],[24.25674,51.14475],[24.26123,51.13911],[24.26113,51.13297],[24.26284,51.12962],[24.26247,51.12631],[24.25785,51.12011],[24.26613,51.11752],[24.26659,51.09566],[24.23848,51.09549],[24.23855,51.09273],[24.22819,51.09353],[24.21248,51.08982],[24.20374,51.09237],[24.20356,51.08851],[24.18847,51.08429],[24.17914,51.079],[24.16537,51.07557],[24.16068,51.0712],[24.16851,51.06364],[24.16315,51.06099],[24.16289,51.05904],[24.15532,51.05777],[24.15587,51.05252],[24.14004,51.04803],[24.13648,51.04896],[24.13791,51.05028],[24.12933,51.05322],[24.12519,51.05173],[24.11651,51.03472],[24.11328,51.03242],[24.11083,51.03281],[24.10833,51.02868],[24.09978,51.00946],[24.09623,51.01084],[24.07767,51.01001],[24.07239,51.01289],[24.04208,51.01435],[24.03808,51.01618],[24.03629,51.01899],[24.0292,51.02119],[24.02263,51.02198],[24.01109,51.02061],[24.00497,51.02331],[24.00546,51.02458],[23.98129,51.02116],[23.97638,51.02449],[23.97211,51.025],[23.96779,51.02931],[23.96469,51.0302],[23.96474,51.03323],[23.96194,51.03552],[23.9605,51.03974],[23.95532,51.04323],[23.93844,51.03904],[23.93111,51.04086],[23.92968,51.03847],[23.92164,51.03663],[23.92139,51.03903],[23.91526,51.03989],[23.91302,51.04245],[23.91769,51.04395],[23.91976,51.04684],[23.91366,51.04684],[23.916,51.04877],[23.91405,51.05262],[23.91287,51.06349],[23.90879,51.06422],[23.90898,51.06686],[23.9128,51.07039],[23.90998,51.07227],[23.91151,51.0745],[23.9088,51.07577],[23.90859,51.07773],[23.90515,51.07838],[23.90343,51.07407],[23.89806,51.07423],[23.89652,51.07687],[23.89243,51.07445],[23.89011,51.07921],[23.88645,51.07889],[23.8848,51.08232],[23.87941,51.08058],[23.87959,51.07741],[23.87565,51.07706],[23.87663,51.07917],[23.87311,51.0822],[23.87036,51.09021],[23.87142,51.0947],[23.86763,51.09356],[23.86714,51.09855],[23.8637,51.09934],[23.86094,51.09691],[23.85658,51.1],[23.86206,51.10353],[23.85756,51.10746],[23.86248,51.10798],[23.85788,51.10882],[23.8567,51.1107],[23.8624,51.11289],[23.85491,51.11443],[23.85718,51.11815],[23.85162,51.11823],[23.85307,51.12229],[23.84928,51.1239],[23.85329,51.12598],[23.85209,51.12793],[23.85396,51.13069],[23.85538,51.13025],[23.85513,51.12785],[23.86024,51.13121],[23.86159,51.13085],[23.86133,51.12748],[23.86964,51.12975],[23.86822,51.1311],[23.86993,51.13272],[23.86841,51.13541],[23.87027,51.14036],[23.86773,51.14208],[23.87128,51.14509],[23.86518,51.14744],[23.86921,51.15055],[23.86202,51.15167],[23.86311,51.15526],[23.86107,51.15788],[23.84945,51.15529],[23.84873,51.15757],[23.8511,51.15996],[23.84197,51.16062],[23.84427,51.16284],[23.84267,51.16448],[23.83734,51.15944],[23.83567,51.16374],[23.83337,51.16144],[23.82874,51.1623],[23.82831,51.16006],[23.82695,51.16325],[23.82409,51.16189],[23.82117,51.16537],[23.82252,51.16731],[23.82645,51.1667],[23.82338,51.16871],[23.83022,51.17292],[23.84703,51.18077],[23.85313,51.18702],[23.85299,51.19498],[23.8643,51.19755],[23.86554,51.20223],[23.89118,51.21135],[23.90533,51.2073],[23.90761,51.20849],[23.90861,51.20654],[23.91637,51.20516],[23.9266,51.20045],[23.93107,51.20193],[23.93301,51.20468],[23.93988,51.2013],[23.97134,51.20936],[24.01632,51.21322],[24.01572,51.21016],[24.01838,51.20483],[24.02229,51.20454],[24.02203,51.20212],[24.04463,51.20271],[24.04213,51.20593],[24.04967,51.20663],[24.0555,51.20423],[24.05558,51.20244],[24.06516,51.20237],[24.06674,51.20043],[24.08277,51.20147],[24.07861,51.19603],[24.07858,51.19266],[24.08322,51.19266],[24.08319,51.19782],[24.09749,51.19793],[24.10159,51.19966],[24.10217,51.20142],[24.09535,51.20339],[24.09158,51.20248],[24.0873,51.20436],[24.08896,51.20851],[24.09996,51.20672],[24.10875,51.21099],[24.15166,51.21248],[24.15644,51.20527],[24.18152,51.19883],[24.19874,51.20629],[24.19848,51.21502],[24.20564,51.21548],[24.20553,51.22914],[24.21807,51.23016],[24.23311,51.24092],[24.23715,51.24618],[24.24422,51.24962],[24.24865,51.25052]]]}},{"type":"Feature","properties":{},"geometry":{"type":"Polygon","coordinates":[[[24.97603,51.20991],[25.00297,51.21044],[25.00759,51.20035],[25.04935,51.18763],[25.04783,51.18529],[25.04799,51.18017],[25.05281,51.15209],[25.06077,51.14715],[25.06416,51.13706],[25.08828,51.13771],[25.10585,51.12609],[25.13726,51.12536],[25.13773,51.12306],[25.14385,51.12227],[25.15847,51.1096],[25.1641,51.10911],[25.17428,51.09478],[25.1877,51.09976],[25.19708,51.09299],[25.18967,51.0904],[25.19636,51.08359],[25.19635,51.08222],[25.19149,51.08027],[25.20025,51.07272],[25.19716,51.0707],[25.20533,51.07128],[25.21462,51.06305],[25.21337,51.05768],[25.21132,51.05648],[25.21119,51.05444],[25.20323,51.05212],[25.20063,51.04907],[25.1934,51.04604],[25.19355,51.04257],[25.19048,51.03874],[25.18832,51.03861],[25.18664,51.0459],[25.18389,51.04779],[25.17611,51.04784],[25.14079,51.04313],[25.13922,51.04025],[25.13881,51.03183],[25.12566,51.03233],[25.12159,51.02858],[25.09148,51.0285],[25.08809,51.03328],[25.07769,51.03237],[25.05432,51.02951],[25.02964,51.02421],[25.02199,51.02495],[25.0209,51.02194],[25.00265,51.01734],[24.99419,51.0216],[24.987,51.02002],[24.94781,51.01862],[24.91259,51.00856],[24.90409,50.99992],[24.84444,51.00103],[24.8515,51.02484],[24.8725,51.03698],[24.86453,51.04085],[24.86385,51.04438],[24.85662,51.04299],[24.85008,51.05223],[24.88333,51.05828],[24.87649,51.04549],[24.89895,51.04248],[24.92168,51.05201],[24.93917,51.04872],[24.95738,51.06118],[24.95816,51.06243],[24.94421,51.07282],[24.94678,51.07935],[24.94406,51.0791],[24.94538,51.08374],[24.92618,51.0913],[24.93007,51.10083],[24.92672,51.10694],[24.92689,51.10976],[24.90734,51.11971],[24.93193,51.12311],[24.92946,51.12878],[24.92376,51.13104],[24.92472,51.13403],[24.91853,51.13664],[24.92306,51.13997],[24.92336,51.14399],[24.90659,51.15044],[24.90947,51.15255],[24.90983,51.15662],[24.9159,51.15648],[24.92036,51.15987],[24.92135,51.15896],[24.92184,51.16788],[24.91629,51.1679],[24.91762,51.19028],[24.9264,51.19181],[24.9225,51.2068],[24.93496,51.20363],[24.9516,51.20687],[24.95573,51.20916],[24.96532,51.2089],[24.97176,51.21102],[24.97603,51.20991]]]}},{"type":"Feature","properties":{},"geometry":{"type":"Polygon","coordinates":[[[24.10824,51.48114],[24.11854,51.47229],[24.11307,51.46778],[24.10496,51.46823],[24.10347,51.4736],[24.09788,51.4716],[24.10033,51.46315],[24.09582,51.46247],[24.09816,51.45373],[24.13602,51.45764],[24.14443,51.42658],[24.15862,51.42787],[24.15774,51.43161],[24.15222,51.43117],[24.15154,51.43301],[24.15775,51.43357],[24.16264,51.43013],[24.16521,51.43028],[24.18242,51.39577],[24.20386,51.40346],[24.21271,51.3955],[24.21569,51.38968],[24.23687,51.3872],[24.25492,51.38744],[24.27099,51.38967],[24.28811,51.38874],[24.28235,51.3818],[24.27525,51.37977],[24.27139,51.37595],[24.2606,51.37746],[24.25177,51.37211],[24.23212,51.37425],[24.21939,51.3608],[24.23238,51.35732],[24.23635,51.36165],[24.24428,51.3624],[24.25425,51.36081],[24.25311,51.35671],[24.24768,51.35752],[24.2457,51.3555],[24.24471,51.34468],[24.26544,51.34347],[24.26278,51.33676],[24.2363,51.33309],[24.21055,51.34017],[24.20626,51.33506],[24.19975,51.30602],[24.19391,51.30818],[24.18269,51.30711],[24.17056,51.31038],[24.16725,51.30644],[24.14646,51.29982],[24.12973,51.29845],[24.10543,51.2923],[24.10365,51.29836],[24.09798,51.29816],[24.09032,51.30267],[24.07782,51.30502],[24.06366,51.30582],[24.06314,51.30456],[24.04424,51.30679],[24.04464,51.30987],[24.03767,51.31284],[24.03614,51.31878],[24.01742,51.32633],[23.98895,51.33298],[23.97892,51.33842],[23.97564,51.33684],[23.94092,51.34741],[23.9382,51.34737],[23.93553,51.34512],[23.93196,51.34569],[23.93199,51.34369],[23.90173,51.3413],[23.90319,51.33177],[23.88907,51.33057],[23.88777,51.33684],[23.88904,51.34048],[23.8848,51.34415],[23.8777,51.3448],[23.87564,51.3485],[23.87614,51.35005],[23.88189,51.35155],[23.88412,51.35671],[23.87387,51.3564],[23.87104,51.34919],[23.88043,51.33946],[23.85589,51.33756],[23.85756,51.32861],[23.84229,51.32732],[23.83699,51.35576],[23.82166,51.35461],[23.81967,51.36402],[23.80657,51.36307],[23.80426,51.37436],[23.82424,51.38285],[23.81959,51.38594],[23.8314,51.39224],[23.8249,51.3962],[23.82955,51.40114],[23.83311,51.40455],[23.86438,51.41974],[23.87271,51.41464],[23.86014,51.40779],[23.88139,51.39263],[23.89067,51.39276],[23.90143,51.37777],[23.92013,51.38501],[23.92908,51.38472],[23.92889,51.38584],[23.93402,51.38824],[23.93836,51.38809],[23.94482,51.3911],[23.94636,51.39357],[23.94568,51.3966],[23.95103,51.40448],[23.95601,51.40628],[23.95799,51.40979],[23.97072,51.41799],[23.97871,51.41994],[23.9799,51.42313],[23.98342,51.42203],[23.98461,51.41952],[23.97684,51.41471],[23.97967,51.41334],[23.97613,51.40826],[23.97786,51.40265],[23.98514,51.40468],[23.9889,51.4135],[24.00642,51.41706],[24.00811,51.41012],[24.01245,51.40939],[24.01346,51.40531],[24.027,51.40373],[24.0283,51.40226],[24.03154,51.4106],[24.02606,51.41761],[24.02577,51.44297],[24.03223,51.45262],[24.02354,51.45555],[24.03227,51.45951],[24.05688,51.46227],[24.06509,51.46843],[24.07381,51.47068],[24.07644,51.46745],[24.08622,51.47296],[24.09152,51.47305],[24.10053,51.47642],[24.10824,51.48114]]]}},{"type":"Feature","properties":{},"geometry":{"type":"Polygon","coordinates":[[[24.47412,51.62447],[24.50644,51.60389],[24.50918,51.60058],[24.50879,51.59401],[24.51231,51.58427],[24.5241,51.57511],[24.52074,51.56164],[24.5277,51.55667],[24.52987,51.54822],[24.51464,51.53739],[24.50816,51.52638],[24.5109,51.52111],[24.50956,51.51898],[24.49033,51.51178],[24.47765,51.51104],[24.467,51.51615],[24.45838,51.51123],[24.44402,51.5092],[24.43535,51.5141],[24.42775,51.50965],[24.40934,51.50664],[24.40679,51.50541],[24.3923,51.47436],[24.38073,51.46979],[24.37136,51.46896],[24.36897,51.47801],[24.36999,51.47811],[24.35802,51.48335],[24.35481,51.48962],[24.34897,51.49229],[24.32852,51.49584],[24.32183,51.48188],[24.31567,51.47662],[24.28349,51.4695],[24.26194,51.46992],[24.25712,51.47317],[24.25612,51.47264],[24.26422,51.46036],[24.25213,51.45609],[24.24582,51.45621],[24.24752,51.44986],[24.21742,51.44683],[24.2184,51.44269],[24.20474,51.43501],[24.1892,51.43352],[24.18683,51.44231],[24.18539,51.44306],[24.14133,51.43845],[24.1342,51.46396],[24.14242,51.47016],[24.1403,51.47407],[24.14812,51.4831],[24.15521,51.48208],[24.15636,51.48379],[24.13377,51.52511],[24.13423,51.52842],[24.13681,51.5292],[24.14148,51.54063],[24.12025,51.54566],[24.13042,51.56286],[24.15329,51.55504],[24.18053,51.56223],[24.19036,51.56294],[24.19404,51.56528],[24.23859,51.57311],[24.26083,51.57495],[24.2638,51.57894],[24.27249,51.57986],[24.27611,51.57917],[24.27495,51.57358],[24.2842,51.57352],[24.28605,51.56992],[24.2881,51.57025],[24.28905,51.56867],[24.29368,51.56932],[24.29455,51.56683],[24.33307,51.57625],[24.34824,51.57821],[24.39868,51.59935],[24.40279,51.60013],[24.40593,51.59181],[24.42618,51.60263],[24.42915,51.60069],[24.44473,51.60987],[24.44888,51.6088],[24.47412,51.62447]]]}},{"type":"Feature","properties":{},"geometry":{"type":"Polygon","coordinates":[[[24.58341,51.48854],[24.62842,51.48707],[24.62858,51.48273],[24.62563,51.48279],[24.62435,51.47811],[24.6269,51.47769],[24.62528,51.45984],[24.61895,51.4587],[24.61432,51.40675],[24.61194,51.39479],[24.61368,51.39288],[24.61229,51.38384],[24.62772,51.38414],[24.62879,51.38241],[24.63489,51.38246],[24.65269,51.37759],[24.69594,51.37743],[24.70373,51.37551],[24.71819,51.37706],[24.72305,51.37218],[24.72533,51.36852],[24.72975,51.35182],[24.72633,51.34593],[24.73015,51.34333],[24.7304,51.33625],[24.74479,51.33757],[24.73727,51.31837],[24.74089,51.29275],[24.76025,51.29576],[24.7635,51.29142],[24.76204,51.28927],[24.76284,51.28434],[24.7601,51.28103],[24.76089,51.27832],[24.7527,51.26999],[24.75873,51.26567],[24.75947,51.26101],[24.75663,51.25996],[24.75871,51.25506],[24.74981,51.25088],[24.74514,51.24577],[24.73664,51.24324],[24.7348,51.23814],[24.73124,51.23474],[24.71495,51.23728],[24.71059,51.23234],[24.70649,51.23332],[24.70284,51.23217],[24.70122,51.22968],[24.69858,51.23136],[24.70066,51.2343],[24.7037,51.23605],[24.70607,51.23465],[24.71564,51.23896],[24.71263,51.24171],[24.71582,51.24446],[24.71219,51.24626],[24.70076,51.2386],[24.70226,51.23696],[24.69727,51.23539],[24.6971,51.23869],[24.70091,51.23974],[24.69798,51.24303],[24.70279,51.24721],[24.69536,51.24683],[24.69289,51.25399],[24.69001,51.25242],[24.68838,51.25367],[24.68,51.24923],[24.64126,51.25296],[24.65409,51.2977],[24.63738,51.30066],[24.60969,51.29782],[24.63173,51.28083],[24.59845,51.27873],[24.59632,51.27011],[24.56633,51.27237],[24.55978,51.28787],[24.56976,51.29162],[24.56804,51.30279],[24.55711,51.32224],[24.55534,51.32915],[24.57176,51.33029],[24.57149,51.34638],[24.57588,51.34984],[24.5769,51.37241],[24.56325,51.38559],[24.57116,51.38892],[24.55959,51.399],[24.55676,51.40346],[24.53377,51.45105],[24.57123,51.45373],[24.57759,51.45709],[24.58023,51.46134],[24.57893,51.46382],[24.57993,51.47096],[24.5838,51.47279],[24.58341,51.48854]]]}},{"type":"Feature","properties":{},"geometry":{"type":"Polygon","coordinates":[[[24.33083,51.74551],[24.33873,51.74471],[24.34381,51.75414],[24.35959,51.75157],[24.36839,51.74287],[24.34966,51.73606],[24.34476,51.7394],[24.35385,51.69558],[24.36161,51.6974],[24.35964,51.69159],[24.35748,51.69079],[24.36153,51.68503],[24.35327,51.68153],[24.36099,51.67612],[24.34848,51.66538],[24.35348,51.66124],[24.34562,51.65671],[24.34875,51.65449],[24.34359,51.65189],[24.34478,51.63929],[24.35538,51.64369],[24.35844,51.63177],[24.35095,51.63078],[24.3538,51.62151],[24.34631,51.62054],[24.3492,51.61138],[24.33385,51.60975],[24.3349,51.60649],[24.31155,51.60374],[24.31068,51.59937],[24.30155,51.60098],[24.29987,51.59798],[24.30304,51.5964],[24.30094,51.59559],[24.28434,51.59534],[24.2842,51.58146],[24.2765,51.58054],[24.27611,51.57917],[24.2638,51.57894],[24.26083,51.57495],[24.25428,51.57367],[24.23859,51.57311],[24.19404,51.56528],[24.19036,51.56294],[24.18053,51.56223],[24.15329,51.55504],[24.13991,51.55862],[24.13728,51.5615],[24.13098,51.56225],[24.12478,51.56843],[24.11693,51.57024],[24.11567,51.5712],[24.11723,51.57278],[24.11539,51.57758],[24.1106,51.58124],[24.10318,51.58079],[24.10009,51.58218],[24.09482,51.58097],[24.09054,51.58326],[24.09905,51.58404],[24.09808,51.59036],[24.10288,51.59136],[24.09581,51.59582],[24.09091,51.61464],[24.08517,51.61364],[24.07508,51.61879],[24.10016,51.63978],[24.12062,51.66675],[24.2701,51.71689],[24.31941,51.75109],[24.31343,51.75974],[24.32354,51.75876],[24.33083,51.74551]]]}},{"type":"Feature","properties":{},"geometry":{"type":"Polygon","coordinates":[[[24.75784,51.82467],[24.77476,51.82044],[24.77812,51.82447],[24.79689,51.81935],[24.79767,51.82562],[24.8446,51.82507],[24.83663,51.80998],[24.83674,51.80555],[24.82657,51.79865],[24.81554,51.78671],[24.8159,51.77494],[24.80404,51.77164],[24.79051,51.77829],[24.76043,51.77145],[24.72274,51.75674],[24.72911,51.75182],[24.73158,51.74675],[24.72493,51.73681],[24.72146,51.71525],[24.71468,51.7097],[24.71194,51.70842],[24.70966,51.71033],[24.70825,51.71729],[24.70252,51.72149],[24.70077,51.72684],[24.69076,51.72998],[24.68272,51.73017],[24.67856,51.72523],[24.67243,51.72378],[24.67371,51.72054],[24.69888,51.70871],[24.6861,51.70053],[24.69296,51.69755],[24.68946,51.69332],[24.69128,51.69222],[24.69361,51.68382],[24.6975,51.67678],[24.70019,51.67484],[24.701,51.67141],[24.69905,51.66478],[24.6914,51.66035],[24.6877,51.65207],[24.68444,51.64876],[24.66743,51.64088],[24.6688,51.63871],[24.67268,51.63811],[24.67948,51.64015],[24.68828,51.64064],[24.68898,51.63944],[24.68315,51.63656],[24.68512,51.63484],[24.6819,51.63264],[24.67428,51.63255],[24.6739,51.62697],[24.68077,51.622],[24.67716,51.62005],[24.67659,51.61549],[24.66989,51.61302],[24.64628,51.61874],[24.6422,51.61712],[24.63908,51.61291],[24.64069,51.61051],[24.64005,51.60841],[24.64453,51.60518],[24.63782,51.6002],[24.63551,51.60278],[24.63756,51.58813],[24.6283,51.58768],[24.61911,51.5771],[24.62,51.56914],[24.62518,51.5691],[24.62596,51.55907],[24.6413,51.55874],[24.64175,51.54762],[24.63243,51.54825],[24.61868,51.53488],[24.62928,51.52839],[24.62576,51.52322],[24.63184,51.51688],[24.62635,51.51327],[24.61439,51.5122],[24.60274,51.51768],[24.58312,51.51147],[24.58318,51.50407],[24.52961,51.52002],[24.51191,51.52291],[24.5109,51.52111],[24.50816,51.52638],[24.51464,51.53739],[24.52987,51.54822],[24.5277,51.55667],[24.52074,51.56164],[24.52406,51.57287],[24.52329,51.57696],[24.51231,51.58427],[24.50879,51.59401],[24.50918,51.60058],[24.50644,51.60389],[24.45988,51.63403],[24.50187,51.6603],[24.52012,51.64921],[24.52435,51.65303],[24.53748,51.65641],[24.54634,51.6468],[24.55267,51.6473],[24.54928,51.65213],[24.55093,51.65288],[24.55234,51.66287],[24.55091,51.66591],[24.55821,51.66663],[24.56005,51.67158],[24.56728,51.67346],[24.5664,51.67698],[24.57607,51.67753],[24.57947,51.68053],[24.58086,51.68479],[24.59179,51.68925],[24.59312,51.69431],[24.58983,51.69665],[24.59679,51.71318],[24.60207,51.72237],[24.6072,51.7257],[24.60517,51.74431],[24.59063,51.74413],[24.5895,51.75711],[24.58745,51.75952],[24.59489,51.76282],[24.59164,51.76891],[24.595,51.771],[24.59165,51.79647],[24.63846,51.799],[24.63573,51.81216],[24.65111,51.81358],[24.6507,51.81548],[24.6665,51.8163],[24.66772,51.80722],[24.68269,51.81259],[24.68202,51.81735],[24.69895,51.81837],[24.70044,51.80879],[24.7102,51.8093],[24.71256,51.80592],[24.72073,51.80671],[24.72585,51.81012],[24.73573,51.80922],[24.75209,51.81437],[24.7527,51.819],[24.75784,51.82467]]]}},{"type":"Feature","properties":{},"geometry":{"type":"Polygon","coordinates":[[[24.8358,51.41162],[24.84538,51.4123],[24.87138,51.40346],[24.88064,51.40336],[24.88535,51.39631],[24.8895,51.39431],[24.89407,51.38852],[24.88972,51.38663],[24.89465,51.38464],[24.89874,51.37859],[24.919,51.37496],[24.9568,51.37482],[24.9552,51.36873],[24.95149,51.36483],[24.94588,51.36805],[24.93192,51.36791],[24.90523,51.35327],[24.89472,51.34976],[24.89575,51.34792],[24.86169,51.34278],[24.86389,51.33526],[24.88752,51.3345],[24.88949,51.32693],[24.87444,51.3253],[24.87466,51.32417],[24.8637,51.33048],[24.82879,51.32159],[24.84006,51.27858],[24.84846,51.27927],[24.8553,51.25203],[24.85091,51.25091],[24.87174,51.21662],[24.86655,51.21261],[24.8284,51.20917],[24.83431,51.20306],[24.83536,51.19956],[24.79652,51.20021],[24.78032,51.2038],[24.76148,51.19729],[24.75599,51.19387],[24.75386,51.18435],[24.75524,51.18387],[24.75105,51.17259],[24.73382,51.1739],[24.73472,51.17655],[24.71905,51.1771],[24.71783,51.17499],[24.71941,51.17101],[24.72191,51.16964],[24.71808,51.16665],[24.71886,51.16244],[24.71304,51.16073],[24.70504,51.16282],[24.70934,51.13718],[24.68545,51.13765],[24.64747,51.14232],[24.65362,51.14906],[24.65863,51.1511],[24.65815,51.15946],[24.66346,51.16487],[24.65823,51.16696],[24.64347,51.15795],[24.64216,51.15617],[24.64645,51.15234],[24.64362,51.1463],[24.63977,51.1444],[24.63824,51.14155],[24.61739,51.14076],[24.60901,51.13895],[24.59342,51.1415],[24.5694,51.13775],[24.54917,51.13851],[24.53965,51.14071],[24.51946,51.1383],[24.50631,51.14053],[24.50944,51.15639],[24.52238,51.17665],[24.52597,51.18644],[24.53447,51.19996],[24.56394,51.19191],[24.59341,51.18148],[24.63069,51.1765],[24.64729,51.19667],[24.65303,51.20769],[24.65345,51.21218],[24.66097,51.21183],[24.65833,51.22881],[24.65678,51.23092],[24.64768,51.23259],[24.63905,51.22955],[24.63638,51.23152],[24.64126,51.25296],[24.68,51.24923],[24.68838,51.25367],[24.69001,51.25242],[24.69289,51.25399],[24.69536,51.24683],[24.70279,51.24721],[24.69798,51.24303],[24.70091,51.23974],[24.6971,51.23869],[24.69727,51.23539],[24.70226,51.23696],[24.70076,51.2386],[24.71219,51.24626],[24.71582,51.24446],[24.71263,51.24171],[24.71564,51.23896],[24.70607,51.23465],[24.7037,51.23605],[24.70066,51.2343],[24.69858,51.23136],[24.70122,51.22968],[24.70284,51.23217],[24.70649,51.23332],[24.71059,51.23234],[24.71495,51.23728],[24.73124,51.23474],[24.7348,51.23814],[24.73664,51.24324],[24.74514,51.24577],[24.74981,51.25088],[24.75841,51.2547],[24.75663,51.2603],[24.75947,51.26101],[24.75905,51.26489],[24.7527,51.26999],[24.76089,51.27832],[24.7601,51.28103],[24.76284,51.28434],[24.76204,51.28927],[24.7635,51.29142],[24.76025,51.29576],[24.74089,51.29275],[24.73727,51.31837],[24.74479,51.33757],[24.7304,51.33625],[24.73015,51.34333],[24.72633,51.34593],[24.72975,51.35182],[24.7274,51.36214],[24.72533,51.36852],[24.71819,51.37706],[24.72968,51.37914],[24.76932,51.39713],[24.77314,51.39467],[24.78536,51.39322],[24.78858,51.3975],[24.80417,51.40064],[24.82184,51.398],[24.82388,51.4015],[24.8358,51.41162]]]}},{"type":"Feature","properties":{},"geometry":{"type":"Polygon","coordinates":[[[24.93192,51.36791],[24.94588,51.36805],[24.95149,51.36483],[24.93983,51.35931],[24.93683,51.35978],[24.92617,51.35417],[24.92855,51.35269],[24.9665,51.35046],[24.97073,51.35244],[24.97254,51.35595],[24.98364,51.35816],[24.98982,51.35674],[25.00202,51.35928],[25.00256,51.3569],[25.01992,51.34942],[25.03659,51.33646],[25.04173,51.3304],[25.04561,51.33109],[25.05372,51.32783],[25.05053,51.32583],[25.05247,51.3262],[25.05186,51.32479],[25.06037,51.32117],[25.05976,51.31919],[25.05702,51.31946],[25.04891,51.31487],[25.04798,51.297],[25.04923,51.29336],[25.04812,51.29325],[25.05138,51.28738],[25.03976,51.28766],[25.04147,51.28457],[25.03237,51.28275],[25.02378,51.28502],[25.02197,51.27816],[25.01716,51.27312],[24.99262,51.26003],[24.98809,51.26025],[24.98156,51.25311],[24.98463,51.24335],[24.98429,51.2348],[24.99872,51.23119],[25.00012,51.21668],[25.00297,51.21044],[24.97603,51.20991],[24.97176,51.21102],[24.96532,51.2089],[24.95573,51.20916],[24.9516,51.20687],[24.93496,51.20363],[24.9225,51.2068],[24.9264,51.19181],[24.91762,51.19028],[24.91629,51.1679],[24.92184,51.16788],[24.92135,51.15896],[24.92036,51.15987],[24.9159,51.15648],[24.90983,51.15662],[24.90947,51.15255],[24.90659,51.15044],[24.92336,51.14399],[24.92306,51.13997],[24.91853,51.13664],[24.92472,51.13403],[24.92376,51.13104],[24.92946,51.12878],[24.93193,51.12311],[24.90734,51.11971],[24.92689,51.10976],[24.92672,51.10694],[24.93007,51.10083],[24.92618,51.0913],[24.94538,51.08374],[24.94406,51.0791],[24.94678,51.07935],[24.94421,51.07282],[24.95816,51.06243],[24.95738,51.06118],[24.93917,51.04872],[24.92168,51.05201],[24.89895,51.04248],[24.87649,51.04549],[24.88333,51.05828],[24.85008,51.05223],[24.84912,51.06001],[24.84565,51.06548],[24.83586,51.06798],[24.83639,51.07113],[24.81888,51.07271],[24.7801,51.06479],[24.76308,51.05735],[24.76352,51.04955],[24.76935,51.0426],[24.76894,51.03606],[24.76341,51.03088],[24.73922,51.02694],[24.73817,51.03282],[24.72039,51.03102],[24.71845,51.03826],[24.68883,51.03263],[24.68991,51.03748],[24.66367,51.03825],[24.65829,51.04029],[24.65775,51.04425],[24.67509,51.04337],[24.67518,51.04505],[24.67342,51.04572],[24.67379,51.04919],[24.67812,51.05451],[24.6842,51.05729],[24.68691,51.06332],[24.67666,51.06562],[24.67482,51.06856],[24.67747,51.06993],[24.67333,51.07122],[24.67256,51.074],[24.6592,51.07513],[24.65996,51.07789],[24.65339,51.079],[24.65094,51.08589],[24.65076,51.10203],[24.6491,51.1043],[24.67817,51.09084],[24.68258,51.1162],[24.68544,51.12078],[24.69699,51.12555],[24.70778,51.12687],[24.71324,51.13128],[24.71076,51.13707],[24.70934,51.13718],[24.70504,51.16282],[24.71304,51.16073],[24.71886,51.16244],[24.71808,51.16665],[24.72191,51.16964],[24.71941,51.17101],[24.71783,51.17499],[24.71905,51.1771],[24.73472,51.17655],[24.73382,51.1739],[24.75105,51.17259],[24.75524,51.18387],[24.75386,51.18435],[24.75599,51.19387],[24.76148,51.19729],[24.78032,51.2038],[24.79652,51.20021],[24.83536,51.19956],[24.83431,51.20306],[24.8284,51.20917],[24.86655,51.21261],[24.87174,51.21662],[24.85091,51.25091],[24.8553,51.25203],[24.84846,51.27927],[24.84006,51.27858],[24.82879,51.32159],[24.8637,51.33048],[24.87466,51.32417],[24.87444,51.3253],[24.88949,51.32693],[24.88752,51.3345],[24.86389,51.33526],[24.86169,51.34278],[24.89575,51.34792],[24.89472,51.34976],[24.90523,51.35327],[24.93192,51.36791]]]}},{"type":"Feature","properties":{},"geometry":{"type":"Polygon","coordinates":[[[24.37107,51.25542],[24.37172,51.244],[24.36804,51.24364],[24.36917,51.24201],[24.38059,51.23912],[24.38213,51.22904],[24.38442,51.22886],[24.38496,51.22216],[24.4188,51.21737],[24.42547,51.23819],[24.442,51.2375],[24.44464,51.23985],[24.44542,51.24992],[24.45749,51.24942],[24.47787,51.25634],[24.49771,51.25053],[24.49357,51.23554],[24.48153,51.23622],[24.48117,51.23491],[24.48853,51.20866],[24.52427,51.19355],[24.52994,51.19286],[24.52238,51.17665],[24.50944,51.15639],[24.50631,51.14053],[24.48124,51.13917],[24.46994,51.1423],[24.44716,51.14131],[24.43637,51.1436],[24.43422,51.14449],[24.43658,51.15505],[24.42921,51.16462],[24.42301,51.16552],[24.42372,51.16841],[24.40368,51.18247],[24.40027,51.18276],[24.4002,51.17888],[24.3786,51.17537],[24.36063,51.1753],[24.34826,51.17898],[24.34104,51.16645],[24.33562,51.17205],[24.32069,51.15706],[24.30471,51.16027],[24.29885,51.15488],[24.2835,51.15744],[24.28129,51.15428],[24.24837,51.15736],[24.23491,51.14213],[24.21716,51.14281],[24.21573,51.14475],[24.22505,51.16221],[24.22465,51.1722],[24.2273,51.17991],[24.22592,51.1818],[24.23263,51.18535],[24.23722,51.19177],[24.24275,51.19362],[24.24836,51.19805],[24.24715,51.2022],[24.2597,51.20121],[24.26005,51.21959],[24.27422,51.21954],[24.28015,51.22175],[24.28198,51.22877],[24.28035,51.23101],[24.28142,51.23466],[24.29769,51.23937],[24.33055,51.24216],[24.33613,51.23721],[24.35236,51.23803],[24.35396,51.24336],[24.35712,51.24297],[24.35813,51.24561],[24.36762,51.24425],[24.36741,51.24788],[24.36309,51.24833],[24.36515,51.25512],[24.37107,51.25542]]]}},{"type":"Feature","properties":{},"geometry":{"type":"Polygon","coordinates":[[[24.63738,51.30066],[24.65409,51.2977],[24.63638,51.23152],[24.63905,51.22955],[24.64768,51.23259],[24.65678,51.23092],[24.65833,51.22881],[24.65815,51.22381],[24.66103,51.21284],[24.66097,51.21183],[24.65345,51.21218],[24.65303,51.20769],[24.64729,51.19667],[24.63069,51.1765],[24.59341,51.18148],[24.56394,51.19191],[24.53447,51.19996],[24.52994,51.19286],[24.52427,51.19355],[24.48853,51.20866],[24.48117,51.23491],[24.48153,51.23622],[24.49357,51.23554],[24.49771,51.25053],[24.47787,51.25634],[24.48475,51.26143],[24.48853,51.26749],[24.49822,51.27087],[24.50437,51.27544],[24.51015,51.28244],[24.55978,51.28787],[24.56633,51.27237],[24.59632,51.27011],[24.59845,51.27873],[24.63173,51.28083],[24.60969,51.29782],[24.63738,51.30066]]]}},{"type":"Feature","properties":{},"geometry":{"type":"Polygon","coordinates":[[[24.04464,51.30987],[24.04424,51.30679],[24.06314,51.30456],[24.06366,51.30582],[24.07782,51.30502],[24.09032,51.30267],[24.09798,51.29816],[24.10365,51.29836],[24.10543,51.2923],[24.12973,51.29845],[24.14646,51.29982],[24.16725,51.30644],[24.17056,51.31038],[24.18269,51.30711],[24.19391,51.30818],[24.19975,51.30602],[24.20626,51.33506],[24.21055,51.34017],[24.2363,51.33309],[24.26278,51.33676],[24.25938,51.33162],[24.25995,51.32654],[24.27229,51.32282],[24.27717,51.31705],[24.28309,51.31312],[24.30982,51.3045],[24.31498,51.30503],[24.32128,51.30275],[24.31957,51.30113],[24.32178,51.29318],[24.31815,51.28702],[24.30552,51.28991],[24.30418,51.28271],[24.31304,51.27899],[24.31396,51.27605],[24.31359,51.27397],[24.30763,51.26897],[24.30742,51.26549],[24.3026,51.26075],[24.30027,51.25491],[24.28973,51.25706],[24.28859,51.25378],[24.28341,51.25406],[24.28198,51.25136],[24.26689,51.25094],[24.26493,51.24581],[24.24865,51.25052],[24.23866,51.24705],[24.23389,51.24337],[24.23311,51.24092],[24.21807,51.23016],[24.20553,51.22914],[24.20564,51.21548],[24.19848,51.21502],[24.19874,51.20629],[24.18152,51.19883],[24.15644,51.20527],[24.15166,51.21248],[24.14081,51.21272],[24.10875,51.21099],[24.09996,51.20672],[24.08896,51.20851],[24.0873,51.20436],[24.09158,51.20248],[24.09535,51.20339],[24.10217,51.20142],[24.10159,51.19966],[24.09749,51.19793],[24.08319,51.19782],[24.08322,51.19266],[24.07858,51.19266],[24.07861,51.19603],[24.08277,51.20147],[24.06674,51.20043],[24.06516,51.20237],[24.05558,51.20244],[24.0555,51.20423],[24.04967,51.20663],[24.04213,51.20593],[24.04463,51.20271],[24.02203,51.20212],[24.02229,51.20454],[24.01838,51.20483],[24.01572,51.21016],[24.01632,51.21322],[23.97134,51.20936],[23.93988,51.2013],[23.93301,51.20468],[23.93107,51.20193],[23.92598,51.2005],[23.91637,51.20516],[23.90861,51.20654],[23.90761,51.20849],[23.90533,51.2073],[23.88474,51.21264],[23.85385,51.22628],[23.84791,51.22754],[23.849,51.22983],[23.89942,51.23913],[23.90222,51.24296],[23.90302,51.24844],[23.91033,51.25507],[23.91055,51.25738],[23.91086,51.26318],[23.90646,51.26473],[23.89953,51.26442],[23.90079,51.26587],[23.89927,51.26877],[23.90136,51.27491],[23.90836,51.2747],[23.91178,51.27802],[23.92682,51.2756],[23.93477,51.2841],[23.94408,51.28343],[23.94486,51.28764],[23.96908,51.28864],[23.99362,51.31002],[23.99099,51.32059],[23.99456,51.3296],[23.9937,51.33205],[24.01742,51.32633],[24.03614,51.31878],[24.03767,51.31284],[24.04464,51.30987]]]}},{"type":"Feature","properties":{},"geometry":{"type":"Polygon","coordinates":[[[25.19384,51.37975],[25.19058,51.37162],[25.17845,51.35945],[25.17813,51.35592],[25.18045,51.35481],[25.17331,51.34364],[25.17404,51.34103],[25.17205,51.33823],[25.17333,51.33749],[25.17314,51.3345],[25.17136,51.33277],[25.17506,51.33141],[25.17278,51.32714],[25.17687,51.32042],[25.1791,51.31847],[25.18411,51.31799],[25.18228,51.3138],[25.18573,51.3106],[25.18671,51.3057],[25.18876,51.30574],[25.19193,51.30271],[25.19768,51.29484],[25.19749,51.29272],[25.20144,51.28817],[25.20035,51.2864],[25.20148,51.28445],[25.20589,51.28273],[25.25874,51.28553],[25.27039,51.26707],[25.27176,51.26362],[25.27081,51.25887],[25.27509,51.25119],[25.28045,51.24816],[25.27844,51.24709],[25.27973,51.24625],[25.28309,51.24869],[25.2883,51.24749],[25.29261,51.25479],[25.31215,51.2495],[25.31749,51.25425],[25.32693,51.25014],[25.33186,51.2307],[25.33755,51.21727],[25.31034,51.21925],[25.28553,51.2176],[25.27359,51.21465],[25.27263,51.2126],[25.26705,51.21006],[25.26517,51.21077],[25.26046,51.20744],[25.25299,51.20796],[25.25203,51.20982],[25.24908,51.2101],[25.24861,51.21248],[25.24352,51.21239],[25.23719,51.21096],[25.23738,51.20886],[25.22272,51.2033],[25.21927,51.20026],[25.21161,51.20354],[25.20677,51.19951],[25.19412,51.19551],[25.18665,51.19056],[25.18047,51.19187],[25.17364,51.18984],[25.16461,51.19134],[25.16357,51.1982],[25.15841,51.20152],[25.15703,51.20471],[25.15871,51.21092],[25.15616,51.21382],[25.13524,51.21835],[25.1252,51.21834],[25.11005,51.20642],[25.11119,51.20556],[25.10896,51.20099],[25.10302,51.19688],[25.09394,51.18381],[25.09211,51.17564],[25.07281,51.16901],[25.06533,51.1745],[25.05939,51.18335],[25.05565,51.18556],[25.00759,51.20035],[25.00012,51.21668],[24.99872,51.23119],[24.98429,51.2348],[24.98463,51.24335],[24.98156,51.25311],[24.98809,51.26025],[24.99262,51.26003],[25.01716,51.27312],[25.02197,51.27816],[25.02378,51.28502],[25.03237,51.28275],[25.04147,51.28457],[25.03976,51.28766],[25.05138,51.28738],[25.04812,51.29325],[25.04923,51.29336],[25.04798,51.297],[25.04891,51.31487],[25.05702,51.31946],[25.05976,51.31919],[25.06037,51.32117],[25.05186,51.32479],[25.05247,51.3262],[25.05053,51.32583],[25.05372,51.32783],[25.04561,51.33109],[25.04173,51.3304],[25.03659,51.33646],[25.01992,51.34942],[25.00256,51.3569],[25.00277,51.36043],[25.00796,51.36276],[25.05179,51.362],[25.05208,51.37037],[25.08158,51.3699],[25.08168,51.37228],[25.11028,51.37352],[25.10971,51.38046],[25.19384,51.37975]]]}},{"type":"Feature","properties":{},"geometry":{"type":"Polygon","coordinates":[[[24.38882,51.88219],[24.47754,51.88248],[24.51662,51.88866],[24.53687,51.88724],[24.56715,51.88956],[24.55795,51.87565],[24.5378,51.86613],[24.53326,51.85929],[24.52935,51.85804],[24.52876,51.85462],[24.52517,51.8529],[24.53536,51.83315],[24.53385,51.82384],[24.52135,51.81106],[24.52562,51.81204],[24.52735,51.80558],[24.52976,51.80751],[24.54649,51.79067],[24.58965,51.80774],[24.595,51.771],[24.59164,51.76891],[24.59489,51.76282],[24.58745,51.75952],[24.5895,51.75711],[24.59063,51.74413],[24.60517,51.74431],[24.6072,51.7257],[24.60207,51.72237],[24.59679,51.71318],[24.58983,51.69665],[24.59312,51.69431],[24.59179,51.68925],[24.58086,51.68479],[24.57947,51.68053],[24.57607,51.67753],[24.5664,51.67698],[24.56728,51.67346],[24.56005,51.67158],[24.55821,51.66663],[24.55091,51.66591],[24.55234,51.66287],[24.55093,51.65288],[24.54928,51.65213],[24.55267,51.6473],[24.54634,51.6468],[24.53748,51.65641],[24.52435,51.65303],[24.52012,51.64921],[24.50187,51.6603],[24.45988,51.63403],[24.47449,51.62472],[24.44888,51.6088],[24.44473,51.60987],[24.42915,51.60069],[24.42618,51.60263],[24.40593,51.59181],[24.40279,51.60013],[24.39868,51.59935],[24.34824,51.57821],[24.33307,51.57625],[24.29455,51.56683],[24.29368,51.56932],[24.28905,51.56867],[24.2881,51.57025],[24.28605,51.56992],[24.2842,51.57352],[24.27495,51.57358],[24.2765,51.58054],[24.2842,51.58146],[24.28434,51.59534],[24.30094,51.59559],[24.30304,51.5964],[24.29987,51.59798],[24.30155,51.60098],[24.31068,51.59937],[24.31155,51.60374],[24.3349,51.60649],[24.33385,51.60975],[24.3492,51.61138],[24.34631,51.62054],[24.3538,51.62151],[24.35095,51.63078],[24.35844,51.63177],[24.35538,51.64369],[24.34478,51.63929],[24.34359,51.65189],[24.34875,51.65449],[24.34562,51.65671],[24.35348,51.66124],[24.34848,51.66538],[24.36099,51.67612],[24.35327,51.68153],[24.36153,51.68503],[24.35748,51.69079],[24.35964,51.69159],[24.36161,51.6974],[24.35385,51.69558],[24.34476,51.7394],[24.34966,51.73606],[24.36839,51.74287],[24.35959,51.75157],[24.34381,51.75414],[24.33873,51.74471],[24.33083,51.74551],[24.32354,51.75876],[24.31343,51.75974],[24.30704,51.76899],[24.30565,51.77963],[24.29454,51.79923],[24.29674,51.80901],[24.30023,51.81215],[24.29922,51.81365],[24.31142,51.82556],[24.32469,51.83442],[24.33443,51.84466],[24.3378,51.84563],[24.34024,51.8496],[24.33421,51.85603],[24.33977,51.86416],[24.34754,51.86349],[24.37242,51.87844],[24.38882,51.88219]]]}},{"type":"Feature","properties":{},"geometry":{"type":"Polygon","coordinates":[[[23.75501,51.41429],[23.77009,51.41309],[23.77214,51.41142],[23.77696,51.41111],[23.78489,51.40424],[23.78974,51.39734],[23.79915,51.39459],[23.804,51.39575],[23.82424,51.38285],[23.80426,51.37436],[23.80657,51.36307],[23.81967,51.36402],[23.82166,51.35461],[23.83699,51.35576],[23.84229,51.32732],[23.85756,51.32861],[23.85589,51.33756],[23.88043,51.33946],[23.87104,51.34919],[23.87387,51.3564],[23.88412,51.35671],[23.88189,51.35155],[23.87614,51.35005],[23.87564,51.3485],[23.8777,51.3448],[23.8848,51.34415],[23.88904,51.34048],[23.88777,51.33684],[23.88907,51.33057],[23.90319,51.33177],[23.90173,51.3413],[23.93199,51.34369],[23.93196,51.34569],[23.93553,51.34512],[23.9382,51.34737],[23.94092,51.34741],[23.97564,51.33684],[23.97892,51.33842],[23.98895,51.33298],[23.9937,51.33205],[23.99456,51.3296],[23.99099,51.32059],[23.99362,51.31002],[23.96908,51.28864],[23.94486,51.28764],[23.94408,51.28343],[23.93477,51.2841],[23.92682,51.2756],[23.91178,51.27802],[23.90836,51.2747],[23.90136,51.27491],[23.89927,51.26877],[23.90079,51.26587],[23.89953,51.26442],[23.90646,51.26473],[23.91086,51.26318],[23.91055,51.25738],[23.91033,51.25507],[23.90302,51.24844],[23.90222,51.24296],[23.89942,51.23913],[23.84768,51.22863],[23.88474,51.21264],[23.89118,51.21135],[23.86554,51.20223],[23.8643,51.19755],[23.85299,51.19498],[23.85313,51.18702],[23.84228,51.17774],[23.82338,51.16871],[23.81443,51.17046],[23.81203,51.17534],[23.81415,51.17921],[23.80806,51.1848],[23.78482,51.18951],[23.78215,51.19178],[23.78372,51.19333],[23.78321,51.1957],[23.78036,51.19637],[23.78297,51.19896],[23.77557,51.20045],[23.76856,51.19987],[23.76644,51.20253],[23.76248,51.20262],[23.76458,51.20458],[23.7634,51.20551],[23.76149,51.20529],[23.76046,51.2028],[23.75998,51.20796],[23.75619,51.20914],[23.75821,51.21116],[23.75641,51.21237],[23.75029,51.2107],[23.74613,51.21285],[23.74616,51.2114],[23.74216,51.215],[23.74104,51.2135],[23.74258,51.21231],[23.73908,51.21203],[23.73938,51.21528],[23.73604,51.2198],[23.74283,51.22084],[23.74305,51.22399],[23.74172,51.2273],[23.73921,51.22755],[23.74044,51.229],[23.73886,51.23186],[23.7263,51.23644],[23.72671,51.23871],[23.7316,51.23881],[23.72723,51.23975],[23.72585,51.24184],[23.72712,51.24312],[23.73007,51.24181],[23.73004,51.24515],[23.72746,51.24433],[23.724,51.24667],[23.72577,51.25065],[23.72526,51.25594],[23.72312,51.25826],[23.72626,51.25941],[23.72317,51.26033],[23.72678,51.26147],[23.72255,51.26112],[23.72261,51.263],[23.71952,51.2636],[23.72013,51.26493],[23.71733,51.26401],[23.71967,51.2674],[23.71755,51.26817],[23.72055,51.26953],[23.71734,51.26956],[23.71645,51.2715],[23.71344,51.26942],[23.70941,51.27348],[23.71159,51.27455],[23.71048,51.27571],[23.7054,51.27477],[23.70541,51.27609],[23.70936,51.27764],[23.70574,51.27895],[23.70371,51.28196],[23.70048,51.28143],[23.69722,51.28334],[23.6953,51.28679],[23.69714,51.28884],[23.69536,51.29145],[23.69419,51.29125],[23.69514,51.28841],[23.69193,51.2864],[23.68806,51.28616],[23.68439,51.28821],[23.68545,51.29093],[23.68179,51.29016],[23.68089,51.29179],[23.67721,51.29028],[23.67793,51.2924],[23.67075,51.28987],[23.66857,51.29045],[23.66876,51.29231],[23.66336,51.29234],[23.6578,51.28911],[23.65747,51.28699],[23.65288,51.28896],[23.64839,51.28718],[23.64949,51.2899],[23.64585,51.29242],[23.65027,51.29431],[23.64665,51.29826],[23.65268,51.2994],[23.64321,51.30429],[23.64327,51.30662],[23.64072,51.30675],[23.63929,51.31062],[23.6435,51.31048],[23.64369,51.31364],[23.63991,51.31479],[23.6395,51.3171],[23.63554,51.31917],[23.6372,51.3232],[23.6423,51.32612],[23.63607,51.32697],[23.63673,51.32982],[23.64586,51.33485],[23.64758,51.33999],[23.65656,51.33937],[23.65755,51.34232],[23.65294,51.34209],[23.64974,51.34373],[23.65596,51.34517],[23.65322,51.34674],[23.65464,51.34827],[23.6541,51.35034],[23.65833,51.35125],[23.65479,51.35258],[23.65656,51.35453],[23.65648,51.35918],[23.66304,51.35798],[23.66311,51.35978],[23.66079,51.36137],[23.66145,51.36255],[23.66635,51.36029],[23.66914,51.36069],[23.66946,51.36207],[23.66494,51.36511],[23.66647,51.36769],[23.67478,51.36637],[23.67845,51.36897],[23.68325,51.36771],[23.68654,51.36867],[23.68255,51.37221],[23.68416,51.37824],[23.68106,51.37811],[23.67964,51.37582],[23.67789,51.37689],[23.68108,51.38153],[23.67853,51.38411],[23.6805,51.38501],[23.68428,51.38356],[23.685,51.38706],[23.6892,51.38829],[23.67947,51.39056],[23.67673,51.39269],[23.67746,51.39472],[23.68048,51.39557],[23.68709,51.39387],[23.68702,51.39557],[23.68186,51.39806],[23.6872,51.39982],[23.69121,51.39865],[23.69678,51.40292],[23.70186,51.40318],[23.70244,51.40453],[23.71321,51.40298],[23.72021,51.39587],[23.74669,51.40353],[23.74244,51.40769],[23.73849,51.40815],[23.73657,51.41314],[23.75206,51.4183],[23.75501,51.41429]]]}},{"type":"Feature","properties":{},"geometry":{"type":"Polygon","coordinates":[[[24.60808,51.90133],[24.62559,51.90265],[24.66261,51.89952],[24.6719,51.89249],[24.71498,51.8964],[24.73304,51.88608],[24.7496,51.88114],[24.76678,51.88439],[24.78085,51.89195],[24.79321,51.8947],[24.79758,51.90241],[24.80257,51.9059],[24.80388,51.90917],[24.81049,51.91197],[24.83495,51.91268],[24.843,51.89613],[24.91891,51.91134],[24.93167,51.89695],[24.93528,51.88089],[24.92654,51.88037],[24.9178,51.87758],[24.91298,51.8787],[24.90971,51.87722],[24.90873,51.87281],[24.91833,51.86986],[24.93704,51.86893],[24.93789,51.85744],[24.93228,51.84628],[24.94693,51.84233],[24.94345,51.84216],[24.9327,51.83532],[24.93051,51.83739],[24.9259,51.83584],[24.91816,51.82682],[24.90857,51.82286],[24.90575,51.81724],[24.89868,51.81562],[24.88982,51.81083],[24.86032,51.81754],[24.85959,51.82324],[24.84781,51.82306],[24.84789,51.82538],[24.84497,51.82599],[24.79767,51.82562],[24.79689,51.81935],[24.77812,51.82447],[24.77476,51.82044],[24.75784,51.82467],[24.7527,51.819],[24.75209,51.81437],[24.73573,51.80922],[24.72585,51.81012],[24.72073,51.80671],[24.71256,51.80592],[24.7102,51.8093],[24.70044,51.80879],[24.69895,51.81837],[24.68202,51.81735],[24.68269,51.81259],[24.66772,51.80722],[24.6665,51.8163],[24.6507,51.81548],[24.65111,51.81358],[24.63573,51.81216],[24.63846,51.799],[24.59165,51.79647],[24.58965,51.80774],[24.54649,51.79067],[24.52976,51.80751],[24.52735,51.80558],[24.52562,51.81204],[24.52135,51.81106],[24.53385,51.82384],[24.53536,51.83315],[24.52517,51.8529],[24.52876,51.85462],[24.52935,51.85804],[24.53326,51.85929],[24.5378,51.86613],[24.55795,51.87565],[24.5656,51.88786],[24.57315,51.89417],[24.60808,51.90133]]]}},{"type":"Feature","properties":{},"geometry":{"type":"Polygon","coordinates":[[[24.60274,51.51768],[24.61439,51.5122],[24.62635,51.51327],[24.63548,51.51927],[24.65369,51.49798],[24.68059,51.49911],[24.68372,51.50246],[24.68492,51.51041],[24.67511,51.51321],[24.67435,51.51572],[24.66951,51.51783],[24.71182,51.51942],[24.71217,51.50907],[24.75835,51.49553],[24.75557,51.49176],[24.75806,51.48896],[24.75228,51.48706],[24.75258,51.48387],[24.75503,51.48229],[24.75724,51.47708],[24.75628,51.47334],[24.76192,51.46881],[24.7627,51.46736],[24.76105,51.46491],[24.76518,51.46084],[24.7595,51.45846],[24.75489,51.45274],[24.75519,51.45124],[24.75927,51.44986],[24.76466,51.44447],[24.77314,51.44061],[24.78181,51.43913],[24.78482,51.43531],[24.79333,51.43601],[24.80504,51.4332],[24.82445,51.4316],[24.82696,51.43281],[24.8343,51.42504],[24.83001,51.41727],[24.83312,51.41553],[24.83462,51.41182],[24.82184,51.398],[24.80417,51.40064],[24.78858,51.3975],[24.78536,51.39322],[24.77314,51.39467],[24.76932,51.39713],[24.72968,51.37914],[24.71112,51.37571],[24.70373,51.37551],[24.69594,51.37743],[24.65269,51.37759],[24.63489,51.38246],[24.62879,51.38241],[24.62772,51.38414],[24.61229,51.38384],[24.61368,51.39288],[24.61194,51.39479],[24.61432,51.40675],[24.61895,51.4587],[24.62528,51.45984],[24.6269,51.47769],[24.62435,51.47811],[24.62563,51.48279],[24.62858,51.48273],[24.62842,51.48707],[24.58341,51.48854],[24.58312,51.51147],[24.60274,51.51768]]]}},{"type":"Feature","properties":{},"geometry":{"type":"Polygon","coordinates":[[[24.29399,51.3825],[24.2853,51.37395],[24.33359,51.38091],[24.33993,51.36197],[24.35782,51.36445],[24.37373,51.36067],[24.4349,51.36003],[24.43703,51.35795],[24.45514,51.36372],[24.45658,51.3553],[24.4639,51.35563],[24.46666,51.33657],[24.48198,51.3375],[24.48091,51.34473],[24.49505,51.33344],[24.51042,51.32591],[24.55534,51.32915],[24.55711,51.32224],[24.56804,51.30279],[24.56976,51.29162],[24.55799,51.28753],[24.51015,51.28244],[24.50437,51.27544],[24.49822,51.27087],[24.48853,51.26749],[24.48475,51.26143],[24.47787,51.25634],[24.45749,51.24942],[24.44542,51.24992],[24.44464,51.23985],[24.442,51.2375],[24.42547,51.23819],[24.4188,51.21737],[24.38496,51.22216],[24.38442,51.22886],[24.38213,51.22904],[24.38059,51.23912],[24.36917,51.24201],[24.36804,51.24364],[24.37172,51.244],[24.37107,51.25542],[24.36515,51.25512],[24.36309,51.24833],[24.36741,51.24788],[24.36762,51.24425],[24.35813,51.24561],[24.35712,51.24297],[24.35396,51.24336],[24.35236,51.23803],[24.33613,51.23721],[24.33055,51.24216],[24.29188,51.2379],[24.29298,51.24365],[24.27956,51.24471],[24.28198,51.25136],[24.28341,51.25406],[24.28859,51.25378],[24.28973,51.25706],[24.30027,51.25491],[24.3026,51.26075],[24.30742,51.26549],[24.30763,51.26897],[24.31359,51.27397],[24.31396,51.27605],[24.31304,51.27899],[24.30418,51.28271],[24.30552,51.28991],[24.31815,51.28702],[24.32178,51.29318],[24.31957,51.30113],[24.32128,51.30275],[24.31498,51.30503],[24.30982,51.3045],[24.28309,51.31312],[24.27717,51.31705],[24.27229,51.32282],[24.25995,51.32654],[24.25938,51.33162],[24.26544,51.34347],[24.24471,51.34468],[24.2457,51.3555],[24.24768,51.35752],[24.25311,51.35671],[24.25425,51.36081],[24.24428,51.3624],[24.23635,51.36165],[24.23238,51.35732],[24.21939,51.3608],[24.23212,51.37425],[24.25177,51.37211],[24.2606,51.37746],[24.27139,51.37595],[24.27525,51.37977],[24.28235,51.3818],[24.28525,51.38526],[24.29399,51.3825]]]}},{"type":"Feature","properties":{},"geometry":{"type":"MultiPolygon","coordinates":[[[[24.14752,51.48241],[24.1403,51.47407],[24.13114,51.47357],[24.13118,51.4773],[24.13873,51.4828],[24.14752,51.48241]]],[[[24.53407,51.51888],[24.58318,51.50407],[24.5838,51.47279],[24.57993,51.47096],[24.57893,51.46382],[24.58023,51.46134],[24.57759,51.45709],[24.57123,51.45373],[24.53377,51.45105],[24.55676,51.40346],[24.55959,51.399],[24.57116,51.38892],[24.56325,51.38559],[24.5769,51.37241],[24.57588,51.34984],[24.57149,51.34638],[24.57176,51.33029],[24.51042,51.32591],[24.49505,51.33344],[24.48091,51.34473],[24.48198,51.3375],[24.46666,51.33657],[24.4639,51.35563],[24.45658,51.3553],[24.45514,51.36372],[24.43703,51.35795],[24.4349,51.36003],[24.37373,51.36067],[24.35782,51.36445],[24.33993,51.36197],[24.33359,51.38091],[24.2853,51.37395],[24.29399,51.3825],[24.28525,51.38526],[24.28811,51.38874],[24.27099,51.38967],[24.25492,51.38744],[24.23687,51.3872],[24.21569,51.38968],[24.21271,51.3955],[24.20386,51.40346],[24.18242,51.39577],[24.16521,51.43028],[24.16264,51.43013],[24.15775,51.43357],[24.15154,51.43301],[24.15222,51.43117],[24.15774,51.43161],[24.15862,51.42787],[24.14443,51.42658],[24.14133,51.43845],[24.18539,51.44306],[24.18683,51.44231],[24.1892,51.43352],[24.20474,51.43501],[24.2184,51.44269],[24.21742,51.44683],[24.24752,51.44986],[24.24582,51.45621],[24.25213,51.45609],[24.26422,51.46036],[24.25612,51.47264],[24.25712,51.47317],[24.26194,51.46992],[24.28349,51.4695],[24.31567,51.47662],[24.32183,51.48188],[24.32852,51.49584],[24.34897,51.49229],[24.35481,51.48962],[24.35802,51.48335],[24.36999,51.47811],[24.36897,51.47801],[24.37136,51.46896],[24.38073,51.46979],[24.3923,51.47436],[24.40679,51.50541],[24.40934,51.50664],[24.42775,51.50965],[24.43535,51.5141],[24.44402,51.5092],[24.45838,51.51123],[24.467,51.51615],[24.47765,51.51104],[24.49033,51.51178],[24.50636,51.5173],[24.50956,51.51898],[24.51191,51.52291],[24.53407,51.51888]]]]}},{"type":"Feature","properties":{},"geometry":{"type":"Polygon","coordinates":[[[24.37573,51.1752],[24.4002,51.17888],[24.40027,51.18276],[24.40368,51.18247],[24.42372,51.16841],[24.42301,51.16552],[24.42921,51.16462],[24.43658,51.15505],[24.43422,51.14449],[24.44716,51.14131],[24.46994,51.1423],[24.48124,51.13917],[24.50631,51.14053],[24.51946,51.1383],[24.53965,51.14071],[24.54917,51.13851],[24.5694,51.13775],[24.59342,51.1415],[24.60901,51.13895],[24.61739,51.14076],[24.63824,51.14155],[24.63977,51.1444],[24.64362,51.1463],[24.64645,51.15234],[24.64216,51.15617],[24.64347,51.15795],[24.65823,51.16696],[24.66346,51.16487],[24.65815,51.15946],[24.65863,51.1511],[24.65362,51.14906],[24.64747,51.14232],[24.68545,51.13765],[24.71076,51.13707],[24.71324,51.13128],[24.70778,51.12687],[24.69699,51.12555],[24.68544,51.12078],[24.68258,51.1162],[24.67817,51.09084],[24.6491,51.1043],[24.65076,51.10203],[24.65094,51.08589],[24.65339,51.079],[24.65996,51.07789],[24.6592,51.07513],[24.67256,51.074],[24.67333,51.07122],[24.67747,51.06993],[24.67482,51.06856],[24.67666,51.06562],[24.68691,51.06332],[24.6842,51.05729],[24.67812,51.05451],[24.67379,51.04919],[24.67342,51.04572],[24.67518,51.04505],[24.67509,51.04337],[24.65775,51.04425],[24.65829,51.04029],[24.66367,51.03825],[24.68991,51.03748],[24.68883,51.03263],[24.71845,51.03826],[24.72039,51.03102],[24.73817,51.03282],[24.73922,51.02694],[24.76341,51.03088],[24.76894,51.03606],[24.76935,51.0426],[24.76352,51.04955],[24.76308,51.05735],[24.7801,51.06479],[24.81888,51.07271],[24.83639,51.07113],[24.83586,51.06798],[24.84565,51.06548],[24.84912,51.06001],[24.85007,51.05203],[24.85662,51.04299],[24.86385,51.04438],[24.86453,51.04085],[24.8725,51.03698],[24.8515,51.02484],[24.84444,51.00103],[24.82794,51.00033],[24.83973,50.97933],[24.83917,50.96782],[24.84706,50.9704],[24.85403,50.96892],[24.8578,50.96614],[24.86594,50.96759],[24.86489,50.96363],[24.884,50.95402],[24.88984,50.94733],[24.88684,50.93972],[24.89281,50.92676],[24.8772,50.93335],[24.86955,50.94009],[24.82719,50.9406],[24.82632,50.93119],[24.8326,50.92471],[24.83243,50.92013],[24.82951,50.91894],[24.82576,50.90874],[24.82699,50.90477],[24.82893,50.90474],[24.82635,50.90025],[24.82621,50.89493],[24.81785,50.88651],[24.8003,50.88247],[24.79267,50.88626],[24.78459,50.88566],[24.77612,50.88751],[24.76499,50.89385],[24.74095,50.89992],[24.73173,50.88666],[24.73209,50.88216],[24.71095,50.88003],[24.71309,50.87011],[24.69569,50.86818],[24.66793,50.86152],[24.66599,50.86584],[24.65905,50.86736],[24.63669,50.87888],[24.62839,50.88116],[24.63033,50.88367],[24.62732,50.88492],[24.59884,50.89458],[24.58625,50.8958],[24.57505,50.90009],[24.56496,50.90119],[24.56638,50.90422],[24.56181,50.90656],[24.56029,50.90576],[24.55934,50.91019],[24.55154,50.91118],[24.54747,50.90609],[24.5426,50.9064],[24.53625,50.91296],[24.52064,50.91738],[24.51548,50.92191],[24.49668,50.92799],[24.48928,50.9326],[24.48627,50.93244],[24.48417,50.92815],[24.48111,50.92856],[24.46635,50.93274],[24.43923,50.93699],[24.42483,50.94198],[24.42975,50.94553],[24.43133,50.95107],[24.43655,50.95386],[24.43826,50.95832],[24.42259,50.95724],[24.39942,50.96107],[24.39738,50.96197],[24.3942,50.9687],[24.3683,50.97088],[24.35169,50.97638],[24.35386,50.97968],[24.36151,50.98518],[24.36695,50.98589],[24.36985,50.98394],[24.37502,50.98406],[24.37734,50.98609],[24.37425,51.01351],[24.36617,51.01315],[24.3681,51.02498],[24.3638,51.02558],[24.36967,51.04574],[24.33438,51.03961],[24.3319,51.03776],[24.31206,51.03872],[24.31535,51.05069],[24.29395,51.04951],[24.28687,51.05396],[24.28483,51.05288],[24.28358,51.05678],[24.28622,51.06718],[24.2907,51.07706],[24.29287,51.07751],[24.29469,51.08122],[24.29212,51.08323],[24.29339,51.08875],[24.26808,51.08895],[24.26577,51.09775],[24.26717,51.10318],[24.26613,51.11752],[24.25785,51.12011],[24.26247,51.12631],[24.26123,51.13911],[24.25674,51.14475],[24.24307,51.14971],[24.24837,51.15736],[24.28129,51.15428],[24.2835,51.15744],[24.29885,51.15488],[24.30471,51.16027],[24.32069,51.15706],[24.33562,51.17205],[24.34104,51.16645],[24.3466,51.1777],[24.34951,51.17923],[24.36063,51.1753],[24.37573,51.1752]]]}},{"type":"Feature","properties":{},"geometry":{"type":"Polygon","coordinates":[[[23.78927,51.66249],[23.79068,51.65644],[23.78841,51.65365],[23.7875,51.64772],[23.78832,51.64013],[23.80356,51.64028],[23.82716,51.64536],[23.84606,51.64033],[23.86776,51.64271],[23.91255,51.63146],[23.88892,51.61299],[23.88022,51.6083],[23.87566,51.59681],[23.88122,51.59191],[23.9035,51.59773],[23.94328,51.59678],[23.95935,51.58806],[23.97399,51.58677],[23.99632,51.58007],[24.01334,51.58818],[24.01766,51.59149],[24.01734,51.59606],[24.03268,51.6039],[24.07508,51.61879],[24.08517,51.61364],[24.09091,51.61464],[24.09581,51.59582],[24.10288,51.59136],[24.09808,51.59036],[24.09905,51.58404],[24.09054,51.58326],[24.09482,51.58097],[24.10009,51.58218],[24.10318,51.58079],[24.1106,51.58124],[24.11539,51.57758],[24.11723,51.57278],[24.11567,51.5712],[24.12478,51.56843],[24.13042,51.56286],[24.12025,51.54566],[24.14148,51.54063],[24.13681,51.5292],[24.13423,51.52842],[24.13377,51.52511],[24.15636,51.48379],[24.15521,51.48208],[24.13873,51.4828],[24.13118,51.4773],[24.13114,51.47357],[24.1403,51.47407],[24.14242,51.47016],[24.1342,51.46396],[24.13602,51.45764],[24.09816,51.45373],[24.09582,51.46247],[24.10033,51.46315],[24.09788,51.4716],[24.10347,51.4736],[24.10496,51.46823],[24.11307,51.46778],[24.11854,51.47229],[24.10824,51.48114],[24.10053,51.47642],[24.09152,51.47305],[24.08622,51.47296],[24.07644,51.46745],[24.07381,51.47068],[24.06509,51.46843],[24.05688,51.46227],[24.03227,51.45951],[24.02354,51.45555],[24.03223,51.45262],[24.02577,51.44297],[24.02606,51.41761],[24.03154,51.4106],[24.0283,51.40226],[24.027,51.40373],[24.01346,51.40531],[24.01245,51.40939],[24.00811,51.41012],[24.00642,51.41706],[23.9889,51.4135],[23.98514,51.40468],[23.97786,51.40265],[23.97613,51.40826],[23.97967,51.41334],[23.97684,51.41471],[23.98461,51.41952],[23.98342,51.42203],[23.9799,51.42313],[23.97871,51.41994],[23.97072,51.41799],[23.95799,51.40979],[23.95601,51.40628],[23.95103,51.40448],[23.94568,51.3966],[23.94636,51.39357],[23.94482,51.3911],[23.93836,51.38809],[23.93402,51.38824],[23.92889,51.38584],[23.92908,51.38472],[23.92013,51.38501],[23.90143,51.37777],[23.89067,51.39276],[23.88139,51.39263],[23.86014,51.40779],[23.87271,51.41464],[23.86438,51.41974],[23.83311,51.40455],[23.8249,51.3962],[23.8314,51.39224],[23.81959,51.38594],[23.804,51.39575],[23.79915,51.39459],[23.78974,51.39734],[23.78489,51.40424],[23.77696,51.41111],[23.77214,51.41142],[23.77009,51.41309],[23.75902,51.41304],[23.75501,51.41429],[23.75206,51.4183],[23.73657,51.41314],[23.73849,51.40815],[23.74244,51.40769],[23.74669,51.40353],[23.72021,51.39587],[23.71321,51.40298],[23.69753,51.40561],[23.69659,51.40831],[23.70219,51.41175],[23.69508,51.41222],[23.69288,51.41475],[23.70141,51.41786],[23.70268,51.42024],[23.68858,51.41913],[23.68464,51.42652],[23.67885,51.42803],[23.6768,51.4303],[23.67847,51.43346],[23.6859,51.43372],[23.68125,51.43768],[23.68654,51.44294],[23.68604,51.44489],[23.68276,51.44517],[23.67635,51.44113],[23.6685,51.44537],[23.66041,51.44414],[23.64936,51.44624],[23.65147,51.44942],[23.64855,51.45126],[23.65107,51.45348],[23.64692,51.45655],[23.64679,51.4593],[23.6546,51.45982],[23.66023,51.46493],[23.6653,51.46678],[23.66711,51.47101],[23.67384,51.46978],[23.67644,51.47088],[23.67506,51.4735],[23.67125,51.47501],[23.67027,51.48251],[23.6639,51.48507],[23.66321,51.48805],[23.65866,51.49069],[23.65454,51.48944],[23.65146,51.48584],[23.63846,51.48544],[23.63562,51.49079],[23.63095,51.49101],[23.62671,51.49467],[23.61973,51.49678],[23.62045,51.49835],[23.62441,51.49943],[23.62434,51.5012],[23.61644,51.50314],[23.61768,51.50793],[23.62583,51.50356],[23.66679,51.49865],[23.67314,51.49999],[23.67209,51.50044],[23.67671,51.50654],[23.67141,51.51914],[23.65623,51.53224],[23.65464,51.53586],[23.63621,51.5495],[23.63647,51.55635],[23.64299,51.55827],[23.65419,51.56742],[23.65956,51.56723],[23.66456,51.57747],[23.6576,51.58676],[23.63788,51.59358],[23.63148,51.59248],[23.62558,51.59971],[23.62509,51.60256],[23.6265,51.60393],[23.62522,51.6079],[23.6205,51.60862],[23.61534,51.6133],[23.60512,51.61681],[23.60407,51.62146],[23.63012,51.62894],[23.64482,51.63921],[23.65994,51.639],[23.66631,51.64152],[23.67545,51.64878],[23.67821,51.6531],[23.70292,51.64853],[23.71778,51.65126],[23.73562,51.65769],[23.74896,51.65997],[23.75484,51.65913],[23.78272,51.66749],[23.78692,51.66555],[23.78927,51.66249]]]}},{"type":"Feature","properties":{},"geometry":{"type":"Polygon","coordinates":[[[25.02784,50.48536],[25.03829,50.48525],[25.04328,50.47991],[25.05818,50.47619],[25.06634,50.46713],[25.0751,50.4637],[25.08389,50.47545],[25.09402,50.46939],[25.11306,50.46535],[25.12501,50.46101],[25.13499,50.46006],[25.13831,50.46112],[25.13799,50.45296],[25.14927,50.45228],[25.15175,50.44681],[25.14759,50.44145],[25.14527,50.44148],[25.14567,50.43939],[25.14155,50.44162],[25.14191,50.43849],[25.13697,50.43679],[25.13599,50.43372],[25.13951,50.43154],[25.13913,50.42824],[25.1457,50.42728],[25.14842,50.42919],[25.14945,50.42739],[25.15361,50.42915],[25.15854,50.42894],[25.15741,50.42757],[25.15845,50.42661],[25.15647,50.42565],[25.15869,50.42403],[25.15806,50.42274],[25.16303,50.41829],[25.1667,50.41888],[25.16829,50.41707],[25.16669,50.41572],[25.16857,50.41457],[25.16696,50.41224],[25.16918,50.41123],[25.17072,50.40803],[25.1692,50.40748],[25.17268,50.40105],[25.16941,50.40001],[25.16936,50.39586],[25.17792,50.39263],[25.18075,50.39614],[25.1974,50.3934],[25.20272,50.3907],[25.20231,50.38634],[25.20685,50.38641],[25.20511,50.38492],[25.20637,50.38323],[25.20467,50.38253],[25.20536,50.38077],[25.20977,50.38135],[25.20735,50.37975],[25.20924,50.37588],[25.20872,50.37286],[25.20557,50.37397],[25.20689,50.37203],[25.20412,50.37158],[25.20304,50.36854],[25.20573,50.36797],[25.20168,50.3674],[25.19865,50.36311],[25.19564,50.36456],[25.19482,50.36251],[25.19229,50.36437],[25.18749,50.36293],[25.18647,50.36493],[25.18275,50.36175],[25.17929,50.36219],[25.18034,50.36561],[25.17251,50.37079],[25.17398,50.37303],[25.17303,50.37555],[25.17202,50.377],[25.16847,50.37727],[25.16977,50.37841],[25.16898,50.37971],[25.16215,50.37954],[25.16357,50.37651],[25.16025,50.37595],[25.15974,50.37299],[25.15313,50.37202],[25.15115,50.37005],[25.14737,50.37143],[25.14174,50.36915],[25.14698,50.36527],[25.14383,50.36175],[25.15184,50.35204],[25.1459,50.34425],[25.15478,50.34083],[25.16632,50.33111],[25.1295,50.31841],[25.1319,50.31328],[25.13026,50.31064],[25.10905,50.31221],[25.11045,50.30519],[25.10672,50.30547],[25.10666,50.29998],[25.10058,50.30039],[25.10132,50.29506],[25.11143,50.29428],[25.11261,50.28724],[25.07108,50.29436],[25.06539,50.29817],[25.05412,50.30096],[25.05553,50.30161],[25.05358,50.302],[25.05615,50.30303],[25.05221,50.306],[25.05472,50.30632],[25.05343,50.30832],[25.05628,50.30948],[25.05454,50.31053],[25.05696,50.31178],[25.05329,50.31352],[25.055,50.31451],[25.05309,50.3159],[25.05571,50.3173],[25.0553,50.31936],[25.05756,50.31976],[25.05614,50.3238],[25.05959,50.32451],[25.06013,50.32921],[25.05735,50.33424],[25.05415,50.3355],[25.05695,50.33844],[25.05656,50.33983],[25.05969,50.34089],[25.05894,50.34228],[25.04456,50.34243],[25.03334,50.34584],[25.01683,50.34172],[24.96789,50.37231],[24.94841,50.38717],[24.94066,50.38947],[24.94169,50.39417],[24.93438,50.39551],[24.93592,50.40179],[24.94565,50.40209],[24.94872,50.4047],[24.94919,50.41887],[24.94341,50.4276],[24.94169,50.4371],[24.94889,50.43456],[24.96381,50.43523],[24.95924,50.45032],[24.97097,50.44846],[24.9984,50.4505],[25.00836,50.45458],[25.01945,50.45389],[25.02165,50.45976],[25.02033,50.46174],[25.03022,50.47503],[25.02784,50.48536]]]}},{"type":"Feature","properties":{},"geometry":{"type":"Polygon","coordinates":[[[25.35111,50.73829],[25.36457,50.73452],[25.3623,50.72749],[25.36429,50.7243],[25.35989,50.72439],[25.37366,50.70975],[25.3802,50.70915],[25.3762,50.70819],[25.37743,50.70535],[25.38162,50.70617],[25.38014,50.70354],[25.39025,50.70278],[25.39099,50.70043],[25.39548,50.70281],[25.40373,50.70055],[25.38898,50.69787],[25.38145,50.69417],[25.38054,50.69272],[25.38862,50.69433],[25.38642,50.6895],[25.37565,50.68233],[25.38197,50.68051],[25.38766,50.67453],[25.38846,50.6655],[25.38452,50.66571],[25.38691,50.66168],[25.38694,50.65799],[25.38484,50.65491],[25.38254,50.65509],[25.37851,50.65124],[25.37151,50.65153],[25.3715,50.65431],[25.36221,50.65189],[25.35807,50.64901],[25.35678,50.64525],[25.35573,50.64889],[25.35287,50.64943],[25.35206,50.64641],[25.35391,50.64389],[25.3518,50.64325],[25.35134,50.64111],[25.35667,50.63928],[25.35961,50.64242],[25.36278,50.6432],[25.36137,50.63953],[25.36363,50.63798],[25.37121,50.63409],[25.3797,50.63342],[25.37792,50.63166],[25.38603,50.62954],[25.38616,50.6285],[25.38247,50.62911],[25.38248,50.62458],[25.38458,50.623],[25.38288,50.61963],[25.38861,50.61768],[25.38971,50.61565],[25.393,50.61694],[25.39961,50.61576],[25.40583,50.61172],[25.39887,50.60757],[25.39392,50.60811],[25.39113,50.60563],[25.39239,50.60788],[25.38334,50.60909],[25.38314,50.61149],[25.37102,50.61149],[25.37097,50.60962],[25.34999,50.61017],[25.34898,50.6143],[25.32786,50.61213],[25.3221,50.62004],[25.31183,50.62916],[25.29195,50.63052],[25.29242,50.61212],[25.30053,50.61041],[25.29915,50.60545],[25.30483,50.60299],[25.30484,50.59735],[25.30017,50.57965],[25.31877,50.58361],[25.32142,50.56873],[25.31533,50.55676],[25.311,50.55776],[25.31091,50.54641],[25.30567,50.54488],[25.30561,50.54351],[25.30142,50.54146],[25.30049,50.53808],[25.2959,50.53899],[25.27951,50.5367],[25.27067,50.53295],[25.25581,50.53274],[25.24339,50.53375],[25.24651,50.53747],[25.23048,50.54107],[25.1995,50.54185],[25.19046,50.54337],[25.18866,50.54566],[25.1916,50.55132],[25.19094,50.55578],[25.18479,50.57169],[25.1725,50.57228],[25.17957,50.58148],[25.17879,50.59364],[25.16966,50.5991],[25.16569,50.6115],[25.15748,50.61284],[25.15944,50.61477],[25.16781,50.61334],[25.16914,50.61992],[25.16304,50.62054],[25.15782,50.62389],[25.13453,50.63088],[25.11939,50.63129],[25.12008,50.6352],[25.11236,50.63665],[25.10972,50.64295],[25.1023,50.6473],[25.10631,50.65628],[25.11209,50.65674],[25.10907,50.65899],[25.11023,50.66209],[25.10641,50.66245],[25.1106,50.66564],[25.11123,50.66851],[25.10902,50.67049],[25.09911,50.67059],[25.09571,50.67467],[25.09848,50.67779],[25.10814,50.68],[25.11148,50.68325],[25.12062,50.68322],[25.12152,50.68651],[25.12438,50.68729],[25.12502,50.68912],[25.14171,50.68754],[25.14819,50.69047],[25.15059,50.69378],[25.15624,50.69515],[25.14891,50.71331],[25.15828,50.7163],[25.16659,50.7088],[25.17318,50.71098],[25.18117,50.71033],[25.19347,50.71499],[25.1917,50.71649],[25.22027,50.72065],[25.26366,50.72221],[25.27875,50.71757],[25.28173,50.72036],[25.29083,50.71622],[25.29167,50.71879],[25.2949,50.71831],[25.29602,50.72061],[25.29878,50.71979],[25.30103,50.72209],[25.30679,50.71926],[25.30405,50.71611],[25.29982,50.71454],[25.30709,50.71389],[25.30588,50.70862],[25.32073,50.70731],[25.32013,50.69963],[25.29815,50.69954],[25.29726,50.69433],[25.30075,50.6942],[25.29986,50.69175],[25.31752,50.68914],[25.32356,50.69672],[25.32044,50.69954],[25.32102,50.70729],[25.32021,50.71203],[25.32425,50.71112],[25.32436,50.7135],[25.3277,50.71376],[25.32786,50.71666],[25.32005,50.71629],[25.32324,50.72],[25.32456,50.72457],[25.31944,50.72666],[25.31437,50.72495],[25.3112,50.72739],[25.32553,50.73732],[25.34282,50.73826],[25.34405,50.74219],[25.35111,50.73829]]]}},{"type":"Feature","properties":{},"geometry":{"type":"Polygon","coordinates":[[[25.09878,50.67079],[25.11034,50.6699],[25.1106,50.66564],[25.10641,50.66245],[25.11023,50.66209],[25.10907,50.65899],[25.11209,50.65674],[25.10631,50.65628],[25.1023,50.6473],[25.10972,50.64295],[25.11236,50.63665],[25.12008,50.6352],[25.11939,50.63129],[25.13453,50.63088],[25.15782,50.62389],[25.16304,50.62054],[25.16914,50.61992],[25.16781,50.61334],[25.15944,50.61477],[25.15748,50.61284],[25.16569,50.6115],[25.16966,50.5991],[25.17879,50.59364],[25.17957,50.58148],[25.1725,50.57228],[25.18479,50.57169],[25.19094,50.55578],[25.19139,50.55145],[25.15253,50.54743],[25.13684,50.54789],[25.12368,50.55349],[25.12242,50.54321],[25.11732,50.53748],[25.1221,50.53299],[25.1222,50.52883],[25.14405,50.52133],[25.15153,50.51556],[25.15271,50.51103],[25.1579,50.50828],[25.15987,50.50297],[25.16301,50.50063],[25.1599,50.49541],[25.15822,50.48351],[25.14949,50.46682],[25.13906,50.47155],[25.13649,50.46801],[25.11314,50.47193],[25.10332,50.47066],[25.08645,50.47578],[25.08389,50.47545],[25.0751,50.4637],[25.06634,50.46713],[25.05818,50.47619],[25.04328,50.47991],[25.03829,50.48525],[25.02784,50.48536],[25.01979,50.5],[25.02086,50.50651],[25.01643,50.51109],[25.01565,50.52638],[25.02723,50.52683],[25.01315,50.52789],[24.99677,50.52263],[24.996,50.52438],[25.00012,50.5273],[25.00022,50.5307],[25.00685,50.53881],[25.00717,50.54128],[25.0048,50.54493],[25.00595,50.54761],[24.99707,50.54769],[24.97999,50.53099],[24.97502,50.53067],[24.9628,50.54804],[24.95827,50.56507],[24.95389,50.56481],[24.95175,50.57594],[24.95262,50.57864],[24.95688,50.57672],[24.96795,50.5757],[24.9598,50.58919],[24.95154,50.61236],[24.94626,50.62091],[24.96594,50.62453],[24.97373,50.62967],[24.9839,50.62474],[24.98191,50.61832],[25.00705,50.62458],[25.01784,50.62815],[25.06333,50.65303],[25.07498,50.65756],[25.08225,50.65742],[25.08041,50.66795],[25.08099,50.67571],[25.09821,50.67958],[25.09827,50.67628],[25.09567,50.67429],[25.09878,50.67079]]]}},{"type":"Feature","properties":{},"geometry":{"type":"MultiPolygon","coordinates":[[[[24.73186,50.46187],[24.73947,50.46214],[24.74186,50.45715],[24.73788,50.4541],[24.73904,50.45258],[24.73319,50.45186],[24.73271,50.45361],[24.73566,50.45384],[24.73522,50.45775],[24.7248,50.45759],[24.72568,50.45502],[24.7198,50.45154],[24.72383,50.46142],[24.72786,50.46129],[24.73011,50.45956],[24.73186,50.46187]]],[[[24.68791,50.46651],[24.68962,50.46571],[24.68789,50.46573],[24.68791,50.46651]]],[[[24.72016,50.47387],[24.72245,50.46934],[24.74316,50.46912],[24.72965,50.46734],[24.74016,50.4658],[24.74822,50.46648],[24.74829,50.46495],[24.72522,50.46655],[24.72424,50.4663],[24.72579,50.4645],[24.71023,50.46194],[24.70893,50.45972],[24.70053,50.45975],[24.69966,50.4589],[24.70107,50.45804],[24.70671,50.45645],[24.70571,50.45275],[24.70376,50.45371],[24.70454,50.45645],[24.70049,50.45758],[24.69644,50.45279],[24.70412,50.44926],[24.6953,50.45068],[24.69375,50.44739],[24.69127,50.44769],[24.69182,50.45021],[24.68123,50.45117],[24.692,50.45122],[24.69328,50.4544],[24.68656,50.45649],[24.68599,50.45882],[24.695,50.45609],[24.69663,50.45981],[24.69865,50.45934],[24.70161,50.46135],[24.69624,50.46424],[24.69808,50.46723],[24.68711,50.47215],[24.70314,50.46785],[24.7049,50.47099],[24.70621,50.47076],[24.70517,50.46714],[24.70741,50.4671],[24.70763,50.46531],[24.70981,50.46534],[24.71127,50.46277],[24.72032,50.46409],[24.71563,50.46818],[24.72154,50.46846],[24.71898,50.47374],[24.72016,50.47387]]],[[[24.68611,50.46572],[24.67559,50.46399],[24.68413,50.46568],[24.67354,50.47098],[24.67353,50.47402],[24.6757,50.47267],[24.67467,50.47161],[24.68611,50.46572]]],[[[24.71658,50.4736],[24.71452,50.47314],[24.71394,50.4741],[24.71607,50.47462],[24.71658,50.4736]]],[[[24.90527,50.66813],[24.92221,50.66959],[24.92329,50.65293],[24.91573,50.65272],[24.90074,50.64103],[24.94585,50.62278],[24.95154,50.61236],[24.9598,50.58919],[24.96795,50.5757],[24.95688,50.57672],[24.95262,50.57864],[24.95175,50.57594],[24.95389,50.56481],[24.95827,50.56507],[24.9628,50.54804],[24.97502,50.53067],[24.97999,50.53099],[24.99707,50.54769],[25.00595,50.54761],[25.0048,50.54493],[25.00717,50.54128],[25.00685,50.53881],[25.00022,50.5307],[25.00012,50.5273],[24.996,50.52438],[24.99677,50.52263],[25.01315,50.52789],[25.02723,50.52683],[25.01565,50.52638],[25.01643,50.51109],[25.02086,50.50651],[25.01979,50.5],[25.027,50.48861],[25.03014,50.47831],[25.02864,50.47171],[25.02033,50.46174],[25.02165,50.45976],[25.01945,50.45389],[25.00836,50.45458],[24.9946,50.4499],[24.96519,50.44841],[24.95576,50.45111],[24.93476,50.45278],[24.92195,50.45874],[24.91356,50.45628],[24.88681,50.45545],[24.88467,50.46052],[24.87978,50.46099],[24.84286,50.45199],[24.83266,50.45454],[24.8252,50.45295],[24.82059,50.45555],[24.81231,50.45708],[24.81165,50.46657],[24.81948,50.47287],[24.81067,50.4734],[24.81114,50.48165],[24.77873,50.47472],[24.78385,50.48355],[24.77162,50.48614],[24.76085,50.48524],[24.75362,50.48718],[24.74043,50.47668],[24.73066,50.48084],[24.72168,50.47512],[24.70564,50.47798],[24.70356,50.48099],[24.69398,50.47992],[24.68438,50.48215],[24.6778,50.48194],[24.67542,50.48349],[24.6698,50.47903],[24.66944,50.47323],[24.67126,50.47189],[24.6737,50.44539],[24.70904,50.44438],[24.72611,50.43066],[24.71552,50.4265],[24.71201,50.39789],[24.69273,50.38939],[24.67218,50.39887],[24.65589,50.4012],[24.65129,50.4033],[24.65381,50.40999],[24.64838,50.41076],[24.64173,50.40825],[24.63047,50.40811],[24.59665,50.41349],[24.59839,50.43523],[24.59775,50.45053],[24.59933,50.45619],[24.5906,50.45767],[24.58864,50.46168],[24.59797,50.46642],[24.59759,50.4789],[24.59248,50.4806],[24.59104,50.48807],[24.58777,50.4934],[24.59653,50.49562],[24.5961,50.49783],[24.58658,50.49999],[24.58792,50.49374],[24.56996,50.48893],[24.56322,50.48913],[24.56292,50.49262],[24.55473,50.49287],[24.55356,50.50594],[24.55923,50.51089],[24.55031,50.52089],[24.54825,50.52681],[24.54821,50.53346],[24.5403,50.54068],[24.54356,50.54188],[24.54685,50.53686],[24.55205,50.5338],[24.56393,50.53327],[24.56577,50.54445],[24.5723,50.54435],[24.5726,50.55079],[24.57537,50.552],[24.57554,50.55455],[24.55241,50.55695],[24.55468,50.56362],[24.56668,50.56247],[24.57521,50.55901],[24.58196,50.5583],[24.61603,50.56089],[24.62543,50.57052],[24.62444,50.57124],[24.63512,50.57566],[24.63719,50.58295],[24.63951,50.5835],[24.64481,50.59172],[24.67708,50.58604],[24.70008,50.59005],[24.73301,50.59133],[24.73526,50.59043],[24.73922,50.58092],[24.73718,50.57207],[24.75079,50.569],[24.7693,50.56877],[24.7693,50.56989],[24.77822,50.57321],[24.81516,50.57403],[24.83117,50.57722],[24.83304,50.58207],[24.82641,50.59928],[24.83933,50.61014],[24.84778,50.6127],[24.86792,50.62918],[24.875,50.63088],[24.87751,50.63428],[24.85976,50.63407],[24.85811,50.6359],[24.86176,50.65445],[24.87349,50.65515],[24.87659,50.65769],[24.87646,50.66208],[24.88043,50.66368],[24.87454,50.67035],[24.88191,50.67353],[24.87744,50.67975],[24.8897,50.68065],[24.89327,50.67636],[24.89453,50.6716],[24.90527,50.66813]]]]}},{"type":"Feature","properties":{},"geometry":{"type":"Polygon","coordinates":[[[24.94781,51.01862],[24.987,51.02002],[24.99419,51.0216],[25.00265,51.01734],[25.00857,51.01875],[25.01489,51.0074],[25.01245,51.00569],[25.03307,51.00022],[25.03695,50.99647],[25.04398,50.99651],[25.04607,50.98999],[25.04405,50.98782],[25.04073,50.97231],[25.03427,50.97638],[25.02974,50.97218],[25.03569,50.96383],[25.05287,50.96165],[25.05446,50.94013],[25.05301,50.92112],[25.02334,50.91938],[25.01125,50.90205],[24.9831,50.90829],[24.98704,50.90445],[24.98656,50.90152],[24.99164,50.90117],[25.00512,50.89639],[25.00886,50.89293],[25.00439,50.88536],[25.00602,50.88113],[25.00392,50.8785],[25.00986,50.87359],[25.00487,50.86709],[25.00613,50.86194],[24.99939,50.85996],[24.99649,50.85633],[24.99016,50.85437],[24.98862,50.85081],[24.96176,50.85853],[24.95813,50.85453],[24.94917,50.84961],[24.92917,50.84722],[24.92378,50.8493],[24.9099,50.84345],[24.91057,50.84169],[24.90124,50.83609],[24.882,50.84643],[24.87215,50.84999],[24.86632,50.85467],[24.8374,50.85828],[24.82872,50.85784],[24.83183,50.86627],[24.82792,50.88632],[24.81785,50.88651],[24.82621,50.89493],[24.82635,50.90025],[24.82893,50.90474],[24.82699,50.90477],[24.82576,50.90874],[24.82951,50.91894],[24.83243,50.92013],[24.8326,50.92471],[24.82632,50.93119],[24.82719,50.9406],[24.86955,50.94009],[24.8772,50.93335],[24.89281,50.92676],[24.88684,50.93972],[24.88984,50.94733],[24.884,50.95402],[24.86489,50.96363],[24.86594,50.96759],[24.8578,50.96614],[24.85403,50.96892],[24.84706,50.9704],[24.83917,50.96782],[24.83973,50.97933],[24.82794,51.00033],[24.87029,51.00132],[24.90409,50.99992],[24.91259,51.00856],[24.94781,51.01862]]]}},{"type":"Feature","properties":{},"geometry":{"type":"Polygon","coordinates":[[[25.65452,51.03055],[25.65656,51.0245],[25.67631,51.01586],[25.68256,51.01512],[25.6916,51.02459],[25.69854,51.0283],[25.70946,51.02187],[25.71088,51.01722],[25.70745,51.01291],[25.70796,51.0116],[25.71095,51.01146],[25.71719,51.00019],[25.73481,50.99711],[25.73755,50.99266],[25.73572,50.98896],[25.73902,50.98929],[25.74786,50.99467],[25.75247,50.99257],[25.75386,50.98603],[25.75702,50.98141],[25.75287,50.97881],[25.76045,50.97751],[25.7624,50.97583],[25.76844,50.9766],[25.77607,50.9873],[25.78523,50.9944],[25.7889,51.00396],[25.85686,51.00116],[25.8583,50.96577],[25.84322,50.9659],[25.84329,50.96065],[25.7583,50.95951],[25.75573,50.97056],[25.74819,50.97071],[25.74038,50.96853],[25.73707,50.96318],[25.73903,50.9394],[25.71302,50.92693],[25.70661,50.92468],[25.70242,50.92588],[25.69592,50.91596],[25.66212,50.92142],[25.66026,50.91778],[25.69396,50.91233],[25.6905,50.90695],[25.69047,50.90129],[25.6971,50.90122],[25.70095,50.89515],[25.71138,50.89268],[25.71216,50.88975],[25.71596,50.88692],[25.69083,50.88401],[25.69378,50.85979],[25.67873,50.85923],[25.68055,50.84359],[25.678,50.84164],[25.67806,50.83964],[25.5807,50.83579],[25.57932,50.8391],[25.57672,50.83886],[25.57431,50.84194],[25.55106,50.83859],[25.52775,50.84403],[25.52781,50.84065],[25.52425,50.83912],[25.51724,50.84134],[25.49579,50.81883],[25.48606,50.82223],[25.48387,50.81583],[25.47611,50.8185],[25.47318,50.81552],[25.4656,50.82027],[25.46337,50.81809],[25.46068,50.81867],[25.45885,50.81735],[25.46292,50.81323],[25.46041,50.80887],[25.42695,50.8205],[25.43053,50.82206],[25.42787,50.82377],[25.42972,50.82541],[25.42703,50.82624],[25.42888,50.82801],[25.41257,50.83281],[25.41476,50.83531],[25.39959,50.84081],[25.40692,50.84958],[25.38609,50.85783],[25.40078,50.8746],[25.3908,50.87895],[25.39536,50.88825],[25.39464,50.89125],[25.39119,50.89321],[25.39289,50.89984],[25.38523,50.90008],[25.38472,50.90219],[25.37216,50.90038],[25.35523,50.90236],[25.36366,50.91882],[25.36693,50.91883],[25.37413,50.92417],[25.36924,50.92769],[25.37055,50.931],[25.36934,50.93292],[25.37475,50.93175],[25.37839,50.93359],[25.38114,50.93161],[25.3851,50.93244],[25.38706,50.92904],[25.39144,50.92715],[25.39604,50.9279],[25.40365,50.92248],[25.40589,50.92271],[25.41039,50.93059],[25.40005,50.93456],[25.40425,50.94276],[25.40012,50.95079],[25.39618,50.95092],[25.39512,50.9528],[25.3715,50.94933],[25.35854,50.95184],[25.35597,50.96947],[25.38686,50.97577],[25.39072,50.98163],[25.41841,50.98112],[25.42636,50.98855],[25.42156,50.99127],[25.42063,50.99504],[25.42562,51.00472],[25.42927,51.00617],[25.44993,51.00742],[25.45277,51.0068],[25.45133,51.00346],[25.45222,51.00175],[25.46164,51.00138],[25.46597,50.99837],[25.47256,51.00172],[25.47279,51.00327],[25.47778,51.00285],[25.49672,51.00629],[25.50362,50.99969],[25.52706,50.99602],[25.53025,51.00195],[25.55405,51.00203],[25.55384,51.00041],[25.55914,50.99576],[25.55631,50.99131],[25.57606,50.98606],[25.58011,50.99432],[25.58001,50.99637],[25.57651,50.99846],[25.57893,51.00447],[25.57783,51.00988],[25.58572,51.01864],[25.58346,51.02468],[25.58442,51.02571],[25.60858,51.02005],[25.61206,51.02342],[25.61686,51.02259],[25.62287,51.02664],[25.63078,51.02836],[25.64632,51.03765],[25.65057,51.0355],[25.65452,51.03055]]]}},{"type":"Feature","properties":{},"geometry":{"type":"Polygon","coordinates":[[[25.99572,51.22782],[26.06539,51.17936],[26.06773,51.17688],[26.05812,51.17214],[26.06101,51.16607],[26.07011,51.15796],[26.07084,51.15557],[26.06719,51.14795],[26.05869,51.14261],[26.04614,51.14192],[26.0432,51.13948],[26.01178,51.13085],[26.0087,51.1357],[26.0084,51.14021],[25.99325,51.13926],[25.99473,51.1234],[25.9799,51.12279],[25.97207,51.12539],[25.95945,51.12572],[25.94161,51.11937],[25.93819,51.11251],[25.94988,51.10321],[25.94896,51.09569],[25.94396,51.09376],[25.94656,51.08688],[25.94414,51.08501],[25.94134,51.08608],[25.94159,51.08399],[25.98222,51.07755],[25.99913,51.07828],[26.01694,51.08329],[26.09117,51.05061],[26.09354,51.04363],[26.06426,51.04607],[26.05616,51.04419],[26.00522,51.04069],[26.00465,51.0434],[25.95489,51.04179],[25.93662,51.03805],[25.93446,51.03297],[25.92464,51.02715],[25.91647,51.02485],[25.91888,51.03101],[25.91578,51.03634],[25.90831,51.03464],[25.9013,51.04155],[25.89855,51.04217],[25.89547,51.03831],[25.89684,51.02322],[25.89919,51.01715],[25.89619,51.01311],[25.88821,51.01166],[25.88321,51.0127],[25.88339,51.01427],[25.87378,51.01413],[25.87472,51.00814],[25.87097,51.00776],[25.8609,51.00148],[25.83696,51.00112],[25.82027,51.00359],[25.7889,51.00396],[25.78523,50.9944],[25.77607,50.9873],[25.76844,50.9766],[25.76585,50.97537],[25.75287,50.97881],[25.75702,50.98141],[25.75386,50.98603],[25.75247,50.99257],[25.74786,50.99467],[25.73902,50.98929],[25.73572,50.98896],[25.73755,50.99266],[25.73481,50.99711],[25.71719,51.00019],[25.71095,51.01146],[25.70796,51.0116],[25.70745,51.01291],[25.71088,51.01722],[25.70946,51.02187],[25.69854,51.0283],[25.6916,51.02459],[25.68256,51.01512],[25.67631,51.01586],[25.65656,51.0245],[25.65129,51.03475],[25.64632,51.03765],[25.63078,51.02836],[25.62287,51.02664],[25.61686,51.02259],[25.61206,51.02342],[25.60858,51.02005],[25.58442,51.02571],[25.58346,51.02468],[25.58572,51.01864],[25.57783,51.00988],[25.57893,51.00447],[25.57651,50.99846],[25.58001,50.99637],[25.58011,50.99432],[25.57606,50.98606],[25.55631,50.99131],[25.55914,50.99576],[25.55384,51.00041],[25.55405,51.00203],[25.53025,51.00195],[25.52706,50.99602],[25.50362,50.99969],[25.49672,51.00629],[25.47778,51.00285],[25.47279,51.00327],[25.47256,51.00172],[25.46597,50.99837],[25.46164,51.00138],[25.45222,51.00175],[25.45133,51.00346],[25.45277,51.0068],[25.44993,51.00742],[25.45355,51.0076],[25.45476,51.0103],[25.45131,51.01357],[25.45707,51.01794],[25.45578,51.02059],[25.45719,51.02262],[25.45346,51.02612],[25.45559,51.02883],[25.45443,51.03122],[25.44864,51.03231],[25.44139,51.03903],[25.43141,51.03678],[25.42947,51.04091],[25.43615,51.04373],[25.43774,51.06676],[25.43223,51.07042],[25.43529,51.07056],[25.43524,51.0718],[25.42297,51.07233],[25.42076,51.07679],[25.42324,51.08241],[25.41131,51.09605],[25.40187,51.10485],[25.37523,51.11852],[25.38516,51.12239],[25.3956,51.12364],[25.40187,51.12725],[25.40337,51.12637],[25.429,51.13162],[25.45716,51.15793],[25.48433,51.15877],[25.48462,51.14946],[25.49858,51.15188],[25.50505,51.14735],[25.53242,51.15176],[25.53016,51.1546],[25.5408,51.15461],[25.54101,51.15812],[25.56463,51.15767],[25.56818,51.1539],[25.58066,51.15962],[25.58778,51.15802],[25.64038,51.15923],[25.64295,51.15733],[25.64218,51.15262],[25.646,51.15031],[25.65156,51.15367],[25.65872,51.15538],[25.65823,51.15903],[25.75503,51.14541],[25.78029,51.14032],[25.78357,51.1413],[25.78358,51.14415],[25.78617,51.14406],[25.78861,51.14807],[25.78313,51.14899],[25.78653,51.15082],[25.78327,51.15099],[25.7812,51.15297],[25.7781,51.15173],[25.77998,51.15342],[25.77942,51.15596],[25.77694,51.15609],[25.77911,51.15888],[25.77911,51.1664],[25.78078,51.16656],[25.78137,51.16804],[25.77999,51.1689],[25.78203,51.16989],[25.77884,51.17287],[25.77472,51.17258],[25.77363,51.17462],[25.77525,51.17777],[25.77143,51.17835],[25.77716,51.18101],[25.77385,51.1835],[25.77442,51.18476],[25.77608,51.18409],[25.78161,51.19029],[25.78348,51.19048],[25.78286,51.18924],[25.78514,51.18727],[25.78607,51.18914],[25.79344,51.18988],[25.79222,51.19158],[25.79588,51.19235],[25.80457,51.19313],[25.81571,51.19021],[25.83009,51.19624],[25.83511,51.19524],[25.85464,51.2044],[25.8754,51.20649],[25.8803,51.21245],[25.88945,51.21748],[25.91,51.21851],[25.94878,51.23216],[25.99572,51.22782]]]}},{"type":"Feature","properties":{},"geometry":{"type":"Polygon","coordinates":[[[25.11836,50.93888],[25.14763,50.91656],[25.15134,50.92635],[25.18717,50.92142],[25.18207,50.93426],[25.18518,50.94357],[25.19473,50.94348],[25.20074,50.93026],[25.22357,50.92464],[25.23729,50.92956],[25.23612,50.92762],[25.24157,50.92459],[25.24074,50.92245],[25.23673,50.92229],[25.24905,50.92014],[25.24684,50.9148],[25.23529,50.91622],[25.2348,50.91482],[25.23732,50.91453],[25.23911,50.91067],[25.23985,50.91265],[25.24821,50.91189],[25.24769,50.91026],[25.25043,50.90996],[25.25163,50.91243],[25.25047,50.90697],[25.24669,50.90727],[25.24631,50.90583],[25.2539,50.90183],[25.24638,50.89454],[25.24707,50.89237],[25.25743,50.89057],[25.25818,50.89335],[25.26636,50.89236],[25.26625,50.88608],[25.2715,50.88052],[25.27153,50.87688],[25.27616,50.87124],[25.28352,50.86706],[25.28063,50.86389],[25.27488,50.8619],[25.27647,50.86018],[25.26883,50.85774],[25.2675,50.85598],[25.26387,50.85701],[25.26059,50.85403],[25.23443,50.85009],[25.22714,50.86262],[25.21926,50.85967],[25.21705,50.86232],[25.20313,50.85764],[25.20309,50.85258],[25.19763,50.84774],[25.18267,50.84602],[25.17627,50.84741],[25.16932,50.84425],[25.15031,50.85144],[25.14621,50.86239],[25.12688,50.86402],[25.12664,50.85915],[25.1311,50.83839],[25.13674,50.8374],[25.13563,50.83537],[25.14075,50.82844],[25.1372,50.82612],[25.13734,50.82454],[25.12385,50.82432],[25.12028,50.80788],[25.10511,50.81101],[25.08883,50.80262],[25.06454,50.81871],[25.05943,50.81639],[25.04793,50.81581],[25.04896,50.82093],[25.05231,50.822],[25.0579,50.81963],[25.06274,50.82976],[25.06036,50.83012],[25.06764,50.84024],[25.07517,50.8381],[25.08358,50.85185],[25.0487,50.8644],[25.03119,50.87207],[25.02469,50.87755],[25.01546,50.87326],[25.00797,50.8745],[25.00392,50.8785],[25.00602,50.88113],[25.00439,50.88536],[25.00886,50.89293],[25.0075,50.89498],[24.99164,50.90117],[24.98656,50.90152],[24.98704,50.90445],[24.9831,50.90829],[25.01125,50.90205],[25.02334,50.91938],[25.05301,50.92112],[25.05446,50.94013],[25.06426,50.93829],[25.09696,50.97554],[25.11174,50.97694],[25.16136,50.97207],[25.14995,50.95672],[25.11836,50.93888]]]}},{"type":"Feature","properties":{},"geometry":{"type":"Polygon","coordinates":[[[25.34467,50.89745],[25.40078,50.8746],[25.38609,50.85783],[25.40692,50.84958],[25.39959,50.84081],[25.41476,50.83531],[25.41257,50.83281],[25.42888,50.82801],[25.42703,50.82624],[25.42972,50.82541],[25.42787,50.82377],[25.43053,50.82206],[25.42695,50.8205],[25.46041,50.80887],[25.46292,50.81323],[25.45885,50.81735],[25.46068,50.81867],[25.46337,50.81809],[25.4656,50.82027],[25.46981,50.8166],[25.4746,50.80647],[25.47731,50.80497],[25.47527,50.8008],[25.43167,50.78928],[25.42249,50.78091],[25.41033,50.77965],[25.37567,50.7687],[25.37678,50.76285],[25.38635,50.76336],[25.3888,50.75965],[25.39561,50.76072],[25.39619,50.75948],[25.39233,50.75892],[25.39223,50.75647],[25.39372,50.75575],[25.39355,50.75428],[25.39167,50.75411],[25.39335,50.74496],[25.39154,50.74412],[25.39224,50.7394],[25.38365,50.73873],[25.38409,50.736],[25.40592,50.73698],[25.40373,50.73404],[25.38695,50.72751],[25.38883,50.72611],[25.37437,50.72025],[25.37124,50.72363],[25.3633,50.72043],[25.35987,50.72456],[25.36429,50.7243],[25.3623,50.72749],[25.36457,50.73452],[25.34877,50.73899],[25.34429,50.74219],[25.34282,50.73826],[25.32553,50.73732],[25.31756,50.73294],[25.3112,50.72739],[25.31437,50.72495],[25.31944,50.72666],[25.32456,50.72457],[25.32324,50.72],[25.32005,50.71629],[25.32786,50.71666],[25.3279,50.71553],[25.3277,50.71376],[25.32436,50.7135],[25.32425,50.71112],[25.32021,50.71203],[25.32102,50.70729],[25.32044,50.69954],[25.32356,50.69672],[25.31752,50.68914],[25.29986,50.69175],[25.30075,50.6942],[25.29726,50.69433],[25.29815,50.69954],[25.32013,50.69963],[25.32073,50.70731],[25.30588,50.70862],[25.30709,50.71389],[25.29982,50.71454],[25.30617,50.71755],[25.30561,50.72065],[25.30103,50.72209],[25.29878,50.71979],[25.29602,50.72061],[25.2949,50.71831],[25.29167,50.71879],[25.29083,50.71622],[25.28173,50.72036],[25.27875,50.71757],[25.26264,50.72227],[25.21064,50.71936],[25.1917,50.71649],[25.19347,50.71499],[25.18117,50.71033],[25.17318,50.71098],[25.16659,50.7088],[25.15828,50.7163],[25.14891,50.71331],[25.15624,50.69515],[25.15059,50.69378],[25.14819,50.69047],[25.14171,50.68754],[25.12699,50.68973],[25.12152,50.68651],[25.12021,50.68302],[25.11148,50.68325],[25.10814,50.68],[25.1008,50.67758],[25.09848,50.67779],[25.09698,50.68716],[25.09277,50.68482],[25.08727,50.68454],[25.08563,50.68088],[25.06944,50.68016],[25.05927,50.68411],[25.03019,50.68433],[25.0048,50.7176],[25.0887,50.71977],[25.10003,50.71828],[25.10626,50.72087],[25.10491,50.72491],[25.11103,50.72482],[25.11442,50.73642],[25.11696,50.73645],[25.11739,50.74107],[25.11946,50.74309],[25.10731,50.7519],[25.1055,50.75285],[25.10257,50.75162],[25.10091,50.75328],[25.10403,50.76444],[25.09533,50.76644],[25.09625,50.77046],[25.08616,50.77418],[25.08142,50.77401],[25.08194,50.77659],[25.0871,50.77911],[25.08586,50.78009],[25.07453,50.78294],[25.06817,50.78252],[25.0637,50.78778],[25.05852,50.78925],[25.06298,50.79352],[25.06888,50.79192],[25.10473,50.81092],[25.12028,50.80788],[25.12385,50.82432],[25.13734,50.82454],[25.1372,50.82612],[25.14075,50.82844],[25.13563,50.83537],[25.13674,50.8374],[25.1311,50.83839],[25.12664,50.85915],[25.12688,50.86402],[25.14621,50.86239],[25.15031,50.85144],[25.16932,50.84425],[25.17627,50.84741],[25.18267,50.84602],[25.19763,50.84774],[25.20309,50.85258],[25.20313,50.85764],[25.21705,50.86232],[25.21926,50.85967],[25.22714,50.86262],[25.23443,50.85009],[25.25862,50.85363],[25.25609,50.84985],[25.25996,50.84622],[25.25842,50.84401],[25.26176,50.84361],[25.26295,50.84097],[25.26511,50.84092],[25.2676,50.84336],[25.28242,50.84191],[25.28114,50.86104],[25.29998,50.86126],[25.29977,50.86539],[25.31337,50.86581],[25.31224,50.87413],[25.29895,50.87212],[25.29852,50.87762],[25.30036,50.87969],[25.31073,50.88423],[25.32748,50.8819],[25.34467,50.89745]]]}},{"type":"Feature","properties":{},"geometry":{"type":"Polygon","coordinates":[[[24.75362,50.48718],[24.76085,50.48524],[24.77162,50.48614],[24.78385,50.48355],[24.77873,50.47472],[24.81114,50.48165],[24.81067,50.4734],[24.81948,50.47287],[24.81165,50.46657],[24.81231,50.45708],[24.82059,50.45555],[24.8252,50.45295],[24.83266,50.45454],[24.84286,50.45199],[24.87978,50.46099],[24.88467,50.46052],[24.88681,50.45545],[24.91356,50.45628],[24.92195,50.45874],[24.93476,50.45278],[24.95924,50.45032],[24.96381,50.43523],[24.94889,50.43456],[24.94169,50.4371],[24.94341,50.4276],[24.94919,50.41887],[24.94872,50.4047],[24.94565,50.40209],[24.93592,50.40179],[24.93438,50.39551],[24.94169,50.39417],[24.94066,50.38947],[24.93697,50.38265],[24.92933,50.37821],[24.93569,50.37278],[24.93949,50.3642],[24.93675,50.34559],[24.91225,50.34692],[24.9114,50.34539],[24.88883,50.34602],[24.88559,50.34466],[24.88722,50.35859],[24.86581,50.35961],[24.86082,50.35452],[24.85936,50.3496],[24.84946,50.3514],[24.81064,50.34802],[24.80789,50.34664],[24.78929,50.34597],[24.77728,50.33766],[24.7138,50.3423],[24.71625,50.35681],[24.71493,50.35809],[24.72072,50.36801],[24.72168,50.37338],[24.70713,50.38361],[24.69273,50.38939],[24.71201,50.39789],[24.71552,50.4265],[24.72611,50.43066],[24.70904,50.44438],[24.6737,50.44539],[24.67126,50.47189],[24.66944,50.47323],[24.6698,50.47903],[24.67542,50.48349],[24.6778,50.48194],[24.68438,50.48215],[24.69398,50.47992],[24.70356,50.48099],[24.70564,50.47798],[24.72168,50.47512],[24.73066,50.48084],[24.74043,50.47668],[24.75362,50.48718]],[[24.71394,50.4741],[24.71452,50.47314],[24.71658,50.4736],[24.71607,50.47462],[24.71394,50.4741]],[[24.71898,50.47374],[24.72154,50.46846],[24.71563,50.46818],[24.72032,50.46409],[24.71127,50.46277],[24.70981,50.46534],[24.70763,50.46531],[24.70741,50.4671],[24.70517,50.46714],[24.70621,50.47076],[24.7049,50.47099],[24.70314,50.46785],[24.68711,50.47215],[24.69808,50.46723],[24.69624,50.46424],[24.70161,50.46135],[24.69865,50.45934],[24.69663,50.45981],[24.695,50.45609],[24.68599,50.45882],[24.68656,50.45649],[24.69328,50.4544],[24.692,50.45122],[24.68123,50.45117],[24.69182,50.45021],[24.69127,50.44769],[24.69375,50.44739],[24.6953,50.45068],[24.70412,50.44926],[24.69644,50.45279],[24.70049,50.45758],[24.70454,50.45645],[24.70376,50.45371],[24.70571,50.45275],[24.70671,50.45645],[24.70107,50.45804],[24.69966,50.4589],[24.70053,50.45975],[24.70893,50.45972],[24.71023,50.46194],[24.72579,50.4645],[24.72424,50.4663],[24.72522,50.46655],[24.74829,50.46495],[24.74822,50.46648],[24.74016,50.4658],[24.72965,50.46734],[24.74316,50.46912],[24.72245,50.46934],[24.72016,50.47387],[24.71898,50.47374]],[[24.73186,50.46187],[24.73011,50.45956],[24.72786,50.46129],[24.72383,50.46142],[24.7198,50.45154],[24.72568,50.45502],[24.7248,50.45759],[24.73522,50.45775],[24.73566,50.45384],[24.73271,50.45361],[24.73319,50.45186],[24.73904,50.45258],[24.73788,50.4541],[24.74186,50.45715],[24.73947,50.46214],[24.73186,50.46187]],[[24.67559,50.46399],[24.68558,50.46511],[24.68611,50.46572],[24.67467,50.47161],[24.6757,50.47267],[24.67353,50.47402],[24.67354,50.47098],[24.68413,50.46568],[24.67559,50.46399]],[[24.68791,50.46651],[24.68962,50.46571],[24.68964,50.46649],[24.68791,50.46651]]]}},{"type":"Feature","properties":{},"geometry":{"type":"Polygon","coordinates":[[[25.69688,50.87232],[25.71902,50.87176],[25.72731,50.87768],[25.72996,50.87767],[25.74588,50.87538],[25.75482,50.86946],[25.79869,50.86993],[25.79891,50.83168],[25.79856,50.8265],[25.79754,50.82696],[25.79633,50.82435],[25.81201,50.82187],[25.81293,50.82405],[25.81766,50.82102],[25.81698,50.81983],[25.81325,50.82072],[25.81028,50.81947],[25.81152,50.81716],[25.80952,50.81592],[25.80993,50.81365],[25.81211,50.81221],[25.81071,50.80963],[25.80139,50.80911],[25.8009,50.80563],[25.80523,50.80302],[25.80535,50.80099],[25.80221,50.79709],[25.80207,50.79395],[25.79968,50.79269],[25.80432,50.78966],[25.80504,50.78728],[25.80298,50.78399],[25.80472,50.78315],[25.80471,50.77867],[25.81472,50.77828],[25.83329,50.7746],[25.83475,50.78042],[25.88739,50.77248],[25.8868,50.76411],[25.88091,50.75598],[25.87704,50.75332],[25.87185,50.73863],[25.87778,50.71833],[25.8771,50.71082],[25.8787,50.70853],[25.87585,50.70219],[25.87051,50.69649],[25.86989,50.68844],[25.85373,50.67656],[25.8505,50.67164],[25.85064,50.66888],[25.82353,50.64674],[25.82638,50.64123],[25.84452,50.63092],[25.82934,50.61981],[25.82542,50.62089],[25.81784,50.62827],[25.81863,50.63295],[25.79255,50.6667],[25.79521,50.66952],[25.78628,50.66981],[25.77288,50.67626],[25.74235,50.66969],[25.7088,50.67146],[25.70733,50.67612],[25.70805,50.67914],[25.7221,50.68351],[25.70681,50.69327],[25.7034,50.6995],[25.69551,50.70318],[25.6985,50.70595],[25.69396,50.72474],[25.68051,50.72235],[25.68456,50.74046],[25.68772,50.74079],[25.69417,50.7827],[25.67354,50.7821],[25.67393,50.78443],[25.64587,50.79416],[25.6316,50.78605],[25.62651,50.78971],[25.61371,50.7942],[25.62604,50.80668],[25.62318,50.83782],[25.67806,50.83964],[25.678,50.84164],[25.68055,50.84359],[25.67873,50.85923],[25.69378,50.85979],[25.69187,50.87886],[25.69688,50.87232]]]}},{"type":"Feature","properties":{},"geometry":{"type":"Polygon","coordinates":[[[25.52775,50.84403],[25.55106,50.83859],[25.57431,50.84194],[25.57672,50.83886],[25.57932,50.8391],[25.5807,50.83579],[25.62318,50.83782],[25.62604,50.80668],[25.61371,50.7942],[25.62651,50.78971],[25.6316,50.78605],[25.64587,50.79416],[25.67393,50.78443],[25.67354,50.7821],[25.69417,50.7827],[25.68772,50.74079],[25.68456,50.74046],[25.68051,50.72235],[25.62935,50.71435],[25.60688,50.7174],[25.59918,50.71574],[25.59739,50.71391],[25.60167,50.69624],[25.59825,50.69613],[25.59184,50.7002],[25.5792,50.70009],[25.56677,50.69293],[25.56349,50.69227],[25.56231,50.69463],[25.53005,50.68509],[25.51269,50.68439],[25.50287,50.68083],[25.50355,50.67969],[25.47562,50.67245],[25.46956,50.68005],[25.45895,50.67482],[25.46379,50.66926],[25.45702,50.66252],[25.43454,50.66476],[25.42984,50.66682],[25.40711,50.66846],[25.39651,50.67431],[25.38915,50.68512],[25.38569,50.68783],[25.38848,50.69465],[25.3805,50.69317],[25.38898,50.69787],[25.39881,50.69888],[25.40361,50.70093],[25.39548,50.70281],[25.39099,50.70043],[25.39025,50.70278],[25.38045,50.70336],[25.38187,50.70598],[25.3778,50.70515],[25.37603,50.7076],[25.3802,50.70915],[25.37366,50.70975],[25.3633,50.72043],[25.37124,50.72363],[25.37437,50.72025],[25.37648,50.72102],[25.38883,50.72611],[25.38695,50.72751],[25.39015,50.72928],[25.40373,50.73404],[25.40594,50.73693],[25.38409,50.736],[25.38365,50.73873],[25.39224,50.7394],[25.39154,50.74412],[25.39335,50.74496],[25.39167,50.75411],[25.39355,50.75428],[25.39372,50.75575],[25.39223,50.75647],[25.39233,50.75892],[25.39619,50.75948],[25.39561,50.76072],[25.3888,50.75965],[25.38635,50.76336],[25.37678,50.76285],[25.37567,50.7687],[25.41033,50.77965],[25.42249,50.78091],[25.43409,50.79023],[25.47527,50.8008],[25.47731,50.80497],[25.4746,50.80647],[25.46981,50.8166],[25.47318,50.81552],[25.47611,50.8185],[25.48387,50.81583],[25.48606,50.82223],[25.49579,50.81883],[25.51724,50.84134],[25.52425,50.83912],[25.52781,50.84065],[25.52775,50.84403]]]}},{"type":"Feature","properties":{},"geometry":{"type":"Polygon","coordinates":[[[25.29474,51.12838],[25.32021,51.12704],[25.32031,51.12447],[25.31777,51.12078],[25.32791,51.1179],[25.33297,51.11148],[25.35625,51.11384],[25.37464,51.11878],[25.40187,51.10485],[25.42324,51.08241],[25.42076,51.07679],[25.42297,51.07233],[25.43524,51.0718],[25.43529,51.07056],[25.43237,51.06987],[25.43774,51.06676],[25.43615,51.04373],[25.42947,51.04091],[25.43141,51.03678],[25.44139,51.03903],[25.44864,51.03231],[25.45443,51.03122],[25.45559,51.02883],[25.45346,51.02612],[25.45719,51.02262],[25.45578,51.02059],[25.45707,51.01794],[25.45131,51.01357],[25.45476,51.0103],[25.4544,51.00854],[25.42562,51.00472],[25.42063,50.99504],[25.42156,50.99127],[25.42636,50.98855],[25.41841,50.98112],[25.39072,50.98163],[25.38686,50.97577],[25.35597,50.96947],[25.35854,50.95184],[25.3715,50.94933],[25.39512,50.9528],[25.39618,50.95092],[25.40012,50.95079],[25.40425,50.94276],[25.40005,50.93456],[25.41039,50.93059],[25.40589,50.92271],[25.40365,50.92248],[25.39604,50.9279],[25.39144,50.92715],[25.38706,50.92904],[25.3851,50.93244],[25.38114,50.93161],[25.37839,50.93359],[25.37475,50.93175],[25.36934,50.93292],[25.37055,50.931],[25.36924,50.92769],[25.37413,50.92417],[25.36693,50.91883],[25.36366,50.91882],[25.35627,50.90625],[25.35523,50.90236],[25.37216,50.90038],[25.38472,50.90219],[25.38523,50.90008],[25.39289,50.89984],[25.39119,50.89321],[25.39464,50.89125],[25.39536,50.88825],[25.3908,50.87895],[25.34467,50.89745],[25.32748,50.8819],[25.31073,50.88423],[25.30036,50.87969],[25.29852,50.87762],[25.29895,50.87212],[25.31224,50.87413],[25.31337,50.86581],[25.29977,50.86539],[25.29998,50.86126],[25.28114,50.86104],[25.2811,50.84867],[25.28284,50.84197],[25.2676,50.84336],[25.2635,50.84074],[25.26176,50.84361],[25.25842,50.84401],[25.25996,50.84622],[25.25604,50.85074],[25.26282,50.8567],[25.26722,50.85589],[25.27647,50.86018],[25.27488,50.8619],[25.28063,50.86389],[25.28364,50.86776],[25.27616,50.87124],[25.27153,50.87688],[25.2715,50.88052],[25.26625,50.88608],[25.26636,50.89236],[25.25818,50.89335],[25.25743,50.89057],[25.24707,50.89237],[25.24638,50.89454],[25.2539,50.90183],[25.24631,50.90583],[25.24669,50.90727],[25.25047,50.90697],[25.25163,50.91243],[25.25043,50.90996],[25.24769,50.91026],[25.24821,50.91189],[25.23985,50.91265],[25.23911,50.91067],[25.23732,50.91453],[25.2348,50.91482],[25.23529,50.91622],[25.24684,50.9148],[25.24905,50.92014],[25.23673,50.92229],[25.24074,50.92245],[25.24157,50.92459],[25.23612,50.92762],[25.23729,50.92956],[25.22357,50.92464],[25.20074,50.93026],[25.19473,50.94348],[25.18518,50.94357],[25.18207,50.93426],[25.18717,50.92142],[25.15134,50.92635],[25.14763,50.91656],[25.11836,50.93888],[25.14995,50.95672],[25.16136,50.97207],[25.11174,50.97694],[25.09696,50.97554],[25.06426,50.93829],[25.05446,50.94013],[25.05287,50.96165],[25.03569,50.96383],[25.02974,50.97218],[25.03427,50.97638],[25.04073,50.97231],[25.04405,50.98782],[25.04607,50.98999],[25.04398,50.99651],[25.03695,50.99647],[25.03307,51.00022],[25.01245,51.00569],[25.01489,51.0074],[25.00857,51.01875],[25.0209,51.02194],[25.02199,51.02495],[25.02964,51.02421],[25.05432,51.02951],[25.08809,51.03328],[25.09148,51.0285],[25.12159,51.02858],[25.12566,51.03233],[25.13881,51.03183],[25.13922,51.04025],[25.14079,51.04313],[25.17611,51.04784],[25.18389,51.04779],[25.18664,51.0459],[25.18832,51.03861],[25.19048,51.03874],[25.19355,51.04257],[25.1934,51.04604],[25.20063,51.04907],[25.20323,51.05212],[25.21119,51.05444],[25.21507,51.06437],[25.2257,51.06782],[25.22734,51.07035],[25.23586,51.07129],[25.23843,51.07387],[25.2411,51.07357],[25.24917,51.07966],[25.24544,51.08356],[25.24301,51.09703],[25.24985,51.10428],[25.25549,51.12114],[25.26399,51.11944],[25.26582,51.12422],[25.2926,51.11885],[25.29474,51.12838]]]}},{"type":"Feature","properties":{},"geometry":{"type":"Polygon","coordinates":[[[25.02469,50.87755],[25.03119,50.87207],[25.0487,50.8644],[25.08358,50.85185],[25.07517,50.8381],[25.06764,50.84024],[25.06036,50.83012],[25.06274,50.82976],[25.0579,50.81963],[25.05231,50.822],[25.04896,50.82093],[25.04793,50.81581],[25.05943,50.81639],[25.06454,50.81871],[25.08883,50.80262],[25.06888,50.79192],[25.06298,50.79352],[25.05852,50.78925],[25.0637,50.78778],[25.06817,50.78252],[25.07925,50.78226],[25.08697,50.77948],[25.08194,50.77659],[25.08142,50.77401],[25.08616,50.77418],[25.09625,50.77046],[25.09533,50.76644],[25.10403,50.76444],[25.10091,50.75328],[25.10257,50.75162],[25.1055,50.75285],[25.10731,50.7519],[25.11946,50.74309],[25.11739,50.74107],[25.11696,50.73645],[25.11442,50.73642],[25.11103,50.72482],[25.10491,50.72491],[25.10626,50.72087],[25.10097,50.71835],[25.0887,50.71977],[25.0048,50.7176],[25.03019,50.68433],[25.05927,50.68411],[25.06978,50.68014],[25.08563,50.68088],[25.08727,50.68454],[25.09277,50.68482],[25.09698,50.68716],[25.09821,50.67958],[25.08099,50.67571],[25.08041,50.66795],[25.08225,50.65742],[25.07498,50.65756],[25.06333,50.65303],[25.01784,50.62815],[24.98524,50.61858],[24.98191,50.61832],[24.9839,50.62474],[24.97373,50.62967],[24.96594,50.62453],[24.94626,50.62091],[24.94585,50.62278],[24.90074,50.64103],[24.91573,50.65272],[24.92329,50.65293],[24.92221,50.66959],[24.90429,50.66839],[24.89453,50.6716],[24.89327,50.67636],[24.8897,50.68065],[24.87744,50.67975],[24.87509,50.6848],[24.86488,50.68422],[24.86361,50.68759],[24.86617,50.69187],[24.86696,50.69832],[24.86565,50.69913],[24.86729,50.70127],[24.86576,50.70189],[24.86901,50.70869],[24.87565,50.71458],[24.89915,50.70707],[24.93594,50.70443],[24.93991,50.71517],[24.93948,50.74904],[24.94203,50.75571],[24.93694,50.76029],[24.93618,50.76623],[24.93126,50.77686],[24.92175,50.7773],[24.91784,50.80078],[24.90472,50.80435],[24.89861,50.82011],[24.90124,50.83609],[24.91057,50.84169],[24.9099,50.84345],[24.92378,50.8493],[24.92917,50.84722],[24.94917,50.84961],[24.95813,50.85453],[24.96176,50.85853],[24.98862,50.85081],[24.99016,50.85437],[24.99649,50.85633],[24.99939,50.85996],[25.00569,50.86127],[25.00657,50.86385],[25.00487,50.86709],[25.00986,50.87359],[25.01546,50.87326],[25.02469,50.87755]]]}},{"type":"Feature","properties":{},"geometry":{"type":"Polygon","coordinates":[[[26.09354,51.04363],[26.10731,51.00507],[26.08804,51.00401],[26.08716,51.00223],[26.08559,51.00263],[26.07905,50.98983],[26.08293,50.98704],[26.08063,50.98637],[26.0847,50.9732],[26.07695,50.97109],[26.04825,50.97189],[26.02119,50.964],[26.00106,50.96455],[25.99387,50.96305],[25.99304,50.96127],[25.9896,50.96045],[25.9841,50.96132],[25.96702,50.95696],[26.0007,50.93539],[25.99168,50.86584],[26.00117,50.86204],[26.00563,50.86516],[26.01233,50.86628],[26.03814,50.85081],[26.03689,50.8458],[26.0395,50.84174],[26.02983,50.84039],[26.02474,50.8247],[26.02196,50.82084],[26.01845,50.82303],[26.01297,50.82373],[26.00039,50.82246],[25.98906,50.82354],[25.97764,50.82102],[25.9693,50.82646],[25.95798,50.82435],[25.95512,50.82674],[25.95683,50.82845],[25.95432,50.8298],[25.94745,50.82619],[25.94325,50.82738],[25.94306,50.82931],[25.93322,50.83076],[25.93024,50.82965],[25.9228,50.83234],[25.91674,50.82913],[25.91017,50.83255],[25.90607,50.83028],[25.90281,50.83179],[25.90138,50.82961],[25.90046,50.81343],[25.89014,50.79841],[25.89021,50.79099],[25.88747,50.78635],[25.88739,50.77248],[25.83475,50.78042],[25.83329,50.7746],[25.81472,50.77828],[25.80471,50.77867],[25.80472,50.78315],[25.80298,50.78399],[25.80504,50.78728],[25.80432,50.78966],[25.79968,50.79269],[25.80207,50.79395],[25.80221,50.79709],[25.80535,50.80099],[25.80523,50.80302],[25.8009,50.80563],[25.80139,50.80911],[25.81071,50.80963],[25.81211,50.81221],[25.80993,50.81365],[25.80952,50.81592],[25.81152,50.81716],[25.81028,50.81947],[25.81325,50.82072],[25.81698,50.81983],[25.81766,50.82102],[25.81293,50.82405],[25.81201,50.82187],[25.79633,50.82435],[25.79754,50.82696],[25.79856,50.8265],[25.79891,50.83168],[25.79869,50.86993],[25.75482,50.86946],[25.74588,50.87538],[25.72996,50.87767],[25.72731,50.87768],[25.71902,50.87176],[25.69688,50.87232],[25.69187,50.87886],[25.69083,50.88401],[25.71596,50.88692],[25.71216,50.88975],[25.71138,50.89268],[25.70095,50.89515],[25.6971,50.90122],[25.69047,50.90129],[25.6905,50.90695],[25.69396,50.91233],[25.66026,50.91778],[25.66212,50.92142],[25.69592,50.91596],[25.70242,50.92588],[25.70661,50.92468],[25.71302,50.92693],[25.73903,50.9394],[25.73707,50.96318],[25.74038,50.96853],[25.74819,50.97071],[25.75573,50.97056],[25.7583,50.95951],[25.84329,50.96065],[25.84322,50.9659],[25.8583,50.96577],[25.85686,51.00116],[25.86386,51.00217],[25.86689,51.00565],[25.87472,51.00814],[25.87378,51.01413],[25.88339,51.01427],[25.88321,51.0127],[25.88821,51.01166],[25.89619,51.01311],[25.89919,51.01715],[25.89684,51.02322],[25.89547,51.03831],[25.89855,51.04217],[25.9013,51.04155],[25.90831,51.03464],[25.91578,51.03634],[25.91888,51.03101],[25.91647,51.02485],[25.92464,51.02715],[25.93446,51.03297],[25.93662,51.03805],[25.95489,51.04179],[26.00465,51.0434],[26.00522,51.04069],[26.05616,51.04419],[26.06426,51.04607],[26.09354,51.04363]]]}}]}
