{"type":"FeatureCollection","features":[{"type":"Feature","properties":{"raion":"Ізюмський","hromada":"Ізюмська","settlement":"Іванівка"},"geometry":{"type":"Point","coordinates":[37.099759,49.276428]}},{"type":"Feature","properties":{"raion":"Ізюмський","hromada":"Ізюмська","settlement":"Ізюм"},"geometry":{"type":"Point","coordinates":[37.271394,49.194798]}},{"type":"Feature","properties":{"raion":"Ізюмський","hromada":"Ізюмська","settlement":"Іскра"},"geometry":{"type":"Point","coordinates":[37.286633,49.305501]}},{"type":"Feature","properties":{"raion":"Ізюмський","hromada":"Ізюмська","settlement":"Бабенкове"},"geometry":{"type":"Point","coordinates":[37.326194,49.244326]}},{"type":"Feature","properties":{"raion":"Ізюмський","hromada":"Ізюмська","settlement":"Бригадирівка"},"geometry":{"type":"Point","coordinates":[37.36676,49.290072]}},{"type":"Feature","properties":{"raion":"Ізюмський","hromada":"Ізюмська","settlement":"Глинське"},"geometry":{"type":"Point","coordinates":[37.219215,49.252123]}},{"type":"Feature","properties":{"raion":"Ізюмський","hromada":"Ізюмська","settlement":"Забавне"},"geometry":{"type":"Point","coordinates":[37.220232,49.291848]}},{"type":"Feature","properties":{"raion":"Ізюмський","hromada":"Ізюмська","settlement":"Кам'янка"},"geometry":{"type":"Point","coordinates":[37.300084,49.126936]}},{"type":"Feature","properties":{"raion":"Ізюмський","hromada":"Ізюмська","settlement":"Крамарівка"},"geometry":{"type":"Point","coordinates":[37.267598,49.277701]}},{"type":"Feature","properties":{"raion":"Ізюмський","hromada":"Ізюмська","settlement":"Левківка"},"geometry":{"type":"Point","coordinates":[37.143884,49.293751]}},{"type":"Feature","properties":{"raion":"Ізюмський","hromada":"Ізюмська","settlement":"Пимонівка"},"geometry":{"type":"Point","coordinates":[37.2661,49.245287]}},{"type":"Feature","properties":{"raion":"Ізюмський","hromada":"Ізюмська","settlement":"Рудневе"},"geometry":{"type":"Point","coordinates":[36.999263,49.285725]}},{"type":"Feature","properties":{"raion":"Ізюмський","hromada":"Ізюмська","settlement":"Синичено"},"geometry":{"type":"Point","coordinates":[37.376333,49.105631]}},{"type":"Feature","properties":{"raion":"Ізюмський","hromada":"Ізюмська","settlement":"Суха Кам'янка"},"geometry":{"type":"Point","coordinates":[37.344244,49.092827]}},{"type":"Feature","properties":{"raion":"Ізюмський","hromada":"Ізюмська","settlement":"Тихоцьке"},"geometry":{"type":"Point","coordinates":[37.359175,49.078928]}},{"type":"Feature","properties":{"raion":"Ізюмський","hromada":"Ізюмська","settlement":"Федорівка"},"geometry":{"type":"Point","coordinates":[37.303209,49.294643]}},{"type":"Feature","properties":{"raion":"Ізюмський","hromada":"Балаклійська","settlement":"Асіївка"},"geometry":{"type":"Point","coordinates":[36.674362,49.366549]}},{"type":"Feature","properties":{"raion":"Ізюмський","hromada":"Балаклійська","settlement":"Байрак"},"geometry":{"type":"Point","coordinates":[36.831136,49.411861]}},{"type":"Feature","properties":{"raion":"Ізюмський","hromada":"Балаклійська","settlement":"Балаклія"},"geometry":{"type":"Point","coordinates":[36.835943,49.460309]}},{"type":"Feature","properties":{"raion":"Ізюмський","hromada":"Балаклійська","settlement":"Берестянки"},"geometry":{"type":"Point","coordinates":[36.868635,49.230527]}},{"type":"Feature","properties":{"raion":"Ізюмський","hromada":"Балаклійська","settlement":"Борщівка"},"geometry":{"type":"Point","coordinates":[36.963376,49.50038]}},{"type":"Feature","properties":{"raion":"Ізюмський","hromada":"Балаклійська","settlement":"Бригадирівка"},"geometry":{"type":"Point","coordinates":[37.101571,49.561564]}},{"type":"Feature","properties":{"raion":"Ізюмський","hromada":"Балаклійська","settlement":"Вербівка"},"geometry":{"type":"Point","coordinates":[36.83718,49.486224]}},{"type":"Feature","properties":{"raion":"Ізюмський","hromada":"Балаклійська","settlement":"Вовчий Яр"},"geometry":{"type":"Point","coordinates":[36.811019,49.605189]}},{"type":"Feature","properties":{"raion":"Ізюмський","hromada":"Балаклійська","settlement":"Волвенкове"},"geometry":{"type":"Point","coordinates":[36.802478,49.252614]}},{"type":"Feature","properties":{"raion":"Ізюмський","hromada":"Балаклійська","settlement":"Волобуївка"},"geometry":{"type":"Point","coordinates":[36.870285,49.331186]}},{"type":"Feature","properties":{"raion":"Ізюмський","hromada":"Балаклійська","settlement":"Волохів Яр"},"geometry":{"type":"Point","coordinates":[36.979315,49.595186]}},{"type":"Feature","properties":{"raion":"Ізюмський","hromada":"Балаклійська","settlement":"Вільне"},"geometry":{"type":"Point","coordinates":[36.707241,49.257505]}},{"type":"Feature","properties":{"raion":"Ізюмський","hromada":"Балаклійська","settlement":"Вітрівка"},"geometry":{"type":"Point","coordinates":[36.966471,49.321629]}},{"type":"Feature","properties":{"raion":"Ізюмський","hromada":"Балаклійська","settlement":"Гусарівка"},"geometry":{"type":"Point","coordinates":[36.811611,49.357497]}},{"type":"Feature","properties":{"raion":"Ізюмський","hromada":"Балаклійська","settlement":"Завгороднє"},"geometry":{"type":"Point","coordinates":[36.913634,49.19941]}},{"type":"Feature","properties":{"raion":"Ізюмський","hromada":"Балаклійська","settlement":"Калинівка"},"geometry":{"type":"Point","coordinates":[36.898369,49.577944]}},{"type":"Feature","properties":{"raion":"Ізюмський","hromada":"Балаклійська","settlement":"Крейдянка"},"geometry":{"type":"Point","coordinates":[36.773452,49.436336]}},{"type":"Feature","properties":{"raion":"Ізюмський","hromada":"Балаклійська","settlement":"Криничне"},"geometry":{"type":"Point","coordinates":[36.745902,49.448473]}},{"type":"Feature","properties":{"raion":"Ізюмський","hromada":"Балаклійська","settlement":"Лозовенька"},"geometry":{"type":"Point","coordinates":[36.639539,49.265684]}},{"type":"Feature","properties":{"raion":"Ізюмський","hromada":"Балаклійська","settlement":"Мілова"},"geometry":{"type":"Point","coordinates":[36.706568,49.448065]}},{"type":"Feature","properties":{"raion":"Ізюмський","hromada":"Балаклійська","settlement":"Нова Гусарівка"},"geometry":{"type":"Point","coordinates":[36.87735,49.3923]}},{"type":"Feature","properties":{"raion":"Ізюмський","hromada":"Балаклійська","settlement":"Нова Серпухівка"},"geometry":{"type":"Point","coordinates":[36.714653,49.274666]}},{"type":"Feature","properties":{"raion":"Ізюмський","hromada":"Балаклійська","settlement":"Новомиколаївка"},"geometry":{"type":"Point","coordinates":[36.543037,49.39214]}},{"type":"Feature","properties":{"raion":"Ізюмський","hromada":"Балаклійська","settlement":"Первомайське"},"geometry":{"type":"Point","coordinates":[36.740025,49.406929]}},{"type":"Feature","properties":{"raion":"Ізюмський","hromada":"Балаклійська","settlement":"Петрівське"},"geometry":{"type":"Point","coordinates":[36.900357,49.174662]}},{"type":"Feature","properties":{"raion":"Ізюмський","hromada":"Балаклійська","settlement":"Попівка"},"geometry":{"type":"Point","coordinates":[36.68392,49.337585]}},{"type":"Feature","properties":{"raion":"Ізюмський","hromada":"Балаклійська","settlement":"Протопопівка"},"geometry":{"type":"Point","coordinates":[36.915778,49.245265]}},{"type":"Feature","properties":{"raion":"Ізюмський","hromada":"Балаклійська","settlement":"Слобожанське"},"geometry":{"type":"Point","coordinates":[36.579219,49.370145]}},{"type":"Feature","properties":{"raion":"Ізюмський","hromada":"Балаклійська","settlement":"Соколівка"},"geometry":{"type":"Point","coordinates":[36.648369,49.385235]}},{"type":"Feature","properties":{"raion":"Ізюмський","hromada":"Балаклійська","settlement":"Степок"},"geometry":{"type":"Point","coordinates":[36.843849,49.574879]}},{"type":"Feature","properties":{"raion":"Ізюмський","hromada":"Балаклійська","settlement":"Таранушине"},"geometry":{"type":"Point","coordinates":[36.933303,49.566664]}},{"type":"Feature","properties":{"raion":"Ізюмський","hromada":"Балаклійська","settlement":"Успенське"},"geometry":{"type":"Point","coordinates":[36.622589,49.35394]}},{"type":"Feature","properties":{"raion":"Ізюмський","hromada":"Балаклійська","settlement":"Чепіль"},"geometry":{"type":"Point","coordinates":[36.91793,49.320341]}},{"type":"Feature","properties":{"raion":"Ізюмський","hromada":"Балаклійська","settlement":"Червоний Шлях"},"geometry":{"type":"Point","coordinates":[36.646408,49.464619]}},{"type":"Feature","properties":{"raion":"Ізюмський","hromada":"Балаклійська","settlement":"Шевелівка"},"geometry":{"type":"Point","coordinates":[36.749521,49.346063]}},{"type":"Feature","properties":{"raion":"Ізюмський","hromada":"Балаклійська","settlement":"Щурівка"},"geometry":{"type":"Point","coordinates":[36.931702,49.400217]}},{"type":"Feature","properties":{"raion":"Ізюмський","hromada":"Балаклійська","settlement":"Яковенкове"},"geometry":{"type":"Point","coordinates":[36.898058,49.521225]}},{"type":"Feature","properties":{"raion":"Ізюмський","hromada":"Барвінківська","settlement":"Іванівка"},"geometry":{"type":"Point","coordinates":[36.702756,48.847686]}},{"type":"Feature","properties":{"raion":"Ізюмський","hromada":"Барвінківська","settlement":"Іванівка"},"geometry":{"type":"Point","coordinates":[36.867232,48.999746]}},{"type":"Feature","properties":{"raion":"Ізюмський","hromada":"Барвінківська","settlement":"Іванівка"},"geometry":{"type":"Point","coordinates":[36.705189,49.2103]}},{"type":"Feature","properties":{"raion":"Ізюмський","hromada":"Барвінківська","settlement":"Архангелівка"},"geometry":{"type":"Point","coordinates":[36.932532,48.936226]}},{"type":"Feature","properties":{"raion":"Ізюмський","hromada":"Барвінківська","settlement":"Африканівка"},"geometry":{"type":"Point","coordinates":[36.808666,48.885739]}},{"type":"Feature","properties":{"raion":"Ізюмський","hromada":"Барвінківська","settlement":"Барабашівка"},"geometry":{"type":"Point","coordinates":[37.052234,49.116431]}},{"type":"Feature","properties":{"raion":"Ізюмський","hromada":"Барвінківська","settlement":"Барвінкове"},"geometry":{"type":"Point","coordinates":[37.01867,48.90869]}},{"type":"Feature","properties":{"raion":"Ізюмський","hromada":"Барвінківська","settlement":"Благодатне"},"geometry":{"type":"Point","coordinates":[36.885817,48.931424]}},{"type":"Feature","properties":{"raion":"Ізюмський","hromada":"Барвінківська","settlement":"Богданове"},"geometry":{"type":"Point","coordinates":[36.81832,48.806805]}},{"type":"Feature","properties":{"raion":"Ізюмський","hromada":"Барвінківська","settlement":"Богодарове"},"geometry":{"type":"Point","coordinates":[36.959204,48.849648]}},{"type":"Feature","properties":{"raion":"Ізюмський","hromada":"Барвінківська","settlement":"Василівка Друга"},"geometry":{"type":"Point","coordinates":[37.172755,48.870307]}},{"type":"Feature","properties":{"raion":"Ізюмський","hromada":"Барвінківська","settlement":"Василівка Перша"},"geometry":{"type":"Point","coordinates":[37.167441,48.876994]}},{"type":"Feature","properties":{"raion":"Ізюмський","hromada":"Барвінківська","settlement":"Велика Андріївка"},"geometry":{"type":"Point","coordinates":[36.788822,48.999351]}},{"type":"Feature","properties":{"raion":"Ізюмський","hromada":"Барвінківська","settlement":"Велика Комишуваха"},"geometry":{"type":"Point","coordinates":[36.977197,49.113713]}},{"type":"Feature","properties":{"raion":"Ізюмський","hromada":"Барвінківська","settlement":"Веселе"},"geometry":{"type":"Point","coordinates":[37.107309,48.904586]}},{"type":"Feature","properties":{"raion":"Ізюмський","hromada":"Барвінківська","settlement":"Високе"},"geometry":{"type":"Point","coordinates":[36.853684,48.966613]}},{"type":"Feature","properties":{"raion":"Ізюмський","hromada":"Барвінківська","settlement":"Гаврилівка"},"geometry":{"type":"Point","coordinates":[36.80494,48.851436]}},{"type":"Feature","properties":{"raion":"Ізюмський","hromada":"Барвінківська","settlement":"Григорівка"},"geometry":{"type":"Point","coordinates":[36.905382,48.8737]}},{"type":"Feature","properties":{"raion":"Ізюмський","hromada":"Барвінківська","settlement":"Грушуваха"},"geometry":{"type":"Point","coordinates":[36.905412,49.115731]}},{"type":"Feature","properties":{"raion":"Ізюмський","hromada":"Барвінківська","settlement":"Гусарівка"},"geometry":{"type":"Point","coordinates":[37.147157,48.880096]}},{"type":"Feature","properties":{"raion":"Ізюмський","hromada":"Барвінківська","settlement":"Данилівка"},"geometry":{"type":"Point","coordinates":[36.880603,48.940145]}},{"type":"Feature","properties":{"raion":"Ізюмський","hromada":"Барвінківська","settlement":"Дмитрівка"},"geometry":{"type":"Point","coordinates":[36.650962,49.143644]}},{"type":"Feature","properties":{"raion":"Ізюмський","hromada":"Барвінківська","settlement":"Дібрівне"},"geometry":{"type":"Point","coordinates":[37.252007,48.990011]}},{"type":"Feature","properties":{"raion":"Ізюмський","hromada":"Барвінківська","settlement":"Ковалівка"},"geometry":{"type":"Point","coordinates":[36.797649,48.852662]}},{"type":"Feature","properties":{"raion":"Ізюмський","hromada":"Барвінківська","settlement":"Котівка"},"geometry":{"type":"Point","coordinates":[36.844378,48.804199]}},{"type":"Feature","properties":{"raion":"Ізюмський","hromada":"Барвінківська","settlement":"Курулька"},"geometry":{"type":"Point","coordinates":[37.258715,48.949156]}},{"type":"Feature","properties":{"raion":"Ізюмський","hromada":"Барвінківська","settlement":"Малинівка"},"geometry":{"type":"Point","coordinates":[36.691894,48.819252]}},{"type":"Feature","properties":{"raion":"Ізюмський","hromada":"Барвінківська","settlement":"Малолітки"},"geometry":{"type":"Point","coordinates":[36.947653,48.867447]}},{"type":"Feature","properties":{"raion":"Ізюмський","hromada":"Барвінківська","settlement":"Мар'ївка"},"geometry":{"type":"Point","coordinates":[36.743532,49.123723]}},{"type":"Feature","properties":{"raion":"Ізюмський","hromada":"Барвінківська","settlement":"Маяк"},"geometry":{"type":"Point","coordinates":[37.138145,48.901669]}},{"type":"Feature","properties":{"raion":"Ізюмський","hromada":"Барвінківська","settlement":"Мечебилове"},"geometry":{"type":"Point","coordinates":[36.685058,49.066603]}},{"type":"Feature","properties":{"raion":"Ізюмський","hromada":"Барвінківська","settlement":"Миколаївка"},"geometry":{"type":"Point","coordinates":[36.8848,48.850269]}},{"type":"Feature","properties":{"raion":"Ізюмський","hromada":"Барвінківська","settlement":"Надеждівка"},"geometry":{"type":"Point","coordinates":[36.963296,48.813701]}},{"type":"Feature","properties":{"raion":"Ізюмський","hromada":"Барвінківська","settlement":"Нова Дмитрівка"},"geometry":{"type":"Point","coordinates":[37.154347,48.964215]}},{"type":"Feature","properties":{"raion":"Ізюмський","hromada":"Барвінківська","settlement":"Нова Миколаївка"},"geometry":{"type":"Point","coordinates":[36.77461,49.077379]}},{"type":"Feature","properties":{"raion":"Ізюмський","hromada":"Барвінківська","settlement":"Новобогданове"},"geometry":{"type":"Point","coordinates":[36.873206,48.808127]}},{"type":"Feature","properties":{"raion":"Ізюмський","hromada":"Барвінківська","settlement":"Новопавлівка"},"geometry":{"type":"Point","coordinates":[37.150098,48.884597]}},{"type":"Feature","properties":{"raion":"Ізюмський","hromada":"Барвінківська","settlement":"Нікополь"},"geometry":{"type":"Point","coordinates":[37.125128,48.886007]}},{"type":"Feature","properties":{"raion":"Ізюмський","hromada":"Барвінківська","settlement":"Олександрівка"},"geometry":{"type":"Point","coordinates":[37.177064,48.893698]}},{"type":"Feature","properties":{"raion":"Ізюмський","hromada":"Барвінківська","settlement":"Олександрівка"},"geometry":{"type":"Point","coordinates":[36.850052,48.922041]}},{"type":"Feature","properties":{"raion":"Ізюмський","hromada":"Барвінківська","settlement":"Пашкове"},"geometry":{"type":"Point","coordinates":[37.227735,48.918469]}},{"type":"Feature","properties":{"raion":"Ізюмський","hromada":"Барвінківська","settlement":"Петрівка"},"geometry":{"type":"Point","coordinates":[36.872671,48.867918]}},{"type":"Feature","properties":{"raion":"Ізюмський","hromada":"Барвінківська","settlement":"Погонівка"},"geometry":{"type":"Point","coordinates":[37.060955,48.827929]}},{"type":"Feature","properties":{"raion":"Ізюмський","hromada":"Барвінківська","settlement":"Подолівка"},"geometry":{"type":"Point","coordinates":[36.910894,48.933697]}},{"type":"Feature","properties":{"raion":"Ізюмський","hromada":"Барвінківська","settlement":"Пригоже"},"geometry":{"type":"Point","coordinates":[36.75879,48.826939]}},{"type":"Feature","properties":{"raion":"Ізюмський","hromada":"Барвінківська","settlement":"Рідне"},"geometry":{"type":"Point","coordinates":[37.070931,48.98496]}},{"type":"Feature","properties":{"raion":"Ізюмський","hromada":"Барвінківська","settlement":"Семиланне"},"geometry":{"type":"Point","coordinates":[36.975156,49.011952]}},{"type":"Feature","properties":{"raion":"Ізюмський","hromada":"Барвінківська","settlement":"Ставкова Балка"},"geometry":{"type":"Point","coordinates":[36.892089,49.030319]}},{"type":"Feature","properties":{"raion":"Ізюмський","hromada":"Барвінківська","settlement":"Стара Семенівка"},"geometry":{"type":"Point","coordinates":[36.749046,49.093347]}},{"type":"Feature","properties":{"raion":"Ізюмський","hromada":"Барвінківська","settlement":"Степове"},"geometry":{"type":"Point","coordinates":[36.749366,48.866654]}},{"type":"Feature","properties":{"raion":"Ізюмський","hromada":"Барвінківська","settlement":"Степок"},"geometry":{"type":"Point","coordinates":[36.845242,49.08997]}},{"type":"Feature","properties":{"raion":"Ізюмський","hromada":"Барвінківська","settlement":"Українка"},"geometry":{"type":"Point","coordinates":[36.683979,49.118069]}},{"type":"Feature","properties":{"raion":"Ізюмський","hromada":"Барвінківська","settlement":"Федорівка"},"geometry":{"type":"Point","coordinates":[36.966497,48.799383]}},{"type":"Feature","properties":{"raion":"Ізюмський","hromada":"Барвінківська","settlement":"Федорівка"},"geometry":{"type":"Point","coordinates":[36.684079,49.078482]}},{"type":"Feature","properties":{"raion":"Ізюмський","hromada":"Барвінківська","settlement":"Червона Балка"},"geometry":{"type":"Point","coordinates":[36.672012,49.2152]}},{"type":"Feature","properties":{"raion":"Ізюмський","hromada":"Барвінківська","settlement":"Червона Зоря"},"geometry":{"type":"Point","coordinates":[36.846298,48.882824]}},{"type":"Feature","properties":{"raion":"Ізюмський","hromada":"Барвінківська","settlement":"Червона Поляна"},"geometry":{"type":"Point","coordinates":[36.928562,49.020675]}},{"type":"Feature","properties":{"raion":"Ізюмський","hromada":"Барвінківська","settlement":"Червоне"},"geometry":{"type":"Point","coordinates":[37.006237,48.99987]}},{"type":"Feature","properties":{"raion":"Ізюмський","hromada":"Барвінківська","settlement":"Червоний Лиман"},"geometry":{"type":"Point","coordinates":[36.808437,49.10905]}},{"type":"Feature","properties":{"raion":"Ізюмський","hromada":"Барвінківська","settlement":"Язикове"},"geometry":{"type":"Point","coordinates":[36.925874,48.927347]}},{"type":"Feature","properties":{"raion":"Ізюмський","hromada":"Борівська","settlement":"Ізюмське"},"geometry":{"type":"Point","coordinates":[37.814399,49.265869]}},{"type":"Feature","properties":{"raion":"Ізюмський","hromada":"Борівська","settlement":"Андріївка"},"geometry":{"type":"Point","coordinates":[37.806464,49.238757]}},{"type":"Feature","properties":{"raion":"Ізюмський","hromada":"Борівська","settlement":"Бахтин"},"geometry":{"type":"Point","coordinates":[37.537912,49.32174]}},{"type":"Feature","properties":{"raion":"Ізюмський","hromada":"Борівська","settlement":"Богуславка"},"geometry":{"type":"Point","coordinates":[37.68487,49.466011]}},{"type":"Feature","properties":{"raion":"Ізюмський","hromada":"Борівська","settlement":"Бойні"},"geometry":{"type":"Point","coordinates":[37.607133,49.376469]}},{"type":"Feature","properties":{"raion":"Ізюмський","hromada":"Борівська","settlement":"Борова"},"geometry":{"type":"Point","coordinates":[37.621508,49.380242]}},{"type":"Feature","properties":{"raion":"Ізюмський","hromada":"Борівська","settlement":"Борівська Андріївка"},"geometry":{"type":"Point","coordinates":[37.730935,49.412219]}},{"type":"Feature","properties":{"raion":"Ізюмський","hromada":"Борівська","settlement":"Вишневе"},"geometry":{"type":"Point","coordinates":[37.856847,49.40964]}},{"type":"Feature","properties":{"raion":"Ізюмський","hromada":"Борівська","settlement":"Вище Солоне"},"geometry":{"type":"Point","coordinates":[37.727353,49.278686]}},{"type":"Feature","properties":{"raion":"Ізюмський","hromada":"Борівська","settlement":"Гаврилівка"},"geometry":{"type":"Point","coordinates":[37.506127,49.417353]}},{"type":"Feature","properties":{"raion":"Ізюмський","hromada":"Борівська","settlement":"Глущенкове"},"geometry":{"type":"Point","coordinates":[37.782875,49.214407]}},{"type":"Feature","properties":{"raion":"Ізюмський","hromada":"Борівська","settlement":"Голубівка"},"geometry":{"type":"Point","coordinates":[37.441645,49.317957]}},{"type":"Feature","properties":{"raion":"Ізюмський","hromada":"Борівська","settlement":"Гороховатка"},"geometry":{"type":"Point","coordinates":[37.5268,49.344808]}},{"type":"Feature","properties":{"raion":"Ізюмський","hromada":"Борівська","settlement":"Дружелюбівка"},"geometry":{"type":"Point","coordinates":[37.856319,49.261684]}},{"type":"Feature","properties":{"raion":"Ізюмський","hromada":"Борівська","settlement":"Загризове"},"geometry":{"type":"Point","coordinates":[37.712996,49.504863]}},{"type":"Feature","properties":{"raion":"Ізюмський","hromada":"Борівська","settlement":"Зелений Гай"},"geometry":{"type":"Point","coordinates":[37.792805,49.40743]}},{"type":"Feature","properties":{"raion":"Ізюмський","hromada":"Борівська","settlement":"Калинове"},"geometry":{"type":"Point","coordinates":[37.504895,49.429495]}},{"type":"Feature","properties":{"raion":"Ізюмський","hromada":"Борівська","settlement":"Копанки"},"geometry":{"type":"Point","coordinates":[37.850124,49.369596]}},{"type":"Feature","properties":{"raion":"Ізюмський","hromada":"Борівська","settlement":"Лозова"},"geometry":{"type":"Point","coordinates":[37.803765,49.467422]}},{"type":"Feature","properties":{"raion":"Ізюмський","hromada":"Борівська","settlement":"Маліївка"},"geometry":{"type":"Point","coordinates":[37.711288,49.241759]}},{"type":"Feature","properties":{"raion":"Ізюмський","hromada":"Борівська","settlement":"Мирне"},"geometry":{"type":"Point","coordinates":[37.463861,49.354968]}},{"type":"Feature","properties":{"raion":"Ізюмський","hromada":"Борівська","settlement":"Нижня Журавка"},"geometry":{"type":"Point","coordinates":[37.665846,49.338839]}},{"type":"Feature","properties":{"raion":"Ізюмський","hromada":"Борівська","settlement":"Нижче Солоне"},"geometry":{"type":"Point","coordinates":[37.635415,49.304802]}},{"type":"Feature","properties":{"raion":"Ізюмський","hromada":"Борівська","settlement":"Нова Кругляківка"},"geometry":{"type":"Point","coordinates":[37.72631,49.471761]}},{"type":"Feature","properties":{"raion":"Ізюмський","hromada":"Борівська","settlement":"Новий Мир"},"geometry":{"type":"Point","coordinates":[37.833186,49.216171]}},{"type":"Feature","properties":{"raion":"Ізюмський","hromada":"Борівська","settlement":"Новоплатонівка"},"geometry":{"type":"Point","coordinates":[37.640854,49.423604]}},{"type":"Feature","properties":{"raion":"Ізюмський","hromada":"Борівська","settlement":"Новосергіївка"},"geometry":{"type":"Point","coordinates":[37.857787,49.336887]}},{"type":"Feature","properties":{"raion":"Ізюмський","hromada":"Борівська","settlement":"Ольгівка"},"geometry":{"type":"Point","coordinates":[37.853053,49.242991]}},{"type":"Feature","properties":{"raion":"Ізюмський","hromada":"Борівська","settlement":"Парнувате"},"geometry":{"type":"Point","coordinates":[37.443604,49.4129]}},{"type":"Feature","properties":{"raion":"Ізюмський","hromada":"Борівська","settlement":"Першотравневе"},"geometry":{"type":"Point","coordinates":[37.851916,49.383173]}},{"type":"Feature","properties":{"raion":"Ізюмський","hromada":"Борівська","settlement":"Підвисоке"},"geometry":{"type":"Point","coordinates":[37.450828,49.384825]}},{"type":"Feature","properties":{"raion":"Ізюмський","hromada":"Борівська","settlement":"Підлиман"},"geometry":{"type":"Point","coordinates":[37.604969,49.33211]}},{"type":"Feature","properties":{"raion":"Ізюмський","hromada":"Борівська","settlement":"Піски-Радьківські"},"geometry":{"type":"Point","coordinates":[37.605319,49.263294]}},{"type":"Feature","properties":{"raion":"Ізюмський","hromada":"Борівська","settlement":"Степове"},"geometry":{"type":"Point","coordinates":[37.834658,49.302265]}},{"type":"Feature","properties":{"raion":"Ізюмський","hromada":"Борівська","settlement":"Червоний Став"},"geometry":{"type":"Point","coordinates":[37.84266,49.285545]}},{"type":"Feature","properties":{"raion":"Ізюмський","hromada":"Борівська","settlement":"Чернещина"},"geometry":{"type":"Point","coordinates":[37.849852,49.313706]}},{"type":"Feature","properties":{"raion":"Ізюмський","hromada":"Борівська","settlement":"Шийківка"},"geometry":{"type":"Point","coordinates":[37.760085,49.346264]}},{"type":"Feature","properties":{"raion":"Ізюмський","hromada":"Борівська","settlement":"Ясинувате"},"geometry":{"type":"Point","coordinates":[37.446909,49.427595]}},{"type":"Feature","properties":{"raion":"Ізюмський","hromada":"Донецька","settlement":"Андріївка"},"geometry":{"type":"Point","coordinates":[36.618447,49.53915]}},{"type":"Feature","properties":{"raion":"Ізюмський","hromada":"Донецька","settlement":"Глазунівка"},"geometry":{"type":"Point","coordinates":[36.629978,49.411252]}},{"type":"Feature","properties":{"raion":"Ізюмський","hromada":"Донецька","settlement":"Дальня Шебелинка"},"geometry":{"type":"Point","coordinates":[36.551925,49.473696]}},{"type":"Feature","properties":{"raion":"Ізюмський","hromada":"Донецька","settlement":"Донець"},"geometry":{"type":"Point","coordinates":[36.574962,49.510161]}},{"type":"Feature","properties":{"raion":"Ізюмський","hromada":"Донецька","settlement":"Копанка"},"geometry":{"type":"Point","coordinates":[36.597055,49.48226]}},{"type":"Feature","properties":{"raion":"Ізюмський","hromada":"Донецька","settlement":"Новотроїцьке"},"geometry":{"type":"Point","coordinates":[36.471186,49.403186]}},{"type":"Feature","properties":{"raion":"Ізюмський","hromada":"Донецька","settlement":"П'ятигірське"},"geometry":{"type":"Point","coordinates":[36.611053,49.440547]}},{"type":"Feature","properties":{"raion":"Ізюмський","hromada":"Донецька","settlement":"Покровське"},"geometry":{"type":"Point","coordinates":[36.710925,49.533566]}},{"type":"Feature","properties":{"raion":"Ізюмський","hromada":"Донецька","settlement":"Пришиб"},"geometry":{"type":"Point","coordinates":[36.749368,49.513447]}},{"type":"Feature","properties":{"raion":"Ізюмський","hromada":"Донецька","settlement":"Прогрес"},"geometry":{"type":"Point","coordinates":[36.53961,49.4921]}},{"type":"Feature","properties":{"raion":"Ізюмський","hromada":"Донецька","settlement":"Серафимівка"},"geometry":{"type":"Point","coordinates":[36.577396,49.421975]}},{"type":"Feature","properties":{"raion":"Ізюмський","hromada":"Донецька","settlement":"Червона Гірка"},"geometry":{"type":"Point","coordinates":[36.620412,49.468309]}},{"type":"Feature","properties":{"raion":"Ізюмський","hromada":"Донецька","settlement":"Шебелинка"},"geometry":{"type":"Point","coordinates":[36.527059,49.449513]}},{"type":"Feature","properties":{"raion":"Ізюмський","hromada":"Донецька","settlement":"Явірське"},"geometry":{"type":"Point","coordinates":[36.750607,49.542515]}},{"type":"Feature","properties":{"raion":"Ізюмський","hromada":"Куньєвська","settlement":"Іванчуківка"},"geometry":{"type":"Point","coordinates":[37.190127,49.368601]}},{"type":"Feature","properties":{"raion":"Ізюмський","hromada":"Куньєвська","settlement":"Боголюбівка"},"geometry":{"type":"Point","coordinates":[37.32116,49.459322]}},{"type":"Feature","properties":{"raion":"Ізюмський","hromada":"Куньєвська","settlement":"Бугаївка"},"geometry":{"type":"Point","coordinates":[37.382206,49.474072]}},{"type":"Feature","properties":{"raion":"Ізюмський","hromada":"Куньєвська","settlement":"Козютівка"},"geometry":{"type":"Point","coordinates":[37.276706,49.451873]}},{"type":"Feature","properties":{"raion":"Ізюмський","hromada":"Куньєвська","settlement":"Куньє"},"geometry":{"type":"Point","coordinates":[37.241898,49.393844]}},{"type":"Feature","properties":{"raion":"Ізюмський","hromada":"Куньєвська","settlement":"Липчанівка"},"geometry":{"type":"Point","coordinates":[37.314532,49.322971]}},{"type":"Feature","properties":{"raion":"Ізюмський","hromada":"Куньєвська","settlement":"Лисогірка"},"geometry":{"type":"Point","coordinates":[37.166713,49.340346]}},{"type":"Feature","properties":{"raion":"Ізюмський","hromada":"Куньєвська","settlement":"Новопавлівка"},"geometry":{"type":"Point","coordinates":[37.210695,49.334385]}},{"type":"Feature","properties":{"raion":"Ізюмський","hromada":"Куньєвська","settlement":"Олександрівка"},"geometry":{"type":"Point","coordinates":[37.262584,49.467667]}},{"type":"Feature","properties":{"raion":"Ізюмський","hromada":"Куньєвська","settlement":"Поляна"},"geometry":{"type":"Point","coordinates":[37.195488,49.355884]}},{"type":"Feature","properties":{"raion":"Ізюмський","hromada":"Куньєвська","settlement":"Попасне"},"geometry":{"type":"Point","coordinates":[37.440548,49.446507]}},{"type":"Feature","properties":{"raion":"Ізюмський","hromada":"Куньєвська","settlement":"Підвисоке"},"geometry":{"type":"Point","coordinates":[37.267657,49.43957]}},{"type":"Feature","properties":{"raion":"Ізюмський","hromada":"Куньєвська","settlement":"Розсохувате"},"geometry":{"type":"Point","coordinates":[37.439208,49.45876]}},{"type":"Feature","properties":{"raion":"Ізюмський","hromada":"Куньєвська","settlement":"Рідний Край"},"geometry":{"type":"Point","coordinates":[37.267089,49.478203]}},{"type":"Feature","properties":{"raion":"Ізюмський","hromada":"Куньєвська","settlement":"Сухий Яр"},"geometry":{"type":"Point","coordinates":[37.315192,49.489857]}},{"type":"Feature","properties":{"raion":"Ізюмський","hromada":"Куньєвська","settlement":"Чистоводівка"},"geometry":{"type":"Point","coordinates":[37.338868,49.401782]}},{"type":"Feature","properties":{"raion":"Ізюмський","hromada":"Куньєвська","settlement":"Чорнобаївка"},"geometry":{"type":"Point","coordinates":[37.351206,49.524566]}},{"type":"Feature","properties":{"raion":"Ізюмський","hromada":"Куньєвська","settlement":"Щасливе"},"geometry":{"type":"Point","coordinates":[37.157055,49.306875]}},{"type":"Feature","properties":{"raion":"Ізюмський","hromada":"Оскільська","settlement":"Андріївка"},"geometry":{"type":"Point","coordinates":[37.123946,49.122804]}},{"type":"Feature","properties":{"raion":"Ізюмський","hromada":"Оскільська","settlement":"Бражківка"},"geometry":{"type":"Point","coordinates":[37.215963,49.043649]}},{"type":"Feature","properties":{"raion":"Ізюмський","hromada":"Оскільська","settlement":"Букине"},"geometry":{"type":"Point","coordinates":[37.418386,49.126956]}},{"type":"Feature","properties":{"raion":"Ізюмський","hromada":"Оскільська","settlement":"Вірнопілля"},"geometry":{"type":"Point","coordinates":[37.129953,49.033419]}},{"type":"Feature","properties":{"raion":"Ізюмський","hromada":"Оскільська","settlement":"Дмитрівка"},"geometry":{"type":"Point","coordinates":[37.115503,49.054132]}},{"type":"Feature","properties":{"raion":"Ізюмський","hromada":"Оскільська","settlement":"Довгеньке"},"geometry":{"type":"Point","coordinates":[37.325189,49.018358]}},{"type":"Feature","properties":{"raion":"Ізюмський","hromada":"Оскільська","settlement":"Донецьке"},"geometry":{"type":"Point","coordinates":[37.26236,49.148358]}},{"type":"Feature","properties":{"raion":"Ізюмський","hromada":"Оскільська","settlement":"Діброва"},"geometry":{"type":"Point","coordinates":[37.325654,49.187237]}},{"type":"Feature","properties":{"raion":"Ізюмський","hromada":"Оскільська","settlement":"Заводи"},"geometry":{"type":"Point","coordinates":[37.078042,49.151756]}},{"type":"Feature","properties":{"raion":"Ізюмський","hromada":"Оскільська","settlement":"Капитолівка"},"geometry":{"type":"Point","coordinates":[37.346921,49.193258]}},{"type":"Feature","properties":{"raion":"Ізюмський","hromada":"Оскільська","settlement":"Карнаухівка"},"geometry":{"type":"Point","coordinates":[37.037224,49.037591]}},{"type":"Feature","properties":{"raion":"Ізюмський","hromada":"Оскільська","settlement":"Комарівка"},"geometry":{"type":"Point","coordinates":[37.472591,49.279728]}},{"type":"Feature","properties":{"raion":"Ізюмський","hromada":"Оскільська","settlement":"Копанки"},"geometry":{"type":"Point","coordinates":[37.1528,49.086715]}},{"type":"Feature","properties":{"raion":"Ізюмський","hromada":"Оскільська","settlement":"Мала Комишуваха"},"geometry":{"type":"Point","coordinates":[37.227707,49.099526]}},{"type":"Feature","properties":{"raion":"Ізюмський","hromada":"Оскільська","settlement":"Миколаївка"},"geometry":{"type":"Point","coordinates":[37.435622,49.240524]}},{"type":"Feature","properties":{"raion":"Ізюмський","hromada":"Оскільська","settlement":"Оскіл"},"geometry":{"type":"Point","coordinates":[37.424534,49.177353]}},{"type":"Feature","properties":{"raion":"Ізюмський","hromada":"Оскільська","settlement":"Пасіка"},"geometry":{"type":"Point","coordinates":[37.464193,49.070889]}},{"type":"Feature","properties":{"raion":"Ізюмський","hromada":"Оскільська","settlement":"Петропілля"},"geometry":{"type":"Point","coordinates":[37.102101,49.103894]}},{"type":"Feature","properties":{"raion":"Ізюмський","hromada":"Оскільська","settlement":"Придонецьке"},"geometry":{"type":"Point","coordinates":[37.127992,49.181894]}},{"type":"Feature","properties":{"raion":"Ізюмський","hromada":"Оскільська","settlement":"Семенівка"},"geometry":{"type":"Point","coordinates":[37.160229,49.137418]}},{"type":"Feature","properties":{"raion":"Ізюмський","hromada":"Оскільська","settlement":"Сніжківка"},"geometry":{"type":"Point","coordinates":[37.23358,49.158613]}},{"type":"Feature","properties":{"raion":"Ізюмський","hromada":"Оскільська","settlement":"Співаківка"},"geometry":{"type":"Point","coordinates":[37.046193,49.187995]}},{"type":"Feature","properties":{"raion":"Ізюмський","hromada":"Оскільська","settlement":"Студенок"},"geometry":{"type":"Point","coordinates":[37.485146,49.09312]}},{"type":"Feature","properties":{"raion":"Ізюмський","hromada":"Оскільська","settlement":"Сулигівка"},"geometry":{"type":"Point","coordinates":[37.237238,49.026873]}},{"type":"Feature","properties":{"raion":"Ізюмський","hromada":"Оскільська","settlement":"Топольське"},"geometry":{"type":"Point","coordinates":[37.236697,49.131579]}},{"type":"Feature","properties":{"raion":"Ізюмський","hromada":"Оскільська","settlement":"Шпаківка"},"geometry":{"type":"Point","coordinates":[37.207184,49.140994]}},{"type":"Feature","properties":{"raion":"Ізюмський","hromada":"Оскільська","settlement":"Яремівка"},"geometry":{"type":"Point","coordinates":[37.444778,49.090071]}},{"type":"Feature","properties":{"raion":"Ізюмський","hromada":"Савинська","settlement":"Бородоярське"},"geometry":{"type":"Point","coordinates":[36.953193,49.434527]}},{"type":"Feature","properties":{"raion":"Ізюмський","hromada":"Савинська","settlement":"Веселе"},"geometry":{"type":"Point","coordinates":[37.20006,49.394057]}},{"type":"Feature","properties":{"raion":"Ізюмський","hromada":"Савинська","settlement":"Вишнева"},"geometry":{"type":"Point","coordinates":[37.101758,49.49241]}},{"type":"Feature","properties":{"raion":"Ізюмський","hromada":"Савинська","settlement":"Вільхуватка"},"geometry":{"type":"Point","coordinates":[36.941956,49.420797]}},{"type":"Feature","properties":{"raion":"Ізюмський","hromada":"Савинська","settlement":"Довгалівка"},"geometry":{"type":"Point","coordinates":[37.075475,49.379874]}},{"type":"Feature","properties":{"raion":"Ізюмський","hromada":"Савинська","settlement":"Залиман"},"geometry":{"type":"Point","coordinates":[37.061501,49.367488]}},{"type":"Feature","properties":{"raion":"Ізюмський","hromada":"Савинська","settlement":"Крючки"},"geometry":{"type":"Point","coordinates":[37.169525,49.516027]}},{"type":"Feature","properties":{"raion":"Ізюмський","hromada":"Савинська","settlement":"Мирна Долина"},"geometry":{"type":"Point","coordinates":[37.027925,49.324839]}},{"type":"Feature","properties":{"raion":"Ізюмський","hromada":"Савинська","settlement":"Морозівка"},"geometry":{"type":"Point","coordinates":[37.029415,49.423725]}},{"type":"Feature","properties":{"raion":"Ізюмський","hromada":"Савинська","settlement":"Новоселівка"},"geometry":{"type":"Point","coordinates":[37.288263,49.484228]}},{"type":"Feature","properties":{"raion":"Ізюмський","hromada":"Савинська","settlement":"Норцівка"},"geometry":{"type":"Point","coordinates":[37.054957,49.314568]}},{"type":"Feature","properties":{"raion":"Ізюмський","hromada":"Савинська","settlement":"Нурове"},"geometry":{"type":"Point","coordinates":[37.233542,49.529974]}},{"type":"Feature","properties":{"raion":"Ізюмський","hromada":"Савинська","settlement":"Пазіївка"},"geometry":{"type":"Point","coordinates":[37.15583,49.445884]}},{"type":"Feature","properties":{"raion":"Ізюмський","hromada":"Савинська","settlement":"Першотравневе"},"geometry":{"type":"Point","coordinates":[37.066181,49.484387]}},{"type":"Feature","properties":{"raion":"Ізюмський","hromada":"Савинська","settlement":"Савинці"},"geometry":{"type":"Point","coordinates":[37.059737,49.400181]}},{"type":"Feature","properties":{"raion":"Ізюмський","hromada":"Савинська","settlement":"Слабунівка"},"geometry":{"type":"Point","coordinates":[37.184026,49.431165]}},{"type":"Feature","properties":{"raion":"Ізюмський","hromada":"Савинська","settlement":"Теплянка"},"geometry":{"type":"Point","coordinates":[37.188707,49.471067]}},{"type":"Feature","properties":{"raion":"Ізюмський","hromada":"Савинська","settlement":"Українка"},"geometry":{"type":"Point","coordinates":[37.19591,49.432048]}},{"type":"Feature","properties":{"raion":"Богодухівський","hromada":"Богодухівська","settlement":"Івано-Шийчине"},"geometry":{"type":"Point","coordinates":[35.60185,50.286295]}},{"type":"Feature","properties":{"raion":"Богодухівський","hromada":"Богодухівська","settlement":"Іванівка"},"geometry":{"type":"Point","coordinates":[35.442594,50.287796]}},{"type":"Feature","properties":{"raion":"Богодухівський","hromada":"Богодухівська","settlement":"Бабаки"},"geometry":{"type":"Point","coordinates":[35.37545,50.2389]}},{"type":"Feature","properties":{"raion":"Богодухівський","hromada":"Богодухівська","settlement":"Бабенки"},"geometry":{"type":"Point","coordinates":[35.615136,50.094688]}},{"type":"Feature","properties":{"raion":"Богодухівський","hromada":"Богодухівська","settlement":"Байрак"},"geometry":{"type":"Point","coordinates":[35.663781,50.022282]}},{"type":"Feature","properties":{"raion":"Богодухівський","hromada":"Богодухівська","settlement":"Балабанівка"},"geometry":{"type":"Point","coordinates":[35.699647,50.063207]}},{"type":"Feature","properties":{"raion":"Богодухівський","hromada":"Богодухівська","settlement":"Богодухів"},"geometry":{"type":"Point","coordinates":[35.509498,50.16499]}},{"type":"Feature","properties":{"raion":"Богодухівський","hromada":"Богодухівська","settlement":"Братениця"},"geometry":{"type":"Point","coordinates":[35.679862,50.280771]}},{"type":"Feature","properties":{"raion":"Богодухівський","hromada":"Богодухівська","settlement":"Вертіївка"},"geometry":{"type":"Point","coordinates":[35.780519,50.032679]}},{"type":"Feature","properties":{"raion":"Богодухівський","hromada":"Богодухівська","settlement":"Воскобійники"},"geometry":{"type":"Point","coordinates":[35.610813,50.159496]}},{"type":"Feature","properties":{"raion":"Богодухівський","hromada":"Богодухівська","settlement":"Воскресенівка"},"geometry":{"type":"Point","coordinates":[35.322146,50.26483]}},{"type":"Feature","properties":{"raion":"Богодухівський","hromada":"Богодухівська","settlement":"Вікторівка"},"geometry":{"type":"Point","coordinates":[35.64463,50.022902]}},{"type":"Feature","properties":{"raion":"Богодухівський","hromada":"Богодухівська","settlement":"Вінницькі Івани"},"geometry":{"type":"Point","coordinates":[35.478114,50.279685]}},{"type":"Feature","properties":{"raion":"Богодухівський","hromada":"Богодухівська","settlement":"Гавриші"},"geometry":{"type":"Point","coordinates":[35.553684,50.091764]}},{"type":"Feature","properties":{"raion":"Богодухівський","hromada":"Богодухівська","settlement":"Гарбузи"},"geometry":{"type":"Point","coordinates":[35.532219,50.296452]}},{"type":"Feature","properties":{"raion":"Богодухівський","hromada":"Богодухівська","settlement":"Горбанівка"},"geometry":{"type":"Point","coordinates":[35.455586,50.21717]}},{"type":"Feature","properties":{"raion":"Богодухівський","hromada":"Богодухівська","settlement":"Горького"},"geometry":{"type":"Point","coordinates":[35.777717,50.092069]}},{"type":"Feature","properties":{"raion":"Богодухівський","hromada":"Богодухівська","settlement":"Губарівка"},"geometry":{"type":"Point","coordinates":[35.367852,50.171335]}},{"type":"Feature","properties":{"raion":"Богодухівський","hromada":"Богодухівська","settlement":"Гути"},"geometry":{"type":"Point","coordinates":[35.345045,50.132942]}},{"type":"Feature","properties":{"raion":"Богодухівський","hromada":"Богодухівська","settlement":"Дев'ятибратове"},"geometry":{"type":"Point","coordinates":[35.317355,50.219929]}},{"type":"Feature","properties":{"raion":"Богодухівський","hromada":"Богодухівська","settlement":"Дегтярі"},"geometry":{"type":"Point","coordinates":[35.487587,50.259173]}},{"type":"Feature","properties":{"raion":"Богодухівський","hromada":"Богодухівська","settlement":"Дмитрівка"},"geometry":{"type":"Point","coordinates":[35.403226,50.217847]}},{"type":"Feature","properties":{"raion":"Богодухівський","hromada":"Богодухівська","settlement":"Заброди"},"geometry":{"type":"Point","coordinates":[35.612197,50.166486]}},{"type":"Feature","properties":{"raion":"Богодухівський","hromada":"Богодухівська","settlement":"Зарябинка"},"geometry":{"type":"Point","coordinates":[35.539678,50.220275]}},{"type":"Feature","properties":{"raion":"Богодухівський","hromada":"Богодухівська","settlement":"Зарічне"},"geometry":{"type":"Point","coordinates":[35.335315,50.306819]}},{"type":"Feature","properties":{"raion":"Богодухівський","hromada":"Богодухівська","settlement":"Кадниця"},"geometry":{"type":"Point","coordinates":[35.755615,50.113049]}},{"type":"Feature","properties":{"raion":"Богодухівський","hromada":"Богодухівська","settlement":"Кияни"},"geometry":{"type":"Point","coordinates":[35.565418,50.062638]}},{"type":"Feature","properties":{"raion":"Богодухівський","hromada":"Богодухівська","settlement":"Кленове"},"geometry":{"type":"Point","coordinates":[35.694516,50.151491]}},{"type":"Feature","properties":{"raion":"Богодухівський","hromada":"Богодухівська","settlement":"Корбині Івани"},"geometry":{"type":"Point","coordinates":[35.412087,50.318383]}},{"type":"Feature","properties":{"raion":"Богодухівський","hromada":"Богодухівська","settlement":"Коротке"},"geometry":{"type":"Point","coordinates":[35.465406,50.257697]}},{"type":"Feature","properties":{"raion":"Богодухівський","hromada":"Богодухівська","settlement":"Крисине"},"geometry":{"type":"Point","coordinates":[35.621891,50.10906]}},{"type":"Feature","properties":{"raion":"Богодухівський","hromada":"Богодухівська","settlement":"Крупчине"},"geometry":{"type":"Point","coordinates":[35.823947,50.088569]}},{"type":"Feature","properties":{"raion":"Богодухівський","hromada":"Богодухівська","settlement":"Кручик"},"geometry":{"type":"Point","coordinates":[35.406495,50.141736]}},{"type":"Feature","properties":{"raion":"Богодухівський","hromada":"Богодухівська","settlement":"Куп'єваха"},"geometry":{"type":"Point","coordinates":[35.255765,50.213792]}},{"type":"Feature","properties":{"raion":"Богодухівський","hromada":"Богодухівська","settlement":"Леськівка"},"geometry":{"type":"Point","coordinates":[35.500158,50.211195]}},{"type":"Feature","properties":{"raion":"Богодухівський","hromada":"Богодухівська","settlement":"Лозова"},"geometry":{"type":"Point","coordinates":[35.574549,50.14535]}},{"type":"Feature","properties":{"raion":"Богодухівський","hromada":"Богодухівська","settlement":"Максимівка"},"geometry":{"type":"Point","coordinates":[35.698227,50.092472]}},{"type":"Feature","properties":{"raion":"Богодухівський","hromada":"Богодухівська","settlement":"Мала Іванівка"},"geometry":{"type":"Point","coordinates":[35.761257,50.139122]}},{"type":"Feature","properties":{"raion":"Богодухівський","hromada":"Богодухівська","settlement":"Мар'їне"},"geometry":{"type":"Point","coordinates":[35.384542,50.264612]}},{"type":"Feature","properties":{"raion":"Богодухівський","hromada":"Богодухівська","settlement":"Мар'їне"},"geometry":{"type":"Point","coordinates":[35.470429,49.966129]}},{"type":"Feature","properties":{"raion":"Богодухівський","hromada":"Богодухівська","settlement":"Матвіївка"},"geometry":{"type":"Point","coordinates":[35.408424,50.224336]}},{"type":"Feature","properties":{"raion":"Богодухівський","hromada":"Богодухівська","settlement":"Мерло"},"geometry":{"type":"Point","coordinates":[35.699153,50.180865]}},{"type":"Feature","properties":{"raion":"Богодухівський","hromada":"Богодухівська","settlement":"Миролюбівка"},"geometry":{"type":"Point","coordinates":[35.444321,50.098917]}},{"type":"Feature","properties":{"raion":"Богодухівський","hromada":"Богодухівська","settlement":"Москаленки"},"geometry":{"type":"Point","coordinates":[35.590015,50.170606]}},{"type":"Feature","properties":{"raion":"Богодухівський","hromada":"Богодухівська","settlement":"Мусійки"},"geometry":{"type":"Point","coordinates":[35.546525,50.128562]}},{"type":"Feature","properties":{"raion":"Богодухівський","hromada":"Богодухівська","settlement":"Новоселівка"},"geometry":{"type":"Point","coordinates":[35.587321,50.159454]}},{"type":"Feature","properties":{"raion":"Богодухівський","hromada":"Богодухівська","settlement":"Новоселівка"},"geometry":{"type":"Point","coordinates":[35.672669,50.116688]}},{"type":"Feature","properties":{"raion":"Богодухівський","hromada":"Богодухівська","settlement":"Новософіївка"},"geometry":{"type":"Point","coordinates":[35.358218,50.240971]}},{"type":"Feature","properties":{"raion":"Богодухівський","hromada":"Богодухівська","settlement":"Новоукраїнка"},"geometry":{"type":"Point","coordinates":[35.435499,50.257067]}},{"type":"Feature","properties":{"raion":"Богодухівський","hromada":"Богодухівська","settlement":"Олександрівка"},"geometry":{"type":"Point","coordinates":[35.539097,50.025042]}},{"type":"Feature","properties":{"raion":"Богодухівський","hromada":"Богодухівська","settlement":"Павлове"},"geometry":{"type":"Point","coordinates":[35.576219,50.051189]}},{"type":"Feature","properties":{"raion":"Богодухівський","hromada":"Богодухівська","settlement":"Павлівка"},"geometry":{"type":"Point","coordinates":[35.438077,50.155041]}},{"type":"Feature","properties":{"raion":"Богодухівський","hromada":"Богодухівська","settlement":"Паляничники"},"geometry":{"type":"Point","coordinates":[35.582577,50.203364]}},{"type":"Feature","properties":{"raion":"Богодухівський","hromada":"Богодухівська","settlement":"Первухинка"},"geometry":{"type":"Point","coordinates":[35.359009,50.105275]}},{"type":"Feature","properties":{"raion":"Богодухівський","hromada":"Богодухівська","settlement":"Першотравневе"},"geometry":{"type":"Point","coordinates":[35.436603,50.076153]}},{"type":"Feature","properties":{"raion":"Богодухівський","hromada":"Богодухівська","settlement":"Першотравневе"},"geometry":{"type":"Point","coordinates":[35.421822,50.002064]}},{"type":"Feature","properties":{"raion":"Богодухівський","hromada":"Богодухівська","settlement":"Петропавлівка"},"geometry":{"type":"Point","coordinates":[35.689251,50.055003]}},{"type":"Feature","properties":{"raion":"Богодухівський","hromada":"Богодухівська","settlement":"Полкова Микитівка"},"geometry":{"type":"Point","coordinates":[35.329706,50.158839]}},{"type":"Feature","properties":{"raion":"Богодухівський","hromada":"Богодухівська","settlement":"Пісочин"},"geometry":{"type":"Point","coordinates":[35.638773,50.184275]}},{"type":"Feature","properties":{"raion":"Богодухівський","hromada":"Богодухівська","settlement":"Ріпки"},"geometry":{"type":"Point","coordinates":[35.78365,50.053254]}},{"type":"Feature","properties":{"raion":"Богодухівський","hromada":"Богодухівська","settlement":"Сазоно-Баланівка"},"geometry":{"type":"Point","coordinates":[35.805858,50.067889]}},{"type":"Feature","properties":{"raion":"Богодухівський","hromada":"Богодухівська","settlement":"Семенів Яр"},"geometry":{"type":"Point","coordinates":[35.51193,50.129962]}},{"type":"Feature","properties":{"raion":"Богодухівський","hromada":"Богодухівська","settlement":"Скосогорівка"},"geometry":{"type":"Point","coordinates":[35.651007,50.044594]}},{"type":"Feature","properties":{"raion":"Богодухівський","hromada":"Богодухівська","settlement":"Степне"},"geometry":{"type":"Point","coordinates":[35.515918,50.249577]}},{"type":"Feature","properties":{"raion":"Богодухівський","hromada":"Богодухівська","settlement":"Сухини"},"geometry":{"type":"Point","coordinates":[35.60626,50.065485]}},{"type":"Feature","properties":{"raion":"Богодухівський","hromada":"Богодухівська","settlement":"Сінне"},"geometry":{"type":"Point","coordinates":[35.617473,50.216217]}},{"type":"Feature","properties":{"raion":"Богодухівський","hromada":"Богодухівська","settlement":"Таверівка"},"geometry":{"type":"Point","coordinates":[35.696703,50.124929]}},{"type":"Feature","properties":{"raion":"Богодухівський","hromada":"Богодухівська","settlement":"Тимофіївка"},"geometry":{"type":"Point","coordinates":[35.681639,50.319394]}},{"type":"Feature","properties":{"raion":"Богодухівський","hromada":"Богодухівська","settlement":"Улянівка"},"geometry":{"type":"Point","coordinates":[35.315998,50.229156]}},{"type":"Feature","properties":{"raion":"Богодухівський","hromada":"Богодухівська","settlement":"Філатове"},"geometry":{"type":"Point","coordinates":[35.658497,50.179523]}},{"type":"Feature","properties":{"raion":"Богодухівський","hromada":"Богодухівська","settlement":"Хрущова Микитівка"},"geometry":{"type":"Point","coordinates":[35.485267,50.056148]}},{"type":"Feature","properties":{"raion":"Богодухівський","hromada":"Богодухівська","settlement":"Шарівка"},"geometry":{"type":"Point","coordinates":[35.452723,50.017952]}},{"type":"Feature","properties":{"raion":"Богодухівський","hromada":"Богодухівська","settlement":"Шигимагине"},"geometry":{"type":"Point","coordinates":[35.671313,50.183899]}},{"type":"Feature","properties":{"raion":"Богодухівський","hromada":"Богодухівська","settlement":"Шийчине"},"geometry":{"type":"Point","coordinates":[35.615301,50.17831]}},{"type":"Feature","properties":{"raion":"Богодухівський","hromada":"Богодухівська","settlement":"Шкарлати"},"geometry":{"type":"Point","coordinates":[35.392806,50.291488]}},{"type":"Feature","properties":{"raion":"Богодухівський","hromada":"Богодухівська","settlement":"Шуби"},"geometry":{"type":"Point","coordinates":[35.672963,50.255935]}},{"type":"Feature","properties":{"raion":"Богодухівський","hromada":"Богодухівська","settlement":"Щербаки"},"geometry":{"type":"Point","coordinates":[35.447551,50.189661]}},{"type":"Feature","properties":{"raion":"Богодухівський","hromada":"Богодухівська","settlement":"Яблучне"},"geometry":{"type":"Point","coordinates":[35.668389,50.070973]}},{"type":"Feature","properties":{"raion":"Богодухівський","hromada":"Валківська","settlement":"Баранове"},"geometry":{"type":"Point","coordinates":[35.624426,49.896609]}},{"type":"Feature","properties":{"raion":"Богодухівський","hromada":"Валківська","settlement":"Благодатне"},"geometry":{"type":"Point","coordinates":[35.44292,49.70061]}},{"type":"Feature","properties":{"raion":"Богодухівський","hromada":"Валківська","settlement":"Бугаївка"},"geometry":{"type":"Point","coordinates":[35.538644,49.763631]}},{"type":"Feature","properties":{"raion":"Богодухівський","hromada":"Валківська","settlement":"Бурякове"},"geometry":{"type":"Point","coordinates":[35.552677,49.740997]}},{"type":"Feature","properties":{"raion":"Богодухівський","hromada":"Валківська","settlement":"Бурівка"},"geometry":{"type":"Point","coordinates":[35.740833,49.915435]}},{"type":"Feature","properties":{"raion":"Богодухівський","hromada":"Валківська","settlement":"Буцьківка"},"geometry":{"type":"Point","coordinates":[35.785727,49.924653]}},{"type":"Feature","properties":{"raion":"Богодухівський","hromada":"Валківська","settlement":"Валки"},"geometry":{"type":"Point","coordinates":[35.61557,49.837761]}},{"type":"Feature","properties":{"raion":"Богодухівський","hromada":"Валківська","settlement":"Велика Губщина"},"geometry":{"type":"Point","coordinates":[35.579829,49.71744]}},{"type":"Feature","properties":{"raion":"Богодухівський","hromada":"Валківська","settlement":"Велика Кадигробівка"},"geometry":{"type":"Point","coordinates":[35.658001,49.724214]}},{"type":"Feature","properties":{"raion":"Богодухівський","hromada":"Валківська","settlement":"Високопілля"},"geometry":{"type":"Point","coordinates":[35.418849,49.921074]}},{"type":"Feature","properties":{"raion":"Богодухівський","hromada":"Валківська","settlement":"Вишневе"},"geometry":{"type":"Point","coordinates":[35.516753,49.67695]}},{"type":"Feature","properties":{"raion":"Богодухівський","hromada":"Валківська","settlement":"Водопій"},"geometry":{"type":"Point","coordinates":[35.543587,49.83194]}},{"type":"Feature","properties":{"raion":"Богодухівський","hromada":"Валківська","settlement":"Водяна Балка"},"geometry":{"type":"Point","coordinates":[35.617118,49.708001]}},{"type":"Feature","properties":{"raion":"Богодухівський","hromada":"Валківська","settlement":"Війтенки"},"geometry":{"type":"Point","coordinates":[35.616036,49.943538]}},{"type":"Feature","properties":{"raion":"Богодухівський","hromada":"Валківська","settlement":"Вільхівське"},"geometry":{"type":"Point","coordinates":[35.498127,49.780126]}},{"type":"Feature","properties":{"raion":"Богодухівський","hromada":"Валківська","settlement":"Газове"},"geometry":{"type":"Point","coordinates":[35.751544,50.009797]}},{"type":"Feature","properties":{"raion":"Богодухівський","hromada":"Валківська","settlement":"Гвоздьове"},"geometry":{"type":"Point","coordinates":[35.368795,49.892387]}},{"type":"Feature","properties":{"raion":"Богодухівський","hromada":"Валківська","settlement":"Гонтів Яр"},"geometry":{"type":"Point","coordinates":[35.573745,49.816835]}},{"type":"Feature","properties":{"raion":"Богодухівський","hromada":"Валківська","settlement":"Гребінники"},"geometry":{"type":"Point","coordinates":[35.62985,49.734843]}},{"type":"Feature","properties":{"raion":"Богодухівський","hromada":"Валківська","settlement":"Гринців Ріг"},"geometry":{"type":"Point","coordinates":[35.628716,49.924129]}},{"type":"Feature","properties":{"raion":"Богодухівський","hromada":"Валківська","settlement":"Гузівка"},"geometry":{"type":"Point","coordinates":[35.601872,49.877866]}},{"type":"Feature","properties":{"raion":"Богодухівський","hromada":"Валківська","settlement":"Данильчин Кут"},"geometry":{"type":"Point","coordinates":[35.648575,49.801029]}},{"type":"Feature","properties":{"raion":"Богодухівський","hromada":"Валківська","settlement":"Добропілля"},"geometry":{"type":"Point","coordinates":[35.709932,49.96865]}},{"type":"Feature","properties":{"raion":"Богодухівський","hromada":"Валківська","settlement":"Довжик"},"geometry":{"type":"Point","coordinates":[35.699091,49.786996]}},{"type":"Feature","properties":{"raion":"Богодухівський","hromada":"Валківська","settlement":"Дорофіївка"},"geometry":{"type":"Point","coordinates":[35.427671,49.791541]}},{"type":"Feature","properties":{"raion":"Богодухівський","hromada":"Валківська","settlement":"Журавлі"},"geometry":{"type":"Point","coordinates":[35.56362,49.957123]}},{"type":"Feature","properties":{"raion":"Богодухівський","hromada":"Валківська","settlement":"Завгороднє"},"geometry":{"type":"Point","coordinates":[35.32201,49.702294]}},{"type":"Feature","properties":{"raion":"Богодухівський","hromada":"Валківська","settlement":"Зайцівка"},"geometry":{"type":"Point","coordinates":[35.66812,49.776705]}},{"type":"Feature","properties":{"raion":"Богодухівський","hromada":"Валківська","settlement":"Заміське"},"geometry":{"type":"Point","coordinates":[35.560752,49.780583]}},{"type":"Feature","properties":{"raion":"Богодухівський","hromada":"Валківська","settlement":"Золочівське"},"geometry":{"type":"Point","coordinates":[35.757354,49.89842]}},{"type":"Feature","properties":{"raion":"Богодухівський","hromada":"Валківська","settlement":"Золочівське"},"geometry":{"type":"Point","coordinates":[35.755658,49.956479]}},{"type":"Feature","properties":{"raion":"Богодухівський","hromada":"Валківська","settlement":"Кантакузівка"},"geometry":{"type":"Point","coordinates":[35.50869,49.826362]}},{"type":"Feature","properties":{"raion":"Богодухівський","hromada":"Валківська","settlement":"Катричівка"},"geometry":{"type":"Point","coordinates":[35.635537,49.814872]}},{"type":"Feature","properties":{"raion":"Богодухівський","hromada":"Валківська","settlement":"Кобзарівка"},"geometry":{"type":"Point","coordinates":[35.667514,49.791333]}},{"type":"Feature","properties":{"raion":"Богодухівський","hromada":"Валківська","settlement":"Ков'яги"},"geometry":{"type":"Point","coordinates":[35.563155,49.90295]}},{"type":"Feature","properties":{"raion":"Богодухівський","hromada":"Валківська","settlement":"Коверівка"},"geometry":{"type":"Point","coordinates":[35.658692,49.898388]}},{"type":"Feature","properties":{"raion":"Богодухівський","hromada":"Валківська","settlement":"Козаченківка"},"geometry":{"type":"Point","coordinates":[35.647366,49.78178]}},{"type":"Feature","properties":{"raion":"Богодухівський","hromada":"Валківська","settlement":"Колодківка"},"geometry":{"type":"Point","coordinates":[35.651007,49.875695]}},{"type":"Feature","properties":{"raion":"Богодухівський","hromada":"Валківська","settlement":"Корнієнкове"},"geometry":{"type":"Point","coordinates":[35.573871,49.76346]}},{"type":"Feature","properties":{"raion":"Богодухівський","hromada":"Валківська","settlement":"Корсунове"},"geometry":{"type":"Point","coordinates":[35.49592,49.724563]}},{"type":"Feature","properties":{"raion":"Богодухівський","hromada":"Валківська","settlement":"Корсунівка"},"geometry":{"type":"Point","coordinates":[35.553342,49.810837]}},{"type":"Feature","properties":{"raion":"Богодухівський","hromada":"Валківська","settlement":"Косенкове"},"geometry":{"type":"Point","coordinates":[35.561413,49.75357]}},{"type":"Feature","properties":{"raion":"Богодухівський","hromada":"Валківська","settlement":"Костів"},"geometry":{"type":"Point","coordinates":[35.629113,49.859991]}},{"type":"Feature","properties":{"raion":"Богодухівський","hromada":"Валківська","settlement":"Круглик"},"geometry":{"type":"Point","coordinates":[35.578994,49.847687]}},{"type":"Feature","properties":{"raion":"Богодухівський","hromada":"Валківська","settlement":"Крута Балка"},"geometry":{"type":"Point","coordinates":[35.402645,49.672973]}},{"type":"Feature","properties":{"raion":"Богодухівський","hromada":"Валківська","settlement":"Кузьмівка"},"geometry":{"type":"Point","coordinates":[35.544085,49.837956]}},{"type":"Feature","properties":{"raion":"Богодухівський","hromada":"Валківська","settlement":"Ландишове"},"geometry":{"type":"Point","coordinates":[35.463325,49.679846]}},{"type":"Feature","properties":{"raion":"Богодухівський","hromada":"Валківська","settlement":"Лисконоги"},"geometry":{"type":"Point","coordinates":[35.642169,49.771534]}},{"type":"Feature","properties":{"raion":"Богодухівський","hromada":"Валківська","settlement":"Литвинівка"},"geometry":{"type":"Point","coordinates":[35.695304,49.839113]}},{"type":"Feature","properties":{"raion":"Богодухівський","hromada":"Валківська","settlement":"Майдан"},"geometry":{"type":"Point","coordinates":[35.256967,49.712647]}},{"type":"Feature","properties":{"raion":"Богодухівський","hromada":"Валківська","settlement":"Мала Кадигробівка"},"geometry":{"type":"Point","coordinates":[35.592077,49.779107]}},{"type":"Feature","properties":{"raion":"Богодухівський","hromada":"Валківська","settlement":"Манили"},"geometry":{"type":"Point","coordinates":[35.66746,49.732938]}},{"type":"Feature","properties":{"raion":"Богодухівський","hromada":"Валківська","settlement":"Мельникове"},"geometry":{"type":"Point","coordinates":[35.54442,49.697225]}},{"type":"Feature","properties":{"raion":"Богодухівський","hromada":"Валківська","settlement":"Минківка"},"geometry":{"type":"Point","coordinates":[35.621629,49.757068]}},{"type":"Feature","properties":{"raion":"Богодухівський","hromada":"Валківська","settlement":"Михайлівка"},"geometry":{"type":"Point","coordinates":[35.526369,49.71863]}},{"type":"Feature","properties":{"raion":"Богодухівський","hromada":"Валківська","settlement":"Мозолівка"},"geometry":{"type":"Point","coordinates":[35.358735,49.72935]}},{"type":"Feature","properties":{"raion":"Богодухівський","hromada":"Валківська","settlement":"Мізяки"},"geometry":{"type":"Point","coordinates":[35.63211,49.914186]}},{"type":"Feature","properties":{"raion":"Богодухівський","hromada":"Валківська","settlement":"Мірошники"},"geometry":{"type":"Point","coordinates":[35.65581,49.738034]}},{"type":"Feature","properties":{"raion":"Богодухівський","hromada":"Валківська","settlement":"Мічурінське"},"geometry":{"type":"Point","coordinates":[35.711557,50.010908]}},{"type":"Feature","properties":{"raion":"Богодухівський","hromada":"Валківська","settlement":"Нестеренки"},"geometry":{"type":"Point","coordinates":[35.603473,49.724569]}},{"type":"Feature","properties":{"raion":"Богодухівський","hromada":"Валківська","settlement":"Новий Мерчик"},"geometry":{"type":"Point","coordinates":[35.627056,49.976005]}},{"type":"Feature","properties":{"raion":"Богодухівський","hromada":"Валківська","settlement":"Новоселівка"},"geometry":{"type":"Point","coordinates":[35.369213,49.668786]}},{"type":"Feature","properties":{"raion":"Богодухівський","hromada":"Валківська","settlement":"Огульці"},"geometry":{"type":"Point","coordinates":[35.82568,49.903014]}},{"type":"Feature","properties":{"raion":"Богодухівський","hromada":"Валківська","settlement":"Олександрівка"},"geometry":{"type":"Point","coordinates":[35.431896,49.728454]}},{"type":"Feature","properties":{"raion":"Богодухівський","hromada":"Валківська","settlement":"Очеретове"},"geometry":{"type":"Point","coordinates":[35.298595,49.707776]}},{"type":"Feature","properties":{"raion":"Богодухівський","hromada":"Валківська","settlement":"Пасічне"},"geometry":{"type":"Point","coordinates":[35.740496,49.929314]}},{"type":"Feature","properties":{"raion":"Богодухівський","hromada":"Валківська","settlement":"Перекіп"},"geometry":{"type":"Point","coordinates":[35.49694,49.88214]}},{"type":"Feature","properties":{"raion":"Богодухівський","hromada":"Валківська","settlement":"Перепелицівка"},"geometry":{"type":"Point","coordinates":[35.577634,49.793802]}},{"type":"Feature","properties":{"raion":"Богодухівський","hromada":"Валківська","settlement":"Петренкове"},"geometry":{"type":"Point","coordinates":[35.690568,49.900504]}},{"type":"Feature","properties":{"raion":"Богодухівський","hromada":"Валківська","settlement":"Привокзальне"},"geometry":{"type":"Point","coordinates":[35.758986,50.005958]}},{"type":"Feature","properties":{"raion":"Богодухівський","hromada":"Валківська","settlement":"Піски"},"geometry":{"type":"Point","coordinates":[35.660185,49.827358]}},{"type":"Feature","properties":{"raion":"Богодухівський","hromada":"Валківська","settlement":"Рогівка"},"geometry":{"type":"Point","coordinates":[35.657219,49.915687]}},{"type":"Feature","properties":{"raion":"Богодухівський","hromada":"Валківська","settlement":"Розсохівка"},"geometry":{"type":"Point","coordinates":[35.614607,49.896851]}},{"type":"Feature","properties":{"raion":"Богодухівський","hromada":"Валківська","settlement":"Рудий Байрак"},"geometry":{"type":"Point","coordinates":[35.584083,49.760302]}},{"type":"Feature","properties":{"raion":"Богодухівський","hromada":"Валківська","settlement":"Рідкодуб"},"geometry":{"type":"Point","coordinates":[35.39889,49.757431]}},{"type":"Feature","properties":{"raion":"Богодухівський","hromada":"Валківська","settlement":"Різдвяне"},"geometry":{"type":"Point","coordinates":[35.567747,49.680565]}},{"type":"Feature","properties":{"raion":"Богодухівський","hromada":"Валківська","settlement":"Свинарі"},"geometry":{"type":"Point","coordinates":[35.74961,49.934286]}},{"type":"Feature","properties":{"raion":"Богодухівський","hromada":"Валківська","settlement":"Семківка"},"geometry":{"type":"Point","coordinates":[35.650547,49.881178]}},{"type":"Feature","properties":{"raion":"Богодухівський","hromada":"Валківська","settlement":"Серпневе"},"geometry":{"type":"Point","coordinates":[35.46891,49.698226]}},{"type":"Feature","properties":{"raion":"Богодухівський","hromada":"Валківська","settlement":"Сидоренкове"},"geometry":{"type":"Point","coordinates":[35.352075,49.704687]}},{"type":"Feature","properties":{"raion":"Богодухівський","hromada":"Валківська","settlement":"Скельки"},"geometry":{"type":"Point","coordinates":[35.502871,49.684466]}},{"type":"Feature","properties":{"raion":"Богодухівський","hromada":"Валківська","settlement":"Сніжків"},"geometry":{"type":"Point","coordinates":[35.513832,49.793531]}},{"type":"Feature","properties":{"raion":"Богодухівський","hromada":"Валківська","settlement":"Соснівка"},"geometry":{"type":"Point","coordinates":[35.405063,49.772325]}},{"type":"Feature","properties":{"raion":"Богодухівський","hromada":"Валківська","settlement":"Старий Мерчик"},"geometry":{"type":"Point","coordinates":[35.764737,49.978203]}},{"type":"Feature","properties":{"raion":"Богодухівський","hromada":"Валківська","settlement":"Старі Валки"},"geometry":{"type":"Point","coordinates":[35.56337,49.852088]}},{"type":"Feature","properties":{"raion":"Богодухівський","hromada":"Валківська","settlement":"Суха Балка"},"geometry":{"type":"Point","coordinates":[35.561566,49.655098]}},{"type":"Feature","properties":{"raion":"Богодухівський","hromada":"Валківська","settlement":"Тетющине"},"geometry":{"type":"Point","coordinates":[35.656284,49.929897]}},{"type":"Feature","properties":{"raion":"Богодухівський","hromada":"Валківська","settlement":"Трохимівка"},"geometry":{"type":"Point","coordinates":[35.576514,49.908096]}},{"type":"Feature","properties":{"raion":"Богодухівський","hromada":"Валківська","settlement":"Тугаївка"},"geometry":{"type":"Point","coordinates":[35.622032,49.720324]}},{"type":"Feature","properties":{"raion":"Богодухівський","hromada":"Валківська","settlement":"Тупицівка"},"geometry":{"type":"Point","coordinates":[35.564185,49.798866]}},{"type":"Feature","properties":{"raion":"Богодухівський","hromada":"Валківська","settlement":"Халимонівка"},"geometry":{"type":"Point","coordinates":[35.588919,49.912014]}},{"type":"Feature","properties":{"raion":"Богодухівський","hromada":"Валківська","settlement":"Хворостове"},"geometry":{"type":"Point","coordinates":[35.696063,49.920084]}},{"type":"Feature","properties":{"raion":"Богодухівський","hromada":"Валківська","settlement":"Черемушна"},"geometry":{"type":"Point","coordinates":[35.758861,49.863143]}},{"type":"Feature","properties":{"raion":"Богодухівський","hromada":"Валківська","settlement":"Шарівка"},"geometry":{"type":"Point","coordinates":[35.772795,49.912762]}},{"type":"Feature","properties":{"raion":"Богодухівський","hromada":"Валківська","settlement":"Шевченкове"},"geometry":{"type":"Point","coordinates":[35.683656,49.890991]}},{"type":"Feature","properties":{"raion":"Богодухівський","hromada":"Валківська","settlement":"Шелудькове"},"geometry":{"type":"Point","coordinates":[35.344143,49.750731]}},{"type":"Feature","properties":{"raion":"Богодухівський","hromada":"Валківська","settlement":"Шийки"},"geometry":{"type":"Point","coordinates":[35.686307,49.803178]}},{"type":"Feature","properties":{"raion":"Богодухівський","hromada":"Валківська","settlement":"Шлях"},"geometry":{"type":"Point","coordinates":[35.763966,49.923512]}},{"type":"Feature","properties":{"raion":"Богодухівський","hromada":"Валківська","settlement":"Щербинівка"},"geometry":{"type":"Point","coordinates":[35.602874,49.793952]}},{"type":"Feature","properties":{"raion":"Богодухівський","hromada":"Валківська","settlement":"Яблунівка"},"geometry":{"type":"Point","coordinates":[35.722871,49.851246]}},{"type":"Feature","properties":{"raion":"Богодухівський","hromada":"Валківська","settlement":"Ясеневе"},"geometry":{"type":"Point","coordinates":[35.472849,49.789409]}},{"type":"Feature","properties":{"raion":"Богодухівський","hromada":"Валківська","settlement":"Яхременки"},"geometry":{"type":"Point","coordinates":[35.585006,49.74021]}},{"type":"Feature","properties":{"raion":"Богодухівський","hromada":"Золочівська","settlement":"Івашки"},"geometry":{"type":"Point","coordinates":[35.824579,50.399907]}},{"type":"Feature","properties":{"raion":"Богодухівський","hromada":"Золочівська","settlement":"Андріївка"},"geometry":{"type":"Point","coordinates":[35.988408,50.353625]}},{"type":"Feature","properties":{"raion":"Богодухівський","hromada":"Золочівська","settlement":"Баранівка"},"geometry":{"type":"Point","coordinates":[35.974881,50.374169]}},{"type":"Feature","properties":{"raion":"Богодухівський","hromada":"Золочівська","settlement":"Басове"},"geometry":{"type":"Point","coordinates":[35.881218,50.417313]}},{"type":"Feature","properties":{"raion":"Богодухівський","hromada":"Золочівська","settlement":"Березівка"},"geometry":{"type":"Point","coordinates":[35.890554,50.291318]}},{"type":"Feature","properties":{"raion":"Богодухівський","hromada":"Золочівська","settlement":"Борохи"},"geometry":{"type":"Point","coordinates":[35.922789,50.313515]}},{"type":"Feature","properties":{"raion":"Богодухівський","hromada":"Золочівська","settlement":"Бугаї Другі"},"geometry":{"type":"Point","coordinates":[35.983395,50.329593]}},{"type":"Feature","properties":{"raion":"Богодухівський","hromada":"Золочівська","settlement":"Велика Рогозянка"},"geometry":{"type":"Point","coordinates":[35.84091,50.187682]}},{"type":"Feature","properties":{"raion":"Богодухівський","hromada":"Золочівська","settlement":"Високе"},"geometry":{"type":"Point","coordinates":[35.984668,50.169504]}},{"type":"Feature","properties":{"raion":"Богодухівський","hromada":"Золочівська","settlement":"Відродженівське"},"geometry":{"type":"Point","coordinates":[35.749252,50.332761]}},{"type":"Feature","properties":{"raion":"Богодухівський","hromada":"Золочівська","settlement":"Вікнине"},"geometry":{"type":"Point","coordinates":[35.910913,50.17496]}},{"type":"Feature","properties":{"raion":"Богодухівський","hromada":"Золочівська","settlement":"Вільшанське"},"geometry":{"type":"Point","coordinates":[35.906241,50.114121]}},{"type":"Feature","properties":{"raion":"Богодухівський","hromada":"Золочівська","settlement":"Головашівка"},"geometry":{"type":"Point","coordinates":[35.970634,50.112906]}},{"type":"Feature","properties":{"raion":"Богодухівський","hromada":"Золочівська","settlement":"Гресі"},"geometry":{"type":"Point","coordinates":[35.875472,50.324527]}},{"type":"Feature","properties":{"raion":"Богодухівський","hromada":"Золочівська","settlement":"Гур'їв"},"geometry":{"type":"Point","coordinates":[35.721354,50.285676]}},{"type":"Feature","properties":{"raion":"Богодухівський","hromada":"Золочівська","settlement":"Гур'їв Козачок"},"geometry":{"type":"Point","coordinates":[35.965484,50.419365]}},{"type":"Feature","properties":{"raion":"Богодухівський","hromada":"Золочівська","settlement":"Гуринівка"},"geometry":{"type":"Point","coordinates":[35.838918,50.152231]}},{"type":"Feature","properties":{"raion":"Богодухівський","hromada":"Золочівська","settlement":"Довжик"},"geometry":{"type":"Point","coordinates":[35.962161,50.197682]}},{"type":"Feature","properties":{"raion":"Богодухівський","hromada":"Золочівська","settlement":"Дуванка"},"geometry":{"type":"Point","coordinates":[36.058883,50.30332]}},{"type":"Feature","properties":{"raion":"Богодухівський","hromada":"Золочівська","settlement":"Завадське"},"geometry":{"type":"Point","coordinates":[35.860826,50.355709]}},{"type":"Feature","properties":{"raion":"Богодухівський","hromada":"Золочівська","settlement":"Золочів"},"geometry":{"type":"Point","coordinates":[35.983988,50.275493]}},{"type":"Feature","properties":{"raion":"Богодухівський","hromada":"Золочівська","settlement":"Зрубанка"},"geometry":{"type":"Point","coordinates":[36.002751,50.289932]}},{"type":"Feature","properties":{"raion":"Богодухівський","hromada":"Золочівська","settlement":"Зіньківське"},"geometry":{"type":"Point","coordinates":[35.861664,50.085356]}},{"type":"Feature","properties":{"raion":"Богодухівський","hromada":"Золочівська","settlement":"Калинове"},"geometry":{"type":"Point","coordinates":[36.086277,50.257437]}},{"type":"Feature","properties":{"raion":"Богодухівський","hromada":"Золочівська","settlement":"Карасівка"},"geometry":{"type":"Point","coordinates":[36.0709,50.269471]}},{"type":"Feature","properties":{"raion":"Богодухівський","hromada":"Золочівська","settlement":"Ковалі"},"geometry":{"type":"Point","coordinates":[35.913003,50.341954]}},{"type":"Feature","properties":{"raion":"Богодухівський","hromada":"Золочівська","settlement":"Костянтинівка"},"geometry":{"type":"Point","coordinates":[36.031598,50.364341]}},{"type":"Feature","properties":{"raion":"Богодухівський","hromada":"Золочівська","settlement":"Леміщине"},"geometry":{"type":"Point","coordinates":[35.718495,50.331564]}},{"type":"Feature","properties":{"raion":"Богодухівський","hromada":"Золочівська","settlement":"Литвинове"},"geometry":{"type":"Point","coordinates":[35.969604,50.232448]}},{"type":"Feature","properties":{"raion":"Богодухівський","hromada":"Золочівська","settlement":"Лютівка"},"geometry":{"type":"Point","coordinates":[35.813085,50.309629]}},{"type":"Feature","properties":{"raion":"Богодухівський","hromada":"Золочівська","settlement":"Макариха"},"geometry":{"type":"Point","coordinates":[35.985823,50.242329]}},{"type":"Feature","properties":{"raion":"Богодухівський","hromada":"Золочівська","settlement":"Макарове"},"geometry":{"type":"Point","coordinates":[36.156267,50.293616]}},{"type":"Feature","properties":{"raion":"Богодухівський","hromada":"Золочівська","settlement":"Мала Рогозянка"},"geometry":{"type":"Point","coordinates":[35.916144,50.120216]}},{"type":"Feature","properties":{"raion":"Богодухівський","hromada":"Золочівська","settlement":"Малижине"},"geometry":{"type":"Point","coordinates":[35.723485,50.219934]}},{"type":"Feature","properties":{"raion":"Богодухівський","hromada":"Золочівська","settlement":"Малі Феськи"},"geometry":{"type":"Point","coordinates":[35.966344,50.148384]}},{"type":"Feature","properties":{"raion":"Богодухівський","hromada":"Золочівська","settlement":"Мартинівка"},"geometry":{"type":"Point","coordinates":[35.936563,50.339215]}},{"type":"Feature","properties":{"raion":"Богодухівський","hromada":"Золочівська","settlement":"Маяк"},"geometry":{"type":"Point","coordinates":[35.953341,50.162821]}},{"type":"Feature","properties":{"raion":"Богодухівський","hromada":"Золочівська","settlement":"Мерло"},"geometry":{"type":"Point","coordinates":[35.732113,50.19526]}},{"type":"Feature","properties":{"raion":"Богодухівський","hromada":"Золочівська","settlement":"Миронівка"},"geometry":{"type":"Point","coordinates":[36.048544,50.19234]}},{"type":"Feature","properties":{"raion":"Богодухівський","hromada":"Золочівська","settlement":"Морозова Долина"},"geometry":{"type":"Point","coordinates":[35.731184,50.307394]}},{"type":"Feature","properties":{"raion":"Богодухівський","hromada":"Золочівська","settlement":"Муравське"},"geometry":{"type":"Point","coordinates":[35.883389,50.368756]}},{"type":"Feature","properties":{"raion":"Богодухівський","hromada":"Золочівська","settlement":"Одноробівка"},"geometry":{"type":"Point","coordinates":[35.909643,50.364246]}},{"type":"Feature","properties":{"raion":"Богодухівський","hromada":"Золочівська","settlement":"Одноробівка"},"geometry":{"type":"Point","coordinates":[35.86006,50.416516]}},{"type":"Feature","properties":{"raion":"Богодухівський","hromada":"Золочівська","settlement":"Окіп"},"geometry":{"type":"Point","coordinates":[36.148579,50.418776]}},{"type":"Feature","properties":{"raion":"Богодухівський","hromada":"Золочівська","settlement":"Олександрівка"},"geometry":{"type":"Point","coordinates":[35.824811,50.368609]}},{"type":"Feature","properties":{"raion":"Богодухівський","hromada":"Золочівська","settlement":"Орішанка"},"geometry":{"type":"Point","coordinates":[35.943422,50.2454]}},{"type":"Feature","properties":{"raion":"Богодухівський","hromada":"Золочівська","settlement":"Перемога"},"geometry":{"type":"Point","coordinates":[35.874443,50.129374]}},{"type":"Feature","properties":{"raion":"Богодухівський","hromada":"Золочівська","settlement":"Перовське"},"geometry":{"type":"Point","coordinates":[35.839893,50.407849]}},{"type":"Feature","properties":{"raion":"Богодухівський","hromada":"Золочівська","settlement":"Першотравневе"},"geometry":{"type":"Point","coordinates":[35.94894,50.112341]}},{"type":"Feature","properties":{"raion":"Богодухівський","hromada":"Золочівська","settlement":"Петрівка"},"geometry":{"type":"Point","coordinates":[35.901746,50.327045]}},{"type":"Feature","properties":{"raion":"Богодухівський","hromada":"Золочівська","settlement":"Писарівка"},"geometry":{"type":"Point","coordinates":[35.756509,50.245359]}},{"type":"Feature","properties":{"raion":"Богодухівський","hromada":"Золочівська","settlement":"Постольне"},"geometry":{"type":"Point","coordinates":[35.948979,50.347461]}},{"type":"Feature","properties":{"raion":"Богодухівський","hromada":"Золочівська","settlement":"Розсохувате"},"geometry":{"type":"Point","coordinates":[35.959195,50.325671]}},{"type":"Feature","properties":{"raion":"Богодухівський","hromada":"Золочівська","settlement":"Рясне"},"geometry":{"type":"Point","coordinates":[35.794506,50.271099]}},{"type":"Feature","properties":{"raion":"Богодухівський","hromada":"Золочівська","settlement":"Рідний Край"},"geometry":{"type":"Point","coordinates":[35.913075,50.164379]}},{"type":"Feature","properties":{"raion":"Богодухівський","hromada":"Золочівська","settlement":"Світличне"},"geometry":{"type":"Point","coordinates":[36.061873,50.325236]}},{"type":"Feature","properties":{"raion":"Богодухівський","hromada":"Золочівська","settlement":"Сковородинівка"},"geometry":{"type":"Point","coordinates":[35.775136,50.157272]}},{"type":"Feature","properties":{"raion":"Богодухівський","hromada":"Золочівська","settlement":"Скорики"},"geometry":{"type":"Point","coordinates":[35.855414,50.373255]}},{"type":"Feature","properties":{"raion":"Богодухівський","hromada":"Золочівська","settlement":"Сніги"},"geometry":{"type":"Point","coordinates":[35.99954,50.332394]}},{"type":"Feature","properties":{"raion":"Богодухівський","hromada":"Золочівська","settlement":"Сніги"},"geometry":{"type":"Point","coordinates":[35.951453,50.343772]}},{"type":"Feature","properties":{"raion":"Богодухівський","hromada":"Золочівська","settlement":"Соснівка"},"geometry":{"type":"Point","coordinates":[36.10549,50.351263]}},{"type":"Feature","properties":{"raion":"Богодухівський","hromada":"Золочівська","settlement":"Сотницький Козачок"},"geometry":{"type":"Point","coordinates":[35.889977,50.436871]}},{"type":"Feature","properties":{"raion":"Богодухівський","hromada":"Золочівська","settlement":"Стогнії"},"geometry":{"type":"Point","coordinates":[35.94303,50.368201]}},{"type":"Feature","properties":{"raion":"Богодухівський","hromada":"Золочівська","settlement":"Тимофіївка"},"geometry":{"type":"Point","coordinates":[35.787234,50.357184]}},{"type":"Feature","properties":{"raion":"Богодухівський","hromada":"Золочівська","settlement":"Турове"},"geometry":{"type":"Point","coordinates":[36.153681,50.310715]}},{"type":"Feature","properties":{"raion":"Богодухівський","hromada":"Золочівська","settlement":"Уди"},"geometry":{"type":"Point","coordinates":[36.064522,50.385768]}},{"type":"Feature","properties":{"raion":"Богодухівський","hromada":"Золочівська","settlement":"Феськи"},"geometry":{"type":"Point","coordinates":[35.95493,50.141301]}},{"type":"Feature","properties":{"raion":"Богодухівський","hromada":"Золочівська","settlement":"Цапівка"},"geometry":{"type":"Point","coordinates":[35.858888,50.267922]}},{"type":"Feature","properties":{"raion":"Богодухівський","hromada":"Золочівська","settlement":"Цилюрики"},"geometry":{"type":"Point","coordinates":[35.959799,50.350027]}},{"type":"Feature","properties":{"raion":"Богодухівський","hromada":"Золочівська","settlement":"Чепелі"},"geometry":{"type":"Point","coordinates":[35.950054,50.115314]}},{"type":"Feature","properties":{"raion":"Богодухівський","hromada":"Золочівська","settlement":"Червона Зоря"},"geometry":{"type":"Point","coordinates":[36.123405,50.40454]}},{"type":"Feature","properties":{"raion":"Богодухівський","hromada":"Золочівська","settlement":"Чорноглазівка"},"geometry":{"type":"Point","coordinates":[36.046961,50.239405]}},{"type":"Feature","properties":{"raion":"Богодухівський","hromada":"Золочівська","settlement":"Широкий Яр"},"geometry":{"type":"Point","coordinates":[35.846585,50.349322]}},{"type":"Feature","properties":{"raion":"Богодухівський","hromada":"Коломацька","settlement":"Андрусівка"},"geometry":{"type":"Point","coordinates":[35.320308,49.775906]}},{"type":"Feature","properties":{"raion":"Богодухівський","hromada":"Коломацька","settlement":"Бондарівка"},"geometry":{"type":"Point","coordinates":[35.333267,49.779538]}},{"type":"Feature","properties":{"raion":"Богодухівський","hromada":"Коломацька","settlement":"Бровкове"},"geometry":{"type":"Point","coordinates":[35.410484,49.854362]}},{"type":"Feature","properties":{"raion":"Богодухівський","hromada":"Коломацька","settlement":"Білоусове"},"geometry":{"type":"Point","coordinates":[35.24186,49.856702]}},{"type":"Feature","properties":{"raion":"Богодухівський","hromada":"Коломацька","settlement":"Вдовичине"},"geometry":{"type":"Point","coordinates":[35.240752,49.801077]}},{"type":"Feature","properties":{"raion":"Богодухівський","hromada":"Коломацька","settlement":"Ганнівка"},"geometry":{"type":"Point","coordinates":[35.31817,49.751505]}},{"type":"Feature","properties":{"raion":"Богодухівський","hromada":"Коломацька","settlement":"Гладківка"},"geometry":{"type":"Point","coordinates":[35.285288,49.886822]}},{"type":"Feature","properties":{"raion":"Богодухівський","hromada":"Коломацька","settlement":"Григорівка"},"geometry":{"type":"Point","coordinates":[35.156446,49.863996]}},{"type":"Feature","properties":{"raion":"Богодухівський","hromada":"Коломацька","settlement":"Гришкове"},"geometry":{"type":"Point","coordinates":[35.224444,49.785861]}},{"type":"Feature","properties":{"raion":"Богодухівський","hromada":"Коломацька","settlement":"Гуртовівка"},"geometry":{"type":"Point","coordinates":[35.265524,49.814999]}},{"type":"Feature","properties":{"raion":"Богодухівський","hromada":"Коломацька","settlement":"Дмитрівка"},"geometry":{"type":"Point","coordinates":[35.383822,49.799351]}},{"type":"Feature","properties":{"raion":"Богодухівський","hromada":"Коломацька","settlement":"Каленикове"},"geometry":{"type":"Point","coordinates":[35.220642,49.750275]}},{"type":"Feature","properties":{"raion":"Богодухівський","hromada":"Коломацька","settlement":"Кисівка"},"geometry":{"type":"Point","coordinates":[35.348837,49.796335]}},{"type":"Feature","properties":{"raion":"Богодухівський","hromada":"Коломацька","settlement":"Коломак"},"geometry":{"type":"Point","coordinates":[35.310065,49.843756]}},{"type":"Feature","properties":{"raion":"Богодухівський","hromada":"Коломацька","settlement":"Крамарівка"},"geometry":{"type":"Point","coordinates":[35.229502,49.770901]}},{"type":"Feature","properties":{"raion":"Богодухівський","hromada":"Коломацька","settlement":"Латишівка"},"geometry":{"type":"Point","coordinates":[35.326816,49.806218]}},{"type":"Feature","properties":{"raion":"Богодухівський","hromada":"Коломацька","settlement":"Логвинівка"},"geometry":{"type":"Point","coordinates":[35.378711,49.806764]}},{"type":"Feature","properties":{"raion":"Богодухівський","hromada":"Коломацька","settlement":"Миколаївка"},"geometry":{"type":"Point","coordinates":[35.451841,49.825998]}},{"type":"Feature","properties":{"raion":"Богодухівський","hromada":"Коломацька","settlement":"Мірошниківка"},"geometry":{"type":"Point","coordinates":[35.27698,49.74936]}},{"type":"Feature","properties":{"raion":"Богодухівський","hromada":"Коломацька","settlement":"Нагальне"},"geometry":{"type":"Point","coordinates":[35.202359,49.841217]}},{"type":"Feature","properties":{"raion":"Богодухівський","hromada":"Коломацька","settlement":"Новоіванівське"},"geometry":{"type":"Point","coordinates":[35.381104,49.860547]}},{"type":"Feature","properties":{"raion":"Богодухівський","hromada":"Коломацька","settlement":"Панасівка"},"geometry":{"type":"Point","coordinates":[35.266396,49.903016]}},{"type":"Feature","properties":{"raion":"Богодухівський","hromada":"Коломацька","settlement":"Пащенівка"},"geometry":{"type":"Point","coordinates":[35.205815,49.883522]}},{"type":"Feature","properties":{"raion":"Богодухівський","hromada":"Коломацька","settlement":"Петропавлівка"},"geometry":{"type":"Point","coordinates":[35.164479,49.869174]}},{"type":"Feature","properties":{"raion":"Богодухівський","hromada":"Коломацька","settlement":"Покровка"},"geometry":{"type":"Point","coordinates":[35.278913,49.913037]}},{"type":"Feature","properties":{"raion":"Богодухівський","hromada":"Коломацька","settlement":"Прядківка"},"geometry":{"type":"Point","coordinates":[35.254359,49.772212]}},{"type":"Feature","properties":{"raion":"Богодухівський","hromada":"Коломацька","settlement":"Підлісне"},"geometry":{"type":"Point","coordinates":[35.234978,49.877246]}},{"type":"Feature","properties":{"raion":"Богодухівський","hromada":"Коломацька","settlement":"Різуненкове"},"geometry":{"type":"Point","coordinates":[35.256873,49.792339]}},{"type":"Feature","properties":{"raion":"Богодухівський","hromada":"Коломацька","settlement":"Сургаївка"},"geometry":{"type":"Point","coordinates":[35.368067,49.813694]}},{"type":"Feature","properties":{"raion":"Богодухівський","hromada":"Коломацька","settlement":"Трудолюбівка"},"geometry":{"type":"Point","coordinates":[35.245884,49.897158]}},{"type":"Feature","properties":{"raion":"Богодухівський","hromada":"Коломацька","settlement":"Цепочкине"},"geometry":{"type":"Point","coordinates":[35.24736,49.88749]}},{"type":"Feature","properties":{"raion":"Богодухівський","hromada":"Коломацька","settlement":"Шелестове"},"geometry":{"type":"Point","coordinates":[35.215435,49.85564]}},{"type":"Feature","properties":{"raion":"Богодухівський","hromada":"Коломацька","settlement":"Шляхове"},"geometry":{"type":"Point","coordinates":[35.420542,49.820317]}},{"type":"Feature","properties":{"raion":"Богодухівський","hromada":"Коломацька","settlement":"Явтухівка"},"geometry":{"type":"Point","coordinates":[35.21907,49.763504]}},{"type":"Feature","properties":{"raion":"Богодухівський","hromada":"Краснокутська","settlement":"Березівка"},"geometry":{"type":"Point","coordinates":[34.952232,49.938842]}},{"type":"Feature","properties":{"raion":"Богодухівський","hromada":"Краснокутська","settlement":"Благодатне"},"geometry":{"type":"Point","coordinates":[35.166274,49.955985]}},{"type":"Feature","properties":{"raion":"Богодухівський","hromada":"Краснокутська","settlement":"Бузова"},"geometry":{"type":"Point","coordinates":[35.243045,49.965088]}},{"type":"Feature","properties":{"raion":"Богодухівський","hromada":"Краснокутська","settlement":"Бузове"},"geometry":{"type":"Point","coordinates":[35.25185,50.006074]}},{"type":"Feature","properties":{"raion":"Богодухівський","hromada":"Краснокутська","settlement":"Бідило"},"geometry":{"type":"Point","coordinates":[35.353094,49.990313]}},{"type":"Feature","properties":{"raion":"Богодухівський","hromada":"Краснокутська","settlement":"В'язова"},"geometry":{"type":"Point","coordinates":[35.118025,49.885512]}},{"type":"Feature","properties":{"raion":"Богодухівський","hromada":"Краснокутська","settlement":"Водяне"},"geometry":{"type":"Point","coordinates":[35.369667,49.928156]}},{"type":"Feature","properties":{"raion":"Богодухівський","hromada":"Краснокутська","settlement":"Володимирівка"},"geometry":{"type":"Point","coordinates":[35.286181,50.074238]}},{"type":"Feature","properties":{"raion":"Богодухівський","hromada":"Краснокутська","settlement":"Гаркавець"},"geometry":{"type":"Point","coordinates":[35.079397,50.154586]}},{"type":"Feature","properties":{"raion":"Богодухівський","hromada":"Краснокутська","settlement":"Городнє"},"geometry":{"type":"Point","coordinates":[35.239544,50.109736]}},{"type":"Feature","properties":{"raion":"Богодухівський","hromada":"Краснокутська","settlement":"Гринів Яр"},"geometry":{"type":"Point","coordinates":[34.991973,49.901513]}},{"type":"Feature","properties":{"raion":"Богодухівський","hromada":"Краснокутська","settlement":"Дублянка"},"geometry":{"type":"Point","coordinates":[35.339662,49.950012]}},{"type":"Feature","properties":{"raion":"Богодухівський","hromada":"Краснокутська","settlement":"Зубівка"},"geometry":{"type":"Point","coordinates":[34.997075,49.975056]}},{"type":"Feature","properties":{"raion":"Богодухівський","hromada":"Краснокутська","settlement":"Кам'яно-Хутірське"},"geometry":{"type":"Point","coordinates":[35.147481,49.935676]}},{"type":"Feature","properties":{"raion":"Богодухівський","hromada":"Краснокутська","settlement":"Каплунівка"},"geometry":{"type":"Point","coordinates":[35.105755,50.166266]}},{"type":"Feature","properties":{"raion":"Богодухівський","hromada":"Краснокутська","settlement":"Капранське"},"geometry":{"type":"Point","coordinates":[34.894749,49.963662]}},{"type":"Feature","properties":{"raion":"Богодухівський","hromada":"Краснокутська","settlement":"Карайкозівка"},"geometry":{"type":"Point","coordinates":[35.137242,50.020324]}},{"type":"Feature","properties":{"raion":"Богодухівський","hromada":"Краснокутська","settlement":"Качалівка"},"geometry":{"type":"Point","coordinates":[35.215005,50.019987]}},{"type":"Feature","properties":{"raion":"Богодухівський","hromada":"Краснокутська","settlement":"Китченківка"},"geometry":{"type":"Point","coordinates":[35.212972,49.961678]}},{"type":"Feature","properties":{"raion":"Богодухівський","hromada":"Краснокутська","settlement":"Княжа Долина"},"geometry":{"type":"Point","coordinates":[35.370117,49.965652]}},{"type":"Feature","properties":{"raion":"Богодухівський","hromada":"Краснокутська","settlement":"Ковальчуківка"},"geometry":{"type":"Point","coordinates":[35.167635,49.969058]}},{"type":"Feature","properties":{"raion":"Богодухівський","hromada":"Краснокутська","settlement":"Ковалівка"},"geometry":{"type":"Point","coordinates":[34.969947,49.94333]}},{"type":"Feature","properties":{"raion":"Богодухівський","hromada":"Краснокутська","settlement":"Ковалівське"},"geometry":{"type":"Point","coordinates":[35.094381,49.910969]}},{"type":"Feature","properties":{"raion":"Богодухівський","hromada":"Краснокутська","settlement":"Козіївка"},"geometry":{"type":"Point","coordinates":[35.223977,50.149632]}},{"type":"Feature","properties":{"raion":"Богодухівський","hromada":"Краснокутська","settlement":"Коломацький Шлях"},"geometry":{"type":"Point","coordinates":[35.211389,49.964717]}},{"type":"Feature","properties":{"raion":"Богодухівський","hromada":"Краснокутська","settlement":"Колонтаїв"},"geometry":{"type":"Point","coordinates":[34.947812,49.978289]}},{"type":"Feature","properties":{"raion":"Богодухівський","hromada":"Краснокутська","settlement":"Комарівка"},"geometry":{"type":"Point","coordinates":[34.974204,49.966973]}},{"type":"Feature","properties":{"raion":"Богодухівський","hromada":"Краснокутська","settlement":"Костянтинівка"},"geometry":{"type":"Point","coordinates":[35.117012,49.949358]}},{"type":"Feature","properties":{"raion":"Богодухівський","hromada":"Краснокутська","settlement":"Котелевка"},"geometry":{"type":"Point","coordinates":[34.921709,50.035883]}},{"type":"Feature","properties":{"raion":"Богодухівський","hromada":"Краснокутська","settlement":"Краснокутськ"},"geometry":{"type":"Point","coordinates":[35.147734,50.061363]}},{"type":"Feature","properties":{"raion":"Богодухівський","hromada":"Краснокутська","settlement":"Кусторівка"},"geometry":{"type":"Point","coordinates":[35.274572,49.983404]}},{"type":"Feature","properties":{"raion":"Богодухівський","hromada":"Краснокутська","settlement":"Лучки"},"geometry":{"type":"Point","coordinates":[35.160809,50.143971]}},{"type":"Feature","properties":{"raion":"Богодухівський","hromada":"Краснокутська","settlement":"Любівка"},"geometry":{"type":"Point","coordinates":[35.059805,50.016652]}},{"type":"Feature","properties":{"raion":"Богодухівський","hromada":"Краснокутська","settlement":"Лісне"},"geometry":{"type":"Point","coordinates":[35.276377,50.048626]}},{"type":"Feature","properties":{"raion":"Богодухівський","hromada":"Краснокутська","settlement":"Мирне"},"geometry":{"type":"Point","coordinates":[35.381408,50.034541]}},{"type":"Feature","properties":{"raion":"Богодухівський","hromada":"Краснокутська","settlement":"Михайлівка"},"geometry":{"type":"Point","coordinates":[35.061991,49.877687]}},{"type":"Feature","properties":{"raion":"Богодухівський","hromada":"Краснокутська","settlement":"Михайлівське"},"geometry":{"type":"Point","coordinates":[35.104323,50.006416]}},{"type":"Feature","properties":{"raion":"Богодухівський","hromada":"Краснокутська","settlement":"Мойка"},"geometry":{"type":"Point","coordinates":[35.064031,50.177961]}},{"type":"Feature","properties":{"raion":"Богодухівський","hromada":"Краснокутська","settlement":"Мурафа"},"geometry":{"type":"Point","coordinates":[35.342987,50.051293]}},{"type":"Feature","properties":{"raion":"Богодухівський","hromada":"Краснокутська","settlement":"Настеньківка"},"geometry":{"type":"Point","coordinates":[35.233451,49.94906]}},{"type":"Feature","properties":{"raion":"Богодухівський","hromada":"Краснокутська","settlement":"Одрада"},"geometry":{"type":"Point","coordinates":[35.016633,49.893898]}},{"type":"Feature","properties":{"raion":"Богодухівський","hromada":"Краснокутська","settlement":"Олексіївка"},"geometry":{"type":"Point","coordinates":[35.339754,49.918202]}},{"type":"Feature","properties":{"raion":"Богодухівський","hromada":"Краснокутська","settlement":"Оленівське"},"geometry":{"type":"Point","coordinates":[35.265594,50.037026]}},{"type":"Feature","properties":{"raion":"Богодухівський","hromada":"Краснокутська","settlement":"Олійники"},"geometry":{"type":"Point","coordinates":[35.018263,49.887814]}},{"type":"Feature","properties":{"raion":"Богодухівський","hromada":"Краснокутська","settlement":"Основинці"},"geometry":{"type":"Point","coordinates":[35.167789,50.079395]}},{"type":"Feature","properties":{"raion":"Богодухівський","hromada":"Краснокутська","settlement":"Павлюківка"},"geometry":{"type":"Point","coordinates":[35.166877,50.032254]}},{"type":"Feature","properties":{"raion":"Богодухівський","hromada":"Краснокутська","settlement":"Павлівка"},"geometry":{"type":"Point","coordinates":[35.00276,50.173956]}},{"type":"Feature","properties":{"raion":"Богодухівський","hromada":"Краснокутська","settlement":"Пархомівка"},"geometry":{"type":"Point","coordinates":[35.011889,50.120226]}},{"type":"Feature","properties":{"raion":"Богодухівський","hromada":"Краснокутська","settlement":"Петрівське"},"geometry":{"type":"Point","coordinates":[35.171992,50.046844]}},{"type":"Feature","properties":{"raion":"Богодухівський","hromada":"Краснокутська","settlement":"Пильнянка"},"geometry":{"type":"Point","coordinates":[35.277076,50.093716]}},{"type":"Feature","properties":{"raion":"Богодухівський","hromada":"Краснокутська","settlement":"Прогрес"},"geometry":{"type":"Point","coordinates":[35.295027,49.931517]}},{"type":"Feature","properties":{"raion":"Богодухівський","hromada":"Краснокутська","settlement":"Прокопенкове"},"geometry":{"type":"Point","coordinates":[35.151773,50.235185]}},{"type":"Feature","properties":{"raion":"Богодухівський","hromada":"Краснокутська","settlement":"Рандава"},"geometry":{"type":"Point","coordinates":[34.995019,49.908758]}},{"type":"Feature","properties":{"raion":"Богодухівський","hromada":"Краснокутська","settlement":"Рябоконеве"},"geometry":{"type":"Point","coordinates":[34.992953,49.950495]}},{"type":"Feature","properties":{"raion":"Богодухівський","hromada":"Краснокутська","settlement":"Сергіївка"},"geometry":{"type":"Point","coordinates":[35.170068,49.973982]}},{"type":"Feature","properties":{"raion":"Богодухівський","hromada":"Краснокутська","settlement":"Ситники"},"geometry":{"type":"Point","coordinates":[35.103298,50.097805]}},{"type":"Feature","properties":{"raion":"Богодухівський","hromada":"Краснокутська","settlement":"Слобідка"},"geometry":{"type":"Point","coordinates":[35.048095,49.968097]}},{"type":"Feature","properties":{"raion":"Богодухівський","hromada":"Краснокутська","settlement":"Сонцедарівка"},"geometry":{"type":"Point","coordinates":[35.355042,49.94406]}},{"type":"Feature","properties":{"raion":"Богодухівський","hromada":"Краснокутська","settlement":"Сорокове"},"geometry":{"type":"Point","coordinates":[35.264476,50.078847]}},{"type":"Feature","properties":{"raion":"Богодухівський","hromada":"Краснокутська","settlement":"Степанівка"},"geometry":{"type":"Point","coordinates":[35.069178,50.097005]}},{"type":"Feature","properties":{"raion":"Богодухівський","hromada":"Краснокутська","settlement":"Степове"},"geometry":{"type":"Point","coordinates":[35.145423,49.901438]}},{"type":"Feature","properties":{"raion":"Богодухівський","hromada":"Краснокутська","settlement":"Степове"},"geometry":{"type":"Point","coordinates":[34.985568,50.074603]}},{"type":"Feature","properties":{"raion":"Богодухівський","hromada":"Краснокутська","settlement":"Ходунаївка"},"geometry":{"type":"Point","coordinates":[35.194762,50.227318]}},{"type":"Feature","properties":{"raion":"Богодухівський","hromada":"Краснокутська","settlement":"Хутірське"},"geometry":{"type":"Point","coordinates":[35.009952,49.956277]}},{"type":"Feature","properties":{"raion":"Богодухівський","hromada":"Краснокутська","settlement":"Чернещина"},"geometry":{"type":"Point","coordinates":[35.194748,50.085779]}},{"type":"Feature","properties":{"raion":"Богодухівський","hromada":"Краснокутська","settlement":"Шевченкове"},"geometry":{"type":"Point","coordinates":[35.255739,49.998082]}},{"type":"Feature","properties":{"raion":"Красноградський","hromada":"Зачепилівська","settlement":"Абазівка"},"geometry":{"type":"Point","coordinates":[35.318005,49.240413]}},{"type":"Feature","properties":{"raion":"Красноградський","hromada":"Зачепилівська","settlement":"Бердянка"},"geometry":{"type":"Point","coordinates":[35.45053,49.102923]}},{"type":"Feature","properties":{"raion":"Красноградський","hromada":"Зачепилівська","settlement":"Вишневе"},"geometry":{"type":"Point","coordinates":[35.446627,49.082949]}},{"type":"Feature","properties":{"raion":"Красноградський","hromada":"Зачепилівська","settlement":"Дудівка"},"geometry":{"type":"Point","coordinates":[35.507158,49.064427]}},{"type":"Feature","properties":{"raion":"Красноградський","hromada":"Зачепилівська","settlement":"Забарине"},"geometry":{"type":"Point","coordinates":[35.414711,49.172486]}},{"type":"Feature","properties":{"raion":"Красноградський","hromada":"Зачепилівська","settlement":"Займанка"},"geometry":{"type":"Point","coordinates":[35.219918,49.142141]}},{"type":"Feature","properties":{"raion":"Красноградський","hromada":"Зачепилівська","settlement":"Залінійне"},"geometry":{"type":"Point","coordinates":[35.123702,49.17808]}},{"type":"Feature","properties":{"raion":"Красноградський","hromada":"Зачепилівська","settlement":"Зарічне"},"geometry":{"type":"Point","coordinates":[35.057095,49.181254]}},{"type":"Feature","properties":{"raion":"Красноградський","hromada":"Зачепилівська","settlement":"Зачепилівка"},"geometry":{"type":"Point","coordinates":[35.236873,49.194783]}},{"type":"Feature","properties":{"raion":"Красноградський","hromada":"Зачепилівська","settlement":"Зіньківщина"},"geometry":{"type":"Point","coordinates":[35.376265,49.044268]}},{"type":"Feature","properties":{"raion":"Красноградський","hromada":"Зачепилівська","settlement":"Котівка"},"geometry":{"type":"Point","coordinates":[35.534122,49.079097]}},{"type":"Feature","properties":{"raion":"Красноградський","hromada":"Зачепилівська","settlement":"Кочетівка"},"geometry":{"type":"Point","coordinates":[35.22904,49.220921]}},{"type":"Feature","properties":{"raion":"Красноградський","hromada":"Зачепилівська","settlement":"Леб'яже"},"geometry":{"type":"Point","coordinates":[35.295151,49.247465]}},{"type":"Feature","properties":{"raion":"Красноградський","hromada":"Зачепилівська","settlement":"Лиманівка"},"geometry":{"type":"Point","coordinates":[35.217403,49.110607]}},{"type":"Feature","properties":{"raion":"Красноградський","hromada":"Зачепилівська","settlement":"Малий Орчик"},"geometry":{"type":"Point","coordinates":[35.082097,49.189014]}},{"type":"Feature","properties":{"raion":"Красноградський","hromada":"Зачепилівська","settlement":"Миколаївка"},"geometry":{"type":"Point","coordinates":[35.299629,49.208625]}},{"type":"Feature","properties":{"raion":"Красноградський","hromada":"Зачепилівська","settlement":"Нагірне"},"geometry":{"type":"Point","coordinates":[35.230916,49.212979]}},{"type":"Feature","properties":{"raion":"Красноградський","hromada":"Зачепилівська","settlement":"Нове Мажарове"},"geometry":{"type":"Point","coordinates":[35.476686,49.024586]}},{"type":"Feature","properties":{"raion":"Красноградський","hromada":"Зачепилівська","settlement":"Нове Пекельне"},"geometry":{"type":"Point","coordinates":[35.407703,49.037954]}},{"type":"Feature","properties":{"raion":"Красноградський","hromada":"Зачепилівська","settlement":"Новоселівка"},"geometry":{"type":"Point","coordinates":[35.124808,49.289444]}},{"type":"Feature","properties":{"raion":"Красноградський","hromada":"Зачепилівська","settlement":"Олександрівка"},"geometry":{"type":"Point","coordinates":[35.359193,49.184786]}},{"type":"Feature","properties":{"raion":"Красноградський","hromada":"Зачепилівська","settlement":"Олянівка"},"geometry":{"type":"Point","coordinates":[35.540144,49.046655]}},{"type":"Feature","properties":{"raion":"Красноградський","hromada":"Зачепилівська","settlement":"Орчик"},"geometry":{"type":"Point","coordinates":[35.064727,49.201449]}},{"type":"Feature","properties":{"raion":"Красноградський","hromada":"Зачепилівська","settlement":"Педашка Перша"},"geometry":{"type":"Point","coordinates":[35.214214,49.254481]}},{"type":"Feature","properties":{"raion":"Красноградський","hromada":"Зачепилівська","settlement":"Перемога"},"geometry":{"type":"Point","coordinates":[35.324381,49.333952]}},{"type":"Feature","properties":{"raion":"Красноградський","hromada":"Зачепилівська","settlement":"Першотравневе"},"geometry":{"type":"Point","coordinates":[35.456198,49.13037]}},{"type":"Feature","properties":{"raion":"Красноградський","hromada":"Зачепилівська","settlement":"Петрівка"},"geometry":{"type":"Point","coordinates":[35.491694,49.074985]}},{"type":"Feature","properties":{"raion":"Красноградський","hromada":"Зачепилівська","settlement":"Письмаківка"},"geometry":{"type":"Point","coordinates":[35.223661,49.290267]}},{"type":"Feature","properties":{"raion":"Красноградський","hromada":"Зачепилівська","settlement":"Романівка"},"geometry":{"type":"Point","coordinates":[35.130887,49.266662]}},{"type":"Feature","properties":{"raion":"Красноградський","hromada":"Зачепилівська","settlement":"Рунівщина"},"geometry":{"type":"Point","coordinates":[35.088654,49.234019]}},{"type":"Feature","properties":{"raion":"Красноградський","hromada":"Зачепилівська","settlement":"Семенівка"},"geometry":{"type":"Point","coordinates":[35.320078,49.075086]}},{"type":"Feature","properties":{"raion":"Красноградський","hromada":"Зачепилівська","settlement":"Скалонівка"},"geometry":{"type":"Point","coordinates":[35.187637,49.186325]}},{"type":"Feature","properties":{"raion":"Красноградський","hromada":"Зачепилівська","settlement":"Сомівка"},"geometry":{"type":"Point","coordinates":[35.263488,49.121637]}},{"type":"Feature","properties":{"raion":"Красноградський","hromada":"Зачепилівська","settlement":"Старе Мажарове"},"geometry":{"type":"Point","coordinates":[35.44678,49.031904]}},{"type":"Feature","properties":{"raion":"Красноградський","hromada":"Зачепилівська","settlement":"Старе Пекельне"},"geometry":{"type":"Point","coordinates":[35.382585,49.034871]}},{"type":"Feature","properties":{"raion":"Красноградський","hromada":"Зачепилівська","settlement":"Травневе"},"geometry":{"type":"Point","coordinates":[35.412343,49.136443]}},{"type":"Feature","properties":{"raion":"Красноградський","hromada":"Зачепилівська","settlement":"Устимівка"},"geometry":{"type":"Point","coordinates":[35.140222,49.247388]}},{"type":"Feature","properties":{"raion":"Красноградський","hromada":"Зачепилівська","settlement":"Чернещина"},"geometry":{"type":"Point","coordinates":[35.096719,49.263969]}},{"type":"Feature","properties":{"raion":"Красноградський","hromada":"Кегичівська","settlement":"Андріївка"},"geometry":{"type":"Point","coordinates":[35.657313,49.225639]}},{"type":"Feature","properties":{"raion":"Красноградський","hromada":"Кегичівська","settlement":"Антонівка"},"geometry":{"type":"Point","coordinates":[35.795124,49.327025]}},{"type":"Feature","properties":{"raion":"Красноградський","hromada":"Кегичівська","settlement":"Бесарабівка"},"geometry":{"type":"Point","coordinates":[35.814885,49.258894]}},{"type":"Feature","properties":{"raion":"Красноградський","hromada":"Кегичівська","settlement":"Високе"},"geometry":{"type":"Point","coordinates":[35.765473,49.369806]}},{"type":"Feature","properties":{"raion":"Красноградський","hromada":"Кегичівська","settlement":"Власівка"},"geometry":{"type":"Point","coordinates":[35.786414,49.451077]}},{"type":"Feature","properties":{"raion":"Красноградський","hromada":"Кегичівська","settlement":"Вовківка"},"geometry":{"type":"Point","coordinates":[35.575948,49.118168]}},{"type":"Feature","properties":{"raion":"Красноградський","hromada":"Кегичівська","settlement":"Вільне"},"geometry":{"type":"Point","coordinates":[35.781914,49.225133]}},{"type":"Feature","properties":{"raion":"Красноградський","hromada":"Кегичівська","settlement":"Гутирівка"},"geometry":{"type":"Point","coordinates":[35.651797,49.285792]}},{"type":"Feature","properties":{"raion":"Красноградський","hromada":"Кегичівська","settlement":"Дальнє"},"geometry":{"type":"Point","coordinates":[35.626339,49.328981]}},{"type":"Feature","properties":{"raion":"Красноградський","hromada":"Кегичівська","settlement":"Зелена Діброва"},"geometry":{"type":"Point","coordinates":[35.803352,49.289551]}},{"type":"Feature","properties":{"raion":"Красноградський","hromada":"Кегичівська","settlement":"Землянки"},"geometry":{"type":"Point","coordinates":[35.641165,49.200433]}},{"type":"Feature","properties":{"raion":"Красноградський","hromada":"Кегичівська","settlement":"Золотухівка"},"geometry":{"type":"Point","coordinates":[35.809349,49.467601]}},{"type":"Feature","properties":{"raion":"Красноградський","hromada":"Кегичівська","settlement":"Калинівка"},"geometry":{"type":"Point","coordinates":[35.721725,49.249593]}},{"type":"Feature","properties":{"raion":"Красноградський","hromada":"Кегичівська","settlement":"Калюжине"},"geometry":{"type":"Point","coordinates":[35.982283,49.292815]}},{"type":"Feature","properties":{"raion":"Красноградський","hromada":"Кегичівська","settlement":"Карабущине"},"geometry":{"type":"Point","coordinates":[35.720283,49.200541]}},{"type":"Feature","properties":{"raion":"Красноградський","hromada":"Кегичівська","settlement":"Кегичівка"},"geometry":{"type":"Point","coordinates":[35.764505,49.286862]}},{"type":"Feature","properties":{"raion":"Красноградський","hromada":"Кегичівська","settlement":"Козацьке"},"geometry":{"type":"Point","coordinates":[35.862533,49.343108]}},{"type":"Feature","properties":{"raion":"Красноградський","hromada":"Кегичівська","settlement":"Козачі Майдани"},"geometry":{"type":"Point","coordinates":[35.7891,49.383901]}},{"type":"Feature","properties":{"raion":"Красноградський","hromada":"Кегичівська","settlement":"Кофанівка"},"geometry":{"type":"Point","coordinates":[35.791882,49.466539]}},{"type":"Feature","properties":{"raion":"Красноградський","hromada":"Кегичівська","settlement":"Коханівка"},"geometry":{"type":"Point","coordinates":[35.86101,49.290458]}},{"type":"Feature","properties":{"raion":"Красноградський","hromada":"Кегичівська","settlement":"Красне"},"geometry":{"type":"Point","coordinates":[35.762217,49.236971]}},{"type":"Feature","properties":{"raion":"Красноградський","hromada":"Кегичівська","settlement":"Краснянське"},"geometry":{"type":"Point","coordinates":[35.691357,49.171956]}},{"type":"Feature","properties":{"raion":"Красноградський","hromada":"Кегичівська","settlement":"Крутоярівка"},"geometry":{"type":"Point","coordinates":[35.69612,49.314991]}},{"type":"Feature","properties":{"raion":"Красноградський","hromada":"Кегичівська","settlement":"Лозова"},"geometry":{"type":"Point","coordinates":[35.951681,49.438172]}},{"type":"Feature","properties":{"raion":"Красноградський","hromada":"Кегичівська","settlement":"Мажарка"},"geometry":{"type":"Point","coordinates":[35.586919,49.160374]}},{"type":"Feature","properties":{"raion":"Красноградський","hromada":"Кегичівська","settlement":"Медведівка"},"geometry":{"type":"Point","coordinates":[35.840142,49.468316]}},{"type":"Feature","properties":{"raion":"Красноградський","hromada":"Кегичівська","settlement":"Нова Парафіївка"},"geometry":{"type":"Point","coordinates":[35.903403,49.248966]}},{"type":"Feature","properties":{"raion":"Красноградський","hromada":"Кегичівська","settlement":"Новоіванівка"},"geometry":{"type":"Point","coordinates":[36.017869,49.324304]}},{"type":"Feature","properties":{"raion":"Красноградський","hromada":"Кегичівська","settlement":"Олександрівка"},"geometry":{"type":"Point","coordinates":[35.675447,49.261662]}},{"type":"Feature","properties":{"raion":"Красноградський","hromada":"Кегичівська","settlement":"Олександрівське"},"geometry":{"type":"Point","coordinates":[35.89511,49.376827]}},{"type":"Feature","properties":{"raion":"Красноградський","hromada":"Кегичівська","settlement":"Павлівка"},"geometry":{"type":"Point","coordinates":[35.948601,49.31564]}},{"type":"Feature","properties":{"raion":"Красноградський","hromada":"Кегичівська","settlement":"Парасковія"},"geometry":{"type":"Point","coordinates":[35.962558,49.366059]}},{"type":"Feature","properties":{"raion":"Красноградський","hromada":"Кегичівська","settlement":"Писарівка"},"geometry":{"type":"Point","coordinates":[35.91494,49.315085]}},{"type":"Feature","properties":{"raion":"Красноградський","hromada":"Кегичівська","settlement":"Розсохувата"},"geometry":{"type":"Point","coordinates":[35.730505,49.34695]}},{"type":"Feature","properties":{"raion":"Красноградський","hromada":"Кегичівська","settlement":"Рояківка"},"geometry":{"type":"Point","coordinates":[35.711032,49.277732]}},{"type":"Feature","properties":{"raion":"Красноградський","hromada":"Кегичівська","settlement":"Серго"},"geometry":{"type":"Point","coordinates":[35.542049,49.124585]}},{"type":"Feature","properties":{"raion":"Красноградський","hromada":"Кегичівська","settlement":"Слобожанське"},"geometry":{"type":"Point","coordinates":[35.86693,49.367704]}},{"type":"Feature","properties":{"raion":"Красноградський","hromada":"Кегичівська","settlement":"Софіївка"},"geometry":{"type":"Point","coordinates":[35.635596,49.30322]}},{"type":"Feature","properties":{"raion":"Красноградський","hromada":"Кегичівська","settlement":"Шевченкове"},"geometry":{"type":"Point","coordinates":[35.737055,49.468249]}},{"type":"Feature","properties":{"raion":"Красноградський","hromada":"Кегичівська","settlement":"Шляхове"},"geometry":{"type":"Point","coordinates":[35.831178,49.367864]}},{"type":"Feature","properties":{"raion":"Красноградський","hromada":"Красноградська","settlement":"Іванівське"},"geometry":{"type":"Point","coordinates":[35.56445,49.451769]}},{"type":"Feature","properties":{"raion":"Красноградський","hromada":"Красноградська","settlement":"Берестовенька"},"geometry":{"type":"Point","coordinates":[35.574849,49.476806]}},{"type":"Feature","properties":{"raion":"Красноградський","hromada":"Красноградська","settlement":"Високе"},"geometry":{"type":"Point","coordinates":[35.503649,49.501266]}},{"type":"Feature","properties":{"raion":"Красноградський","hromada":"Красноградська","settlement":"Вишневе"},"geometry":{"type":"Point","coordinates":[35.410942,49.428576]}},{"type":"Feature","properties":{"raion":"Красноградський","hromada":"Красноградська","settlement":"Гранове"},"geometry":{"type":"Point","coordinates":[35.621959,49.511521]}},{"type":"Feature","properties":{"raion":"Красноградський","hromada":"Красноградська","settlement":"Гірчаківка"},"geometry":{"type":"Point","coordinates":[35.45125,49.6555]}},{"type":"Feature","properties":{"raion":"Красноградський","hromada":"Красноградська","settlement":"Дослідне"},"geometry":{"type":"Point","coordinates":[35.411621,49.361442]}},{"type":"Feature","properties":{"raion":"Красноградський","hromada":"Красноградська","settlement":"Зоряне"},"geometry":{"type":"Point","coordinates":[35.426132,49.449928]}},{"type":"Feature","properties":{"raion":"Красноградський","hromada":"Красноградська","settlement":"Калинівка"},"geometry":{"type":"Point","coordinates":[35.644724,49.446636]}},{"type":"Feature","properties":{"raion":"Красноградський","hromada":"Красноградська","settlement":"Кирилівка"},"geometry":{"type":"Point","coordinates":[35.602266,49.509089]}},{"type":"Feature","properties":{"raion":"Красноградський","hromada":"Красноградська","settlement":"Кобцівка"},"geometry":{"type":"Point","coordinates":[35.603755,49.58416]}},{"type":"Feature","properties":{"raion":"Красноградський","hromada":"Красноградська","settlement":"Красноград"},"geometry":{"type":"Point","coordinates":[35.449255,49.372282]}},{"type":"Feature","properties":{"raion":"Красноградський","hromada":"Красноградська","settlement":"Куми"},"geometry":{"type":"Point","coordinates":[35.351893,49.344826]}},{"type":"Feature","properties":{"raion":"Красноградський","hromada":"Красноградська","settlement":"Миколо-Комишувата"},"geometry":{"type":"Point","coordinates":[35.49754,49.651974]}},{"type":"Feature","properties":{"raion":"Красноградський","hromada":"Красноградська","settlement":"Мокрянка"},"geometry":{"type":"Point","coordinates":[35.551646,49.637095]}},{"type":"Feature","properties":{"raion":"Красноградський","hromada":"Красноградська","settlement":"Новоселівка"},"geometry":{"type":"Point","coordinates":[35.484031,49.458882]}},{"type":"Feature","properties":{"raion":"Красноградський","hromada":"Красноградська","settlement":"Оленівка"},"geometry":{"type":"Point","coordinates":[35.539083,49.590784]}},{"type":"Feature","properties":{"raion":"Красноградський","hromada":"Красноградська","settlement":"Першотравневе"},"geometry":{"type":"Point","coordinates":[35.458604,49.532972]}},{"type":"Feature","properties":{"raion":"Красноградський","hromada":"Красноградська","settlement":"Покровське"},"geometry":{"type":"Point","coordinates":[35.492254,49.434962]}},{"type":"Feature","properties":{"raion":"Красноградський","hromada":"Красноградська","settlement":"Піщанка"},"geometry":{"type":"Point","coordinates":[35.43388,49.385201]}},{"type":"Feature","properties":{"raion":"Красноградський","hromada":"Красноградська","settlement":"Світле"},"geometry":{"type":"Point","coordinates":[35.550143,49.545251]}},{"type":"Feature","properties":{"raion":"Красноградський","hromada":"Красноградська","settlement":"Степове"},"geometry":{"type":"Point","coordinates":[35.391158,49.34334]}},{"type":"Feature","properties":{"raion":"Красноградський","hromada":"Красноградська","settlement":"Тишенківка"},"geometry":{"type":"Point","coordinates":[35.37408,49.48268]}},{"type":"Feature","properties":{"raion":"Красноградський","hromada":"Красноградська","settlement":"Українка"},"geometry":{"type":"Point","coordinates":[35.559742,49.579984]}},{"type":"Feature","properties":{"raion":"Красноградський","hromada":"Красноградська","settlement":"Хрестище"},"geometry":{"type":"Point","coordinates":[35.514927,49.551042]}},{"type":"Feature","properties":{"raion":"Красноградський","hromada":"Красноградська","settlement":"Червоне"},"geometry":{"type":"Point","coordinates":[35.553704,49.511908]}},{"type":"Feature","properties":{"raion":"Красноградський","hromada":"Наталинська","settlement":"Балки"},"geometry":{"type":"Point","coordinates":[35.574367,49.365194]}},{"type":"Feature","properties":{"raion":"Красноградський","hromada":"Наталинська","settlement":"Березівка"},"geometry":{"type":"Point","coordinates":[35.71782,49.443095]}},{"type":"Feature","properties":{"raion":"Красноградський","hromada":"Наталинська","settlement":"Варварівка"},"geometry":{"type":"Point","coordinates":[35.511096,49.214564]}},{"type":"Feature","properties":{"raion":"Красноградський","hromada":"Наталинська","settlement":"Вознесенське"},"geometry":{"type":"Point","coordinates":[35.403669,49.306719]}},{"type":"Feature","properties":{"raion":"Красноградський","hromada":"Наталинська","settlement":"Володимирівка"},"geometry":{"type":"Point","coordinates":[35.459135,49.227842]}},{"type":"Feature","properties":{"raion":"Красноградський","hromada":"Наталинська","settlement":"Вільне"},"geometry":{"type":"Point","coordinates":[35.587543,49.266281]}},{"type":"Feature","properties":{"raion":"Красноградський","hromada":"Наталинська","settlement":"Вільховий Ріг"},"geometry":{"type":"Point","coordinates":[35.372324,49.272276]}},{"type":"Feature","properties":{"raion":"Красноградський","hromada":"Наталинська","settlement":"Гадяч"},"geometry":{"type":"Point","coordinates":[35.404889,49.28836]}},{"type":"Feature","properties":{"raion":"Красноградський","hromada":"Наталинська","settlement":"Добренька"},"geometry":{"type":"Point","coordinates":[35.448992,49.308754]}},{"type":"Feature","properties":{"raion":"Красноградський","hromada":"Наталинська","settlement":"Дружба"},"geometry":{"type":"Point","coordinates":[35.53717,49.302544]}},{"type":"Feature","properties":{"raion":"Красноградський","hromada":"Наталинська","settlement":"Кам'янка"},"geometry":{"type":"Point","coordinates":[35.390439,49.27694]}},{"type":"Feature","properties":{"raion":"Красноградський","hromada":"Наталинська","settlement":"Кобзівка"},"geometry":{"type":"Point","coordinates":[35.57005,49.214102]}},{"type":"Feature","properties":{"raion":"Красноградський","hromada":"Наталинська","settlement":"Кобзівка Друга"},"geometry":{"type":"Point","coordinates":[35.603152,49.208781]}},{"type":"Feature","properties":{"raion":"Красноградський","hromada":"Наталинська","settlement":"Копанки"},"geometry":{"type":"Point","coordinates":[35.505658,49.15278]}},{"type":"Feature","properties":{"raion":"Красноградський","hromada":"Наталинська","settlement":"Лип'янка"},"geometry":{"type":"Point","coordinates":[35.6615,49.338615]}},{"type":"Feature","properties":{"raion":"Красноградський","hromada":"Наталинська","settlement":"Лукашівка"},"geometry":{"type":"Point","coordinates":[35.479294,49.183512]}},{"type":"Feature","properties":{"raion":"Красноградський","hromada":"Наталинська","settlement":"Мартинівка"},"geometry":{"type":"Point","coordinates":[35.408121,49.315434]}},{"type":"Feature","properties":{"raion":"Красноградський","hromada":"Наталинська","settlement":"Маховик"},"geometry":{"type":"Point","coordinates":[35.544565,49.386724]}},{"type":"Feature","properties":{"raion":"Красноградський","hromada":"Наталинська","settlement":"Наталине"},"geometry":{"type":"Point","coordinates":[35.480912,49.345524]}},{"type":"Feature","properties":{"raion":"Красноградський","hromada":"Наталинська","settlement":"Новопавлівка"},"geometry":{"type":"Point","coordinates":[35.525552,49.252663]}},{"type":"Feature","properties":{"raion":"Красноградський","hromada":"Наталинська","settlement":"Одрадівка"},"geometry":{"type":"Point","coordinates":[35.540379,49.205062]}},{"type":"Feature","properties":{"raion":"Красноградський","hromada":"Наталинська","settlement":"Олександрівка"},"geometry":{"type":"Point","coordinates":[35.498271,49.226879]}},{"type":"Feature","properties":{"raion":"Красноградський","hromada":"Наталинська","settlement":"Петрівка"},"geometry":{"type":"Point","coordinates":[35.596937,49.390724]}},{"type":"Feature","properties":{"raion":"Красноградський","hromada":"Наталинська","settlement":"Попівка"},"geometry":{"type":"Point","coordinates":[35.537974,49.363248]}},{"type":"Feature","properties":{"raion":"Красноградський","hromada":"Наталинська","settlement":"Роздолля"},"geometry":{"type":"Point","coordinates":[35.612453,49.291892]}},{"type":"Feature","properties":{"raion":"Красноградський","hromada":"Наталинська","settlement":"Садове"},"geometry":{"type":"Point","coordinates":[35.452357,49.223743]}},{"type":"Feature","properties":{"raion":"Красноградський","hromada":"Наталинська","settlement":"Соснівка"},"geometry":{"type":"Point","coordinates":[35.651251,49.422738]}},{"type":"Feature","properties":{"raion":"Красноградський","hromada":"Наталинська","settlement":"Улянівка"},"geometry":{"type":"Point","coordinates":[35.502607,49.36283]}},{"type":"Feature","properties":{"raion":"Красноградський","hromada":"Наталинська","settlement":"Шкаврове"},"geometry":{"type":"Point","coordinates":[35.549383,49.266218]}},{"type":"Feature","properties":{"raion":"Красноградський","hromada":"Наталинська","settlement":"Ясна Поляна"},"geometry":{"type":"Point","coordinates":[35.595337,49.283581]}},{"type":"Feature","properties":{"raion":"Красноградський","hromada":"Сахновщинська","settlement":"Івано-Слиньківка"},"geometry":{"type":"Point","coordinates":[35.832529,49.14185]}},{"type":"Feature","properties":{"raion":"Красноградський","hromada":"Сахновщинська","settlement":"Андріївка"},"geometry":{"type":"Point","coordinates":[35.983106,49.024734]}},{"type":"Feature","properties":{"raion":"Красноградський","hromada":"Сахновщинська","settlement":"Аполлонівка"},"geometry":{"type":"Point","coordinates":[35.999703,49.020996]}},{"type":"Feature","properties":{"raion":"Красноградський","hromada":"Сахновщинська","settlement":"Багата Чернещина"},"geometry":{"type":"Point","coordinates":[35.566475,49.006074]}},{"type":"Feature","properties":{"raion":"Красноградський","hromada":"Сахновщинська","settlement":"Берестове"},"geometry":{"type":"Point","coordinates":[35.910805,49.03016]}},{"type":"Feature","properties":{"raion":"Красноградський","hromada":"Сахновщинська","settlement":"Бондарівка"},"geometry":{"type":"Point","coordinates":[36.069717,49.072223]}},{"type":"Feature","properties":{"raion":"Красноградський","hromada":"Сахновщинська","settlement":"Великі Бучки"},"geometry":{"type":"Point","coordinates":[35.664697,48.981903]}},{"type":"Feature","properties":{"raion":"Красноградський","hromada":"Сахновщинська","settlement":"Володимирівка"},"geometry":{"type":"Point","coordinates":[36.145383,49.101206]}},{"type":"Feature","properties":{"raion":"Красноградський","hromada":"Сахновщинська","settlement":"Гаркушине"},"geometry":{"type":"Point","coordinates":[35.76049,49.113972]}},{"type":"Feature","properties":{"raion":"Красноградський","hromada":"Сахновщинська","settlement":"Германівка"},"geometry":{"type":"Point","coordinates":[35.868542,49.196018]}},{"type":"Feature","properties":{"raion":"Красноградський","hromada":"Сахновщинська","settlement":"Гришівка"},"geometry":{"type":"Point","coordinates":[35.841738,49.123726]}},{"type":"Feature","properties":{"raion":"Красноградський","hromada":"Сахновщинська","settlement":"Дар-Надежда"},"geometry":{"type":"Point","coordinates":[35.748179,49.147794]}},{"type":"Feature","properties":{"raion":"Красноградський","hromada":"Сахновщинська","settlement":"Дубові Гряди"},"geometry":{"type":"Point","coordinates":[35.820373,48.962356]}},{"type":"Feature","properties":{"raion":"Красноградський","hromada":"Сахновщинська","settlement":"Загаркушине"},"geometry":{"type":"Point","coordinates":[35.733709,49.133395]}},{"type":"Feature","properties":{"raion":"Красноградський","hromada":"Сахновщинська","settlement":"Зелене"},"geometry":{"type":"Point","coordinates":[35.764313,49.052135]}},{"type":"Feature","properties":{"raion":"Красноградський","hromada":"Сахновщинська","settlement":"Зелений Клин"},"geometry":{"type":"Point","coordinates":[36.016385,49.125457]}},{"type":"Feature","properties":{"raion":"Красноградський","hromada":"Сахновщинська","settlement":"Калинівка"},"geometry":{"type":"Point","coordinates":[35.605258,49.097736]}},{"type":"Feature","properties":{"raion":"Красноградський","hromada":"Сахновщинська","settlement":"Касянівка"},"geometry":{"type":"Point","coordinates":[35.926087,49.086549]}},{"type":"Feature","properties":{"raion":"Красноградський","hromada":"Сахновщинська","settlement":"Катеринівка"},"geometry":{"type":"Point","coordinates":[35.87947,49.016745]}},{"type":"Feature","properties":{"raion":"Красноградський","hromada":"Сахновщинська","settlement":"Козирів"},"geometry":{"type":"Point","coordinates":[36.1969,49.104326]}},{"type":"Feature","properties":{"raion":"Красноградський","hromada":"Сахновщинська","settlement":"Костянтинівка"},"geometry":{"type":"Point","coordinates":[35.669963,49.095725]}},{"type":"Feature","properties":{"raion":"Красноградський","hromada":"Сахновщинська","settlement":"Красна Гірка"},"geometry":{"type":"Point","coordinates":[36.052863,49.01828]}},{"type":"Feature","properties":{"raion":"Красноградський","hromada":"Сахновщинська","settlement":"Красноярка"},"geometry":{"type":"Point","coordinates":[36.038951,49.168248]}},{"type":"Feature","properties":{"raion":"Красноградський","hromada":"Сахновщинська","settlement":"Кузьминівка"},"geometry":{"type":"Point","coordinates":[35.961484,49.066908]}},{"type":"Feature","properties":{"raion":"Красноградський","hromada":"Сахновщинська","settlement":"Лебедівка"},"geometry":{"type":"Point","coordinates":[35.967447,49.164709]}},{"type":"Feature","properties":{"raion":"Красноградський","hromada":"Сахновщинська","settlement":"Лесівка"},"geometry":{"type":"Point","coordinates":[36.08647,49.047849]}},{"type":"Feature","properties":{"raion":"Красноградський","hromada":"Сахновщинська","settlement":"Лигівка"},"geometry":{"type":"Point","coordinates":[36.045863,49.148718]}},{"type":"Feature","properties":{"raion":"Красноградський","hromada":"Сахновщинська","settlement":"Максимівка"},"geometry":{"type":"Point","coordinates":[35.652489,49.138438]}},{"type":"Feature","properties":{"raion":"Красноградський","hromada":"Сахновщинська","settlement":"Малі Бучки"},"geometry":{"type":"Point","coordinates":[35.529072,49.002255]}},{"type":"Feature","properties":{"raion":"Красноградський","hromada":"Сахновщинська","settlement":"Мар'ївка"},"geometry":{"type":"Point","coordinates":[36.048433,49.212528]}},{"type":"Feature","properties":{"raion":"Красноградський","hromada":"Сахновщинська","settlement":"Миколаївка"},"geometry":{"type":"Point","coordinates":[36.009474,49.068776]}},{"type":"Feature","properties":{"raion":"Красноградський","hromada":"Сахновщинська","settlement":"Миколаївка"},"geometry":{"type":"Point","coordinates":[35.97683,49.252398]}},{"type":"Feature","properties":{"raion":"Красноградський","hromada":"Сахновщинська","settlement":"Нагірне"},"geometry":{"type":"Point","coordinates":[36.032987,49.156554]}},{"type":"Feature","properties":{"raion":"Красноградський","hromada":"Сахновщинська","settlement":"Надеждине"},"geometry":{"type":"Point","coordinates":[36.033718,49.129966]}},{"type":"Feature","properties":{"raion":"Красноградський","hromada":"Сахновщинська","settlement":"Нова Балка"},"geometry":{"type":"Point","coordinates":[35.97766,49.098656]}},{"type":"Feature","properties":{"raion":"Красноградський","hromada":"Сахновщинська","settlement":"Нова Чернещина"},"geometry":{"type":"Point","coordinates":[35.637035,49.05964]}},{"type":"Feature","properties":{"raion":"Красноградський","hromada":"Сахновщинська","settlement":"Новобогданівка"},"geometry":{"type":"Point","coordinates":[35.674591,49.130437]}},{"type":"Feature","properties":{"raion":"Красноградський","hromada":"Сахновщинська","settlement":"Нововолодимирівка"},"geometry":{"type":"Point","coordinates":[36.050384,49.180075]}},{"type":"Feature","properties":{"raion":"Красноградський","hromada":"Сахновщинська","settlement":"Новодмитрівка"},"geometry":{"type":"Point","coordinates":[35.92532,49.063307]}},{"type":"Feature","properties":{"raion":"Красноградський","hromada":"Сахновщинська","settlement":"Новомихайлівка"},"geometry":{"type":"Point","coordinates":[35.970001,49.225708]}},{"type":"Feature","properties":{"raion":"Красноградський","hromada":"Сахновщинська","settlement":"Новоолександрівка"},"geometry":{"type":"Point","coordinates":[35.91598,49.131288]}},{"type":"Feature","properties":{"raion":"Красноградський","hromada":"Сахновщинська","settlement":"Огіївка"},"geometry":{"type":"Point","coordinates":[35.771668,49.085353]}},{"type":"Feature","properties":{"raion":"Красноградський","hromada":"Сахновщинська","settlement":"Олександрівка"},"geometry":{"type":"Point","coordinates":[35.799201,49.015638]}},{"type":"Feature","properties":{"raion":"Красноградський","hromada":"Сахновщинська","settlement":"Олексіївка"},"geometry":{"type":"Point","coordinates":[36.034942,49.09112]}},{"type":"Feature","properties":{"raion":"Красноградський","hromada":"Сахновщинська","settlement":"Олійники"},"geometry":{"type":"Point","coordinates":[36.06551,49.216392]}},{"type":"Feature","properties":{"raion":"Красноградський","hromada":"Сахновщинська","settlement":"Орільське"},"geometry":{"type":"Point","coordinates":[36.230442,49.088607]}},{"type":"Feature","properties":{"raion":"Красноградський","hromada":"Сахновщинська","settlement":"Петрівка"},"geometry":{"type":"Point","coordinates":[36.015181,49.084095]}},{"type":"Feature","properties":{"raion":"Красноградський","hromada":"Сахновщинська","settlement":"Піскувате"},"geometry":{"type":"Point","coordinates":[35.912452,48.976387]}},{"type":"Feature","properties":{"raion":"Красноградський","hromada":"Сахновщинська","settlement":"Сахновщина"},"geometry":{"type":"Point","coordinates":[35.87478,49.142884]}},{"type":"Feature","properties":{"raion":"Красноградський","hromada":"Сахновщинська","settlement":"Скиртяне"},"geometry":{"type":"Point","coordinates":[35.694989,49.017827]}},{"type":"Feature","properties":{"raion":"Красноградський","hromada":"Сахновщинська","settlement":"Староволодимирівка"},"geometry":{"type":"Point","coordinates":[36.149543,49.064204]}},{"type":"Feature","properties":{"raion":"Красноградський","hromada":"Сахновщинська","settlement":"Степанівка"},"geometry":{"type":"Point","coordinates":[36.000736,49.071941]}},{"type":"Feature","properties":{"raion":"Красноградський","hromada":"Сахновщинська","settlement":"Сугарівське"},"geometry":{"type":"Point","coordinates":[35.880377,49.110356]}},{"type":"Feature","properties":{"raion":"Красноградський","hromada":"Сахновщинська","settlement":"Судиха"},"geometry":{"type":"Point","coordinates":[35.725026,49.035218]}},{"type":"Feature","properties":{"raion":"Красноградський","hromada":"Сахновщинська","settlement":"Тавежня"},"geometry":{"type":"Point","coordinates":[35.717301,48.997572]}},{"type":"Feature","properties":{"raion":"Красноградський","hromada":"Сахновщинська","settlement":"Тарасівка"},"geometry":{"type":"Point","coordinates":[36.131972,49.144234]}},{"type":"Feature","properties":{"raion":"Красноградський","hromada":"Сахновщинська","settlement":"Тернуватка"},"geometry":{"type":"Point","coordinates":[35.807847,49.056039]}},{"type":"Feature","properties":{"raion":"Красноградський","hromada":"Сахновщинська","settlement":"Халтуріна"},"geometry":{"type":"Point","coordinates":[35.942385,49.013249]}},{"type":"Feature","properties":{"raion":"Красноградський","hromada":"Сахновщинська","settlement":"Червона Долина"},"geometry":{"type":"Point","coordinates":[36.090149,49.035799]}},{"type":"Feature","properties":{"raion":"Красноградський","hromada":"Сахновщинська","settlement":"Червоний Степ"},"geometry":{"type":"Point","coordinates":[36.13284,49.158392]}},{"type":"Feature","properties":{"raion":"Красноградський","hromada":"Сахновщинська","settlement":"Чорнолозка"},"geometry":{"type":"Point","coordinates":[35.784304,49.180504]}},{"type":"Feature","properties":{"raion":"Красноградський","hromada":"Сахновщинська","settlement":"Шевченкове"},"geometry":{"type":"Point","coordinates":[35.928414,49.206424]}},{"type":"Feature","properties":{"raion":"Красноградський","hromada":"Сахновщинська","settlement":"Шевченкове"},"geometry":{"type":"Point","coordinates":[35.711064,49.05412]}},{"type":"Feature","properties":{"raion":"Красноградський","hromada":"Сахновщинська","settlement":"Яковлівка"},"geometry":{"type":"Point","coordinates":[36.058741,49.263233]}},{"type":"Feature","properties":{"raion":"Красноградський","hromada":"Старовірівська","settlement":"Білоусівка"},"geometry":{"type":"Point","coordinates":[35.747213,49.623846]}},{"type":"Feature","properties":{"raion":"Красноградський","hromada":"Старовірівська","settlement":"Винники"},"geometry":{"type":"Point","coordinates":[35.626235,49.639365]}},{"type":"Feature","properties":{"raion":"Красноградський","hromada":"Старовірівська","settlement":"Гаврилівка"},"geometry":{"type":"Point","coordinates":[35.655148,49.673763]}},{"type":"Feature","properties":{"raion":"Красноградський","hromada":"Старовірівська","settlement":"Дегтярка"},"geometry":{"type":"Point","coordinates":[35.715276,49.612106]}},{"type":"Feature","properties":{"raion":"Красноградський","hromada":"Старовірівська","settlement":"Дячківка"},"geometry":{"type":"Point","coordinates":[35.697491,49.463451]}},{"type":"Feature","properties":{"raion":"Красноградський","hromada":"Старовірівська","settlement":"Завадівка"},"geometry":{"type":"Point","coordinates":[35.843006,49.628376]}},{"type":"Feature","properties":{"raion":"Красноградський","hromada":"Старовірівська","settlement":"Караван"},"geometry":{"type":"Point","coordinates":[35.794946,49.601925]}},{"type":"Feature","properties":{"raion":"Красноградський","hromada":"Старовірівська","settlement":"Клинове"},"geometry":{"type":"Point","coordinates":[35.999851,49.613078]}},{"type":"Feature","properties":{"raion":"Красноградський","hromada":"Старовірівська","settlement":"Литовки"},"geometry":{"type":"Point","coordinates":[35.611449,49.620811]}},{"type":"Feature","properties":{"raion":"Красноградський","hromada":"Старовірівська","settlement":"Ляшівка"},"geometry":{"type":"Point","coordinates":[35.704259,49.669056]}},{"type":"Feature","properties":{"raion":"Красноградський","hromada":"Старовірівська","settlement":"Миколаївка"},"geometry":{"type":"Point","coordinates":[35.922059,49.531279]}},{"type":"Feature","properties":{"raion":"Красноградський","hromada":"Старовірівська","settlement":"Москальцівка"},"geometry":{"type":"Point","coordinates":[35.721126,49.696591]}},{"type":"Feature","properties":{"raion":"Красноградський","hromada":"Старовірівська","settlement":"Муравлинка"},"geometry":{"type":"Point","coordinates":[35.818366,49.508933]}},{"type":"Feature","properties":{"raion":"Красноградський","hromada":"Старовірівська","settlement":"Охоче"},"geometry":{"type":"Point","coordinates":[36.0284,49.556394]}},{"type":"Feature","properties":{"raion":"Красноградський","hromada":"Старовірівська","settlement":"Палатки"},"geometry":{"type":"Point","coordinates":[35.706516,49.584279]}},{"type":"Feature","properties":{"raion":"Красноградський","hromada":"Старовірівська","settlement":"Парасковія"},"geometry":{"type":"Point","coordinates":[35.889003,49.51179]}},{"type":"Feature","properties":{"raion":"Красноградський","hromada":"Старовірівська","settlement":"Печіївка"},"geometry":{"type":"Point","coordinates":[35.749173,49.61305]}},{"type":"Feature","properties":{"raion":"Красноградський","hromada":"Старовірівська","settlement":"Раківка"},"geometry":{"type":"Point","coordinates":[35.624203,49.564959]}},{"type":"Feature","properties":{"raion":"Красноградський","hromada":"Старовірівська","settlement":"Слобожанське"},"geometry":{"type":"Point","coordinates":[35.691295,49.598878]}},{"type":"Feature","properties":{"raion":"Красноградський","hromada":"Старовірівська","settlement":"Станичне"},"geometry":{"type":"Point","coordinates":[35.733337,49.637344]}},{"type":"Feature","properties":{"raion":"Красноградський","hromada":"Старовірівська","settlement":"Старовірівка"},"geometry":{"type":"Point","coordinates":[35.748454,49.556456]}},{"type":"Feature","properties":{"raion":"Красноградський","hromada":"Старовірівська","settlement":"Червона Поляна"},"geometry":{"type":"Point","coordinates":[35.798187,49.631545]}},{"type":"Feature","properties":{"raion":"Куп'янський","hromada":"Великобурлуцька","settlement":"Амбарне"},"geometry":{"type":"Point","coordinates":[37.640199,50.10888]}},{"type":"Feature","properties":{"raion":"Куп'янський","hromada":"Великобурлуцька","settlement":"Андріївка"},"geometry":{"type":"Point","coordinates":[37.51355,49.941333]}},{"type":"Feature","properties":{"raion":"Куп'янський","hromada":"Великобурлуцька","settlement":"Аркушине"},"geometry":{"type":"Point","coordinates":[37.143804,49.952741]}},{"type":"Feature","properties":{"raion":"Куп'янський","hromada":"Великобурлуцька","settlement":"Балка"},"geometry":{"type":"Point","coordinates":[37.370484,50.04545]}},{"type":"Feature","properties":{"raion":"Куп'янський","hromada":"Великобурлуцька","settlement":"Буряківка"},"geometry":{"type":"Point","coordinates":[37.389493,50.075536]}},{"type":"Feature","properties":{"raion":"Куп'янський","hromada":"Великобурлуцька","settlement":"Великий Бурлук"},"geometry":{"type":"Point","coordinates":[37.385981,50.054048]}},{"type":"Feature","properties":{"raion":"Куп'янський","hromada":"Великобурлуцька","settlement":"Веселе"},"geometry":{"type":"Point","coordinates":[37.332341,49.961821]}},{"type":"Feature","properties":{"raion":"Куп'янський","hromada":"Великобурлуцька","settlement":"Гнилиця"},"geometry":{"type":"Point","coordinates":[37.190473,49.991782]}},{"type":"Feature","properties":{"raion":"Куп'янський","hromada":"Великобурлуцька","settlement":"Гнилиця Перша"},"geometry":{"type":"Point","coordinates":[37.206008,50.040595]}},{"type":"Feature","properties":{"raion":"Куп'янський","hromada":"Великобурлуцька","settlement":"Голубівка"},"geometry":{"type":"Point","coordinates":[37.324218,50.010393]}},{"type":"Feature","properties":{"raion":"Куп'янський","hromada":"Великобурлуцька","settlement":"Горяне"},"geometry":{"type":"Point","coordinates":[37.376637,50.073343]}},{"type":"Feature","properties":{"raion":"Куп'янський","hromada":"Великобурлуцька","settlement":"Григорівка"},"geometry":{"type":"Point","coordinates":[37.617499,50.055707]}},{"type":"Feature","properties":{"raion":"Куп'янський","hromada":"Великобурлуцька","settlement":"Дорошенкове"},"geometry":{"type":"Point","coordinates":[37.170596,50.101838]}},{"type":"Feature","properties":{"raion":"Куп'янський","hromada":"Великобурлуцька","settlement":"Жуків Яр"},"geometry":{"type":"Point","coordinates":[37.381565,50.028319]}},{"type":"Feature","properties":{"raion":"Куп'янський","hromada":"Великобурлуцька","settlement":"Заміст"},"geometry":{"type":"Point","coordinates":[37.403418,50.077004]}},{"type":"Feature","properties":{"raion":"Куп'янський","hromada":"Великобурлуцька","settlement":"Зелений Гай"},"geometry":{"type":"Point","coordinates":[37.187499,49.984861]}},{"type":"Feature","properties":{"raion":"Куп'янський","hromada":"Великобурлуцька","settlement":"Зелений Гай"},"geometry":{"type":"Point","coordinates":[37.294151,49.941425]}},{"type":"Feature","properties":{"raion":"Куп'янський","hromada":"Великобурлуцька","settlement":"Канівцеве"},"geometry":{"type":"Point","coordinates":[37.379133,49.966524]}},{"type":"Feature","properties":{"raion":"Куп'янський","hromada":"Великобурлуцька","settlement":"Катеринівка"},"geometry":{"type":"Point","coordinates":[37.477421,50.011784]}},{"type":"Feature","properties":{"raion":"Куп'янський","hromada":"Великобурлуцька","settlement":"Красне"},"geometry":{"type":"Point","coordinates":[37.213852,49.883724]}},{"type":"Feature","properties":{"raion":"Куп'янський","hromada":"Великобурлуцька","settlement":"Красноярське"},"geometry":{"type":"Point","coordinates":[37.494951,50.094145]}},{"type":"Feature","properties":{"raion":"Куп'янський","hromada":"Великобурлуцька","settlement":"Куп'єваха"},"geometry":{"type":"Point","coordinates":[37.278242,49.993331]}},{"type":"Feature","properties":{"raion":"Куп'янський","hromada":"Великобурлуцька","settlement":"Лебедівка"},"geometry":{"type":"Point","coordinates":[37.336144,50.015626]}},{"type":"Feature","properties":{"raion":"Куп'янський","hromada":"Великобурлуцька","settlement":"Литвинівка"},"geometry":{"type":"Point","coordinates":[37.372602,50.005044]}},{"type":"Feature","properties":{"raion":"Куп'янський","hromada":"Великобурлуцька","settlement":"Лозове"},"geometry":{"type":"Point","coordinates":[37.200626,49.869441]}},{"type":"Feature","properties":{"raion":"Куп'янський","hromada":"Великобурлуцька","settlement":"Малахове"},"geometry":{"type":"Point","coordinates":[37.318174,50.141885]}},{"type":"Feature","properties":{"raion":"Куп'янський","hromada":"Великобурлуцька","settlement":"Малий Бурлук"},"geometry":{"type":"Point","coordinates":[37.47869,50.139612]}},{"type":"Feature","properties":{"raion":"Куп'янський","hromada":"Великобурлуцька","settlement":"Манцівка"},"geometry":{"type":"Point","coordinates":[37.411777,50.015892]}},{"type":"Feature","properties":{"raion":"Куп'янський","hromada":"Великобурлуцька","settlement":"Микільське"},"geometry":{"type":"Point","coordinates":[37.528546,50.029852]}},{"type":"Feature","properties":{"raion":"Куп'янський","hromada":"Великобурлуцька","settlement":"Михайлівка"},"geometry":{"type":"Point","coordinates":[37.42148,50.090823]}},{"type":"Feature","properties":{"raion":"Куп'янський","hromada":"Великобурлуцька","settlement":"Нестерівка"},"geometry":{"type":"Point","coordinates":[37.313567,49.907466]}},{"type":"Feature","properties":{"raion":"Куп'янський","hromada":"Великобурлуцька","settlement":"Нова Олександрівка"},"geometry":{"type":"Point","coordinates":[37.204404,49.928897]}},{"type":"Feature","properties":{"raion":"Куп'янський","hromada":"Великобурлуцька","settlement":"Нова Олександрівка"},"geometry":{"type":"Point","coordinates":[37.312074,49.930741]}},{"type":"Feature","properties":{"raion":"Куп'янський","hromada":"Великобурлуцька","settlement":"Новоселівка"},"geometry":{"type":"Point","coordinates":[37.361542,50.096999]}},{"type":"Feature","properties":{"raion":"Куп'янський","hromada":"Великобурлуцька","settlement":"Плоске"},"geometry":{"type":"Point","coordinates":[37.36959,50.053778]}},{"type":"Feature","properties":{"raion":"Куп'янський","hromada":"Великобурлуцька","settlement":"Полковниче"},"geometry":{"type":"Point","coordinates":[37.235337,49.872788]}},{"type":"Feature","properties":{"raion":"Куп'янський","hromada":"Великобурлуцька","settlement":"Підсереднє"},"geometry":{"type":"Point","coordinates":[37.303129,50.105501]}},{"type":"Feature","properties":{"raion":"Куп'янський","hromada":"Великобурлуцька","settlement":"Рогозянка"},"geometry":{"type":"Point","coordinates":[37.499661,49.959885]}},{"type":"Feature","properties":{"raion":"Куп'янський","hromada":"Великобурлуцька","settlement":"Садовод"},"geometry":{"type":"Point","coordinates":[37.551137,49.949491]}},{"type":"Feature","properties":{"raion":"Куп'янський","hromada":"Великобурлуцька","settlement":"Середній Бурлук"},"geometry":{"type":"Point","coordinates":[37.306562,49.895478]}},{"type":"Feature","properties":{"raion":"Куп'янський","hromada":"Великобурлуцька","settlement":"Соніно"},"geometry":{"type":"Point","coordinates":[37.545717,50.0674]}},{"type":"Feature","properties":{"raion":"Куп'янський","hromada":"Великобурлуцька","settlement":"Стецьківка"},"geometry":{"type":"Point","coordinates":[37.51655,49.905232]}},{"type":"Feature","properties":{"raion":"Куп'янський","hromada":"Великобурлуцька","settlement":"Сірий Яр"},"geometry":{"type":"Point","coordinates":[37.291735,50.066283]}},{"type":"Feature","properties":{"raion":"Куп'янський","hromada":"Великобурлуцька","settlement":"Хатнє"},"geometry":{"type":"Point","coordinates":[37.566267,50.11586]}},{"type":"Feature","properties":{"raion":"Куп'янський","hromada":"Великобурлуцька","settlement":"Червона Хвиля"},"geometry":{"type":"Point","coordinates":[37.325058,49.97301]}},{"type":"Feature","properties":{"raion":"Куп'янський","hromada":"Великобурлуцька","settlement":"Шевченкове"},"geometry":{"type":"Point","coordinates":[37.443704,50.097333]}},{"type":"Feature","properties":{"raion":"Куп'янський","hromada":"Великобурлуцька","settlement":"Шевченкове"},"geometry":{"type":"Point","coordinates":[37.208425,49.901903]}},{"type":"Feature","properties":{"raion":"Куп'янський","hromada":"Великобурлуцька","settlement":"Шипувате"},"geometry":{"type":"Point","coordinates":[37.414711,49.9359]}},{"type":"Feature","properties":{"raion":"Куп'янський","hromada":"Великобурлуцька","settlement":"Шипувате"},"geometry":{"type":"Point","coordinates":[37.438711,49.943068]}},{"type":"Feature","properties":{"raion":"Куп'янський","hromada":"Великобурлуцька","settlement":"Юр'ївка"},"geometry":{"type":"Point","coordinates":[37.401315,50.130762]}},{"type":"Feature","properties":{"raion":"Куп'янський","hromada":"Великобурлуцька","settlement":"Яєчне"},"geometry":{"type":"Point","coordinates":[37.268682,50.034904]}},{"type":"Feature","properties":{"raion":"Куп'янський","hromada":"Вільхуватська","settlement":"Івашкине"},"geometry":{"type":"Point","coordinates":[37.521809,50.237888]}},{"type":"Feature","properties":{"raion":"Куп'янський","hromada":"Вільхуватська","settlement":"Анискине"},"geometry":{"type":"Point","coordinates":[37.523295,50.208009]}},{"type":"Feature","properties":{"raion":"Куп'янський","hromada":"Вільхуватська","settlement":"Артільне"},"geometry":{"type":"Point","coordinates":[37.621491,50.244377]}},{"type":"Feature","properties":{"raion":"Куп'янський","hromada":"Вільхуватська","settlement":"Березники"},"geometry":{"type":"Point","coordinates":[37.591053,50.267552]}},{"type":"Feature","properties":{"raion":"Куп'янський","hromada":"Вільхуватська","settlement":"Водяне"},"geometry":{"type":"Point","coordinates":[37.519397,50.198351]}},{"type":"Feature","properties":{"raion":"Куп'янський","hromada":"Вільхуватська","settlement":"Вільхуватка"},"geometry":{"type":"Point","coordinates":[37.518768,50.185902]}},{"type":"Feature","properties":{"raion":"Куп'янський","hromada":"Вільхуватська","settlement":"Гогине"},"geometry":{"type":"Point","coordinates":[37.38201,50.169289]}},{"type":"Feature","properties":{"raion":"Куп'янський","hromada":"Вільхуватська","settlement":"Грачівка"},"geometry":{"type":"Point","coordinates":[37.459557,50.273571]}},{"type":"Feature","properties":{"raion":"Куп'янський","hromada":"Вільхуватська","settlement":"Довгеньке"},"geometry":{"type":"Point","coordinates":[37.539044,50.166076]}},{"type":"Feature","properties":{"raion":"Куп'янський","hromada":"Вільхуватська","settlement":"Довжанка"},"geometry":{"type":"Point","coordinates":[37.460413,50.185782]}},{"type":"Feature","properties":{"raion":"Куп'янський","hromada":"Вільхуватська","settlement":"Зарубинка"},"geometry":{"type":"Point","coordinates":[37.553878,50.164069]}},{"type":"Feature","properties":{"raion":"Куп'янський","hromada":"Вільхуватська","settlement":"Комісарове"},"geometry":{"type":"Point","coordinates":[37.503557,50.282541]}},{"type":"Feature","properties":{"raion":"Куп'янський","hromada":"Вільхуватська","settlement":"Крейдянка"},"geometry":{"type":"Point","coordinates":[37.554335,50.314073]}},{"type":"Feature","properties":{"raion":"Куп'янський","hromada":"Вільхуватська","settlement":"Купине"},"geometry":{"type":"Point","coordinates":[37.471717,50.248096]}},{"type":"Feature","properties":{"raion":"Куп'янський","hromada":"Вільхуватська","settlement":"Курганне"},"geometry":{"type":"Point","coordinates":[37.451146,50.159112]}},{"type":"Feature","properties":{"raion":"Куп'янський","hromada":"Вільхуватська","settlement":"Лобанівка"},"geometry":{"type":"Point","coordinates":[37.438514,50.268104]}},{"type":"Feature","properties":{"raion":"Куп'янський","hromada":"Вільхуватська","settlement":"Миколаївка"},"geometry":{"type":"Point","coordinates":[37.393564,50.12719]}},{"type":"Feature","properties":{"raion":"Куп'янський","hromada":"Вільхуватська","settlement":"Мілове"},"geometry":{"type":"Point","coordinates":[37.680078,50.141791]}},{"type":"Feature","properties":{"raion":"Куп'янський","hromada":"Вільхуватська","settlement":"Нефедівка"},"geometry":{"type":"Point","coordinates":[37.406075,50.186918]}},{"type":"Feature","properties":{"raion":"Куп'янський","hromada":"Вільхуватська","settlement":"Озерне"},"geometry":{"type":"Point","coordinates":[37.569671,50.273147]}},{"type":"Feature","properties":{"raion":"Куп'янський","hromada":"Вільхуватська","settlement":"Потихонове"},"geometry":{"type":"Point","coordinates":[37.544244,50.291675]}},{"type":"Feature","properties":{"raion":"Куп'янський","hromada":"Вільхуватська","settlement":"Приколотне"},"geometry":{"type":"Point","coordinates":[37.337415,50.159594]}},{"type":"Feature","properties":{"raion":"Куп'янський","hromada":"Вільхуватська","settlement":"Рублене"},"geometry":{"type":"Point","coordinates":[37.568744,50.29019]}},{"type":"Feature","properties":{"raion":"Куп'янський","hromada":"Вільхуватська","settlement":"Слизневе"},"geometry":{"type":"Point","coordinates":[37.421333,50.179321]}},{"type":"Feature","properties":{"raion":"Куп'янський","hromada":"Вільхуватська","settlement":"Устинівка"},"geometry":{"type":"Point","coordinates":[37.529437,50.249301]}},{"type":"Feature","properties":{"raion":"Куп'янський","hromada":"Вільхуватська","settlement":"Федорівка"},"geometry":{"type":"Point","coordinates":[37.43746,50.128692]}},{"type":"Feature","properties":{"raion":"Куп'янський","hromada":"Вільхуватська","settlement":"Чорне"},"geometry":{"type":"Point","coordinates":[37.425434,50.222188]}},{"type":"Feature","properties":{"raion":"Куп'янський","hromada":"Вільхуватська","settlement":"Чугунівка"},"geometry":{"type":"Point","coordinates":[37.598887,50.18168]}},{"type":"Feature","properties":{"raion":"Куп'янський","hromada":"Вільхуватська","settlement":"Шев'яківка"},"geometry":{"type":"Point","coordinates":[37.590881,50.216137]}},{"type":"Feature","properties":{"raion":"Куп'янський","hromada":"Вільхуватська","settlement":"Широке"},"geometry":{"type":"Point","coordinates":[37.536231,50.265218]}},{"type":"Feature","properties":{"raion":"Куп'янський","hromada":"Дворічанська","settlement":"Іванівка"},"geometry":{"type":"Point","coordinates":[37.971045,49.8174]}},{"type":"Feature","properties":{"raion":"Куп'янський","hromada":"Дворічанська","settlement":"Берестове"},"geometry":{"type":"Point","coordinates":[37.946731,49.856824]}},{"type":"Feature","properties":{"raion":"Куп'янський","hromada":"Дворічанська","settlement":"Богданівське"},"geometry":{"type":"Point","coordinates":[37.816492,49.89184]}},{"type":"Feature","properties":{"raion":"Куп'янський","hromada":"Дворічанська","settlement":"Бологівка"},"geometry":{"type":"Point","coordinates":[37.806749,50.054917]}},{"type":"Feature","properties":{"raion":"Куп'янський","hromada":"Дворічанська","settlement":"Васильцівка"},"geometry":{"type":"Point","coordinates":[37.633726,49.923612]}},{"type":"Feature","properties":{"raion":"Куп'янський","hromada":"Дворічанська","settlement":"Великий Виселок"},"geometry":{"type":"Point","coordinates":[37.882716,49.835273]}},{"type":"Feature","properties":{"raion":"Куп'янський","hromada":"Дворічанська","settlement":"Водяне"},"geometry":{"type":"Point","coordinates":[37.583093,49.937983]}},{"type":"Feature","properties":{"raion":"Куп'янський","hromada":"Дворічанська","settlement":"Вільшана"},"geometry":{"type":"Point","coordinates":[37.752715,49.798126]}},{"type":"Feature","properties":{"raion":"Куп'янський","hromada":"Дворічанська","settlement":"Гороб'ївка"},"geometry":{"type":"Point","coordinates":[37.73292,49.837565]}},{"type":"Feature","properties":{"raion":"Куп'янський","hromada":"Дворічанська","settlement":"Гракове"},"geometry":{"type":"Point","coordinates":[37.977555,49.864518]}},{"type":"Feature","properties":{"raion":"Куп'янський","hromada":"Дворічанська","settlement":"Гряниківка"},"geometry":{"type":"Point","coordinates":[37.714518,49.845497]}},{"type":"Feature","properties":{"raion":"Куп'янський","hromada":"Дворічанська","settlement":"Дворічанське"},"geometry":{"type":"Point","coordinates":[37.770402,50.024495]}},{"type":"Feature","properties":{"raion":"Куп'янський","hromada":"Дворічанська","settlement":"Дворічна"},"geometry":{"type":"Point","coordinates":[37.676691,49.853893]}},{"type":"Feature","properties":{"raion":"Куп'янський","hromada":"Дворічанська","settlement":"Дворічне"},"geometry":{"type":"Point","coordinates":[37.72471,49.849873]}},{"type":"Feature","properties":{"raion":"Куп'янський","hromada":"Дворічанська","settlement":"Добролюбівка"},"geometry":{"type":"Point","coordinates":[37.953792,49.782523]}},{"type":"Feature","properties":{"raion":"Куп'янський","hromada":"Дворічанська","settlement":"Довгеньке"},"geometry":{"type":"Point","coordinates":[37.632267,49.88868]}},{"type":"Feature","properties":{"raion":"Куп'янський","hromada":"Дворічанська","settlement":"Западне"},"geometry":{"type":"Point","coordinates":[37.616099,49.821625]}},{"type":"Feature","properties":{"raion":"Куп'янський","hromada":"Дворічанська","settlement":"Кам'янка"},"geometry":{"type":"Point","coordinates":[37.832401,49.977469]}},{"type":"Feature","properties":{"raion":"Куп'янський","hromada":"Дворічанська","settlement":"Касянівка"},"geometry":{"type":"Point","coordinates":[37.568028,49.884178]}},{"type":"Feature","properties":{"raion":"Куп'янський","hromada":"Дворічанська","settlement":"Колодязне"},"geometry":{"type":"Point","coordinates":[37.698577,50.003462]}},{"type":"Feature","properties":{"raion":"Куп'янський","hromada":"Дворічанська","settlement":"Красне Перше"},"geometry":{"type":"Point","coordinates":[37.756781,49.941975]}},{"type":"Feature","properties":{"raion":"Куп'янський","hromada":"Дворічанська","settlement":"Кутьківка"},"geometry":{"type":"Point","coordinates":[37.589932,49.873058]}},{"type":"Feature","properties":{"raion":"Куп'янський","hromada":"Дворічанська","settlement":"Лиман Другий"},"geometry":{"type":"Point","coordinates":[37.871593,49.954163]}},{"type":"Feature","properties":{"raion":"Куп'янський","hromada":"Дворічанська","settlement":"Лиман Перший"},"geometry":{"type":"Point","coordinates":[37.706775,49.789773]}},{"type":"Feature","properties":{"raion":"Куп'янський","hromada":"Дворічанська","settlement":"Лозова Друга"},"geometry":{"type":"Point","coordinates":[37.552416,49.868833]}},{"type":"Feature","properties":{"raion":"Куп'янський","hromada":"Дворічанська","settlement":"Лозова Перша"},"geometry":{"type":"Point","coordinates":[37.516168,49.873314]}},{"type":"Feature","properties":{"raion":"Куп'янський","hromada":"Дворічанська","settlement":"Мальцівка"},"geometry":{"type":"Point","coordinates":[37.990864,49.888725]}},{"type":"Feature","properties":{"raion":"Куп'янський","hromada":"Дворічанська","settlement":"Масютівка"},"geometry":{"type":"Point","coordinates":[37.686998,49.813984]}},{"type":"Feature","properties":{"raion":"Куп'янський","hromada":"Дворічанська","settlement":"Мечнікове"},"geometry":{"type":"Point","coordinates":[38.006333,49.787383]}},{"type":"Feature","properties":{"raion":"Куп'янський","hromada":"Дворічанська","settlement":"Миколаївка"},"geometry":{"type":"Point","coordinates":[37.876439,49.925389]}},{"type":"Feature","properties":{"raion":"Куп'янський","hromada":"Дворічанська","settlement":"Митрофанівка"},"geometry":{"type":"Point","coordinates":[37.682554,49.946693]}},{"type":"Feature","properties":{"raion":"Куп'янський","hromada":"Дворічанська","settlement":"Нежданівка"},"geometry":{"type":"Point","coordinates":[37.850631,49.930853]}},{"type":"Feature","properties":{"raion":"Куп'янський","hromada":"Дворічанська","settlement":"Нововасилівка"},"geometry":{"type":"Point","coordinates":[37.698583,49.96304]}},{"type":"Feature","properties":{"raion":"Куп'янський","hromada":"Дворічанська","settlement":"Новомлинськ"},"geometry":{"type":"Point","coordinates":[37.735438,49.88238]}},{"type":"Feature","properties":{"raion":"Куп'янський","hromada":"Дворічанська","settlement":"Новоужвинівка"},"geometry":{"type":"Point","coordinates":[37.634184,50.032373]}},{"type":"Feature","properties":{"raion":"Куп'янський","hromada":"Дворічанська","settlement":"Новоєгорівка"},"geometry":{"type":"Point","coordinates":[37.968112,49.839037]}},{"type":"Feature","properties":{"raion":"Куп'янський","hromada":"Дворічанська","settlement":"Обухівка"},"geometry":{"type":"Point","coordinates":[37.634459,50.044882]}},{"type":"Feature","properties":{"raion":"Куп'янський","hromada":"Дворічанська","settlement":"Одрадне"},"geometry":{"type":"Point","coordinates":[37.726015,50.062032]}},{"type":"Feature","properties":{"raion":"Куп'янський","hromada":"Дворічанська","settlement":"Павлівка"},"geometry":{"type":"Point","coordinates":[37.846847,49.938977]}},{"type":"Feature","properties":{"raion":"Куп'янський","hromada":"Дворічанська","settlement":"Першотравневе"},"geometry":{"type":"Point","coordinates":[37.911682,49.746618]}},{"type":"Feature","properties":{"raion":"Куп'янський","hromada":"Дворічанська","settlement":"Петро-Іванівка"},"geometry":{"type":"Point","coordinates":[37.695042,49.924023]}},{"type":"Feature","properties":{"raion":"Куп'янський","hromada":"Дворічанська","settlement":"Петрівка"},"geometry":{"type":"Point","coordinates":[37.799761,49.939417]}},{"type":"Feature","properties":{"raion":"Куп'янський","hromada":"Дворічанська","settlement":"Петрівське"},"geometry":{"type":"Point","coordinates":[37.901296,49.812229]}},{"type":"Feature","properties":{"raion":"Куп'янський","hromada":"Дворічанська","settlement":"Плескачівка"},"geometry":{"type":"Point","coordinates":[37.596202,49.907294]}},{"type":"Feature","properties":{"raion":"Куп'янський","hromada":"Дворічанська","settlement":"Путникове"},"geometry":{"type":"Point","coordinates":[37.631257,49.905485]}},{"type":"Feature","properties":{"raion":"Куп'янський","hromada":"Дворічанська","settlement":"Піски"},"geometry":{"type":"Point","coordinates":[37.915838,49.975555]}},{"type":"Feature","properties":{"raion":"Куп'янський","hromada":"Дворічанська","settlement":"Піщанка"},"geometry":{"type":"Point","coordinates":[37.983934,49.961668]}},{"type":"Feature","properties":{"raion":"Куп'янський","hromada":"Дворічанська","settlement":"Рідкодуб"},"geometry":{"type":"Point","coordinates":[37.604066,49.92174]}},{"type":"Feature","properties":{"raion":"Куп'янський","hromada":"Дворічанська","settlement":"Строївка"},"geometry":{"type":"Point","coordinates":[37.877252,50.04309]}},{"type":"Feature","properties":{"raion":"Куп'янський","hromada":"Дворічанська","settlement":"Тавільжанка"},"geometry":{"type":"Point","coordinates":[37.771104,49.838401]}},{"type":"Feature","properties":{"raion":"Куп'янський","hromada":"Дворічанська","settlement":"Терни"},"geometry":{"type":"Point","coordinates":[38.027741,49.885969]}},{"type":"Feature","properties":{"raion":"Куп'янський","hromada":"Дворічанська","settlement":"Токарівка"},"geometry":{"type":"Point","coordinates":[37.903495,49.788034]}},{"type":"Feature","properties":{"raion":"Куп'янський","hromada":"Дворічанська","settlement":"Тополі"},"geometry":{"type":"Point","coordinates":[37.908538,50.014845]}},{"type":"Feature","properties":{"raion":"Куп'янський","hromada":"Дворічанська","settlement":"Тополі"},"geometry":{"type":"Point","coordinates":[37.911595,49.965605]}},{"type":"Feature","properties":{"raion":"Куп'янський","hromada":"Дворічанська","settlement":"Фиголівка"},"geometry":{"type":"Point","coordinates":[37.701502,49.901367]}},{"type":"Feature","properties":{"raion":"Куп'янський","hromada":"Куп'янська","settlement":"Болдирівка"},"geometry":{"type":"Point","coordinates":[37.581653,49.63083]}},{"type":"Feature","properties":{"raion":"Куп'янський","hromada":"Куп'янська","settlement":"Куп'янськ"},"geometry":{"type":"Point","coordinates":[37.612959,49.711169]}},{"type":"Feature","properties":{"raion":"Куп'янський","hromada":"Куп'янська","settlement":"Куп'янськ-Вузловий"},"geometry":{"type":"Point","coordinates":[37.64841,49.65693]}},{"type":"Feature","properties":{"raion":"Куп'янський","hromada":"Куп'янська","settlement":"Ківшарівка"},"geometry":{"type":"Point","coordinates":[37.686085,49.630366]}},{"type":"Feature","properties":{"raion":"Куп'янський","hromada":"Куп'янська","settlement":"Осадьківка"},"geometry":{"type":"Point","coordinates":[37.531705,49.659568]}},{"type":"Feature","properties":{"raion":"Куп'янський","hromada":"Куп'янська","settlement":"Осиново"},"geometry":{"type":"Point","coordinates":[37.600567,49.644624]}},{"type":"Feature","properties":{"raion":"Куп'янський","hromada":"Куп'янська","settlement":"Пойдунівка"},"geometry":{"type":"Point","coordinates":[37.516787,49.649443]}},{"type":"Feature","properties":{"raion":"Куп'янський","hromada":"Куп'янська","settlement":"Пристін"},"geometry":{"type":"Point","coordinates":[37.637637,49.58537]}},{"type":"Feature","properties":{"raion":"Куп'янський","hromada":"Куп'янська","settlement":"Прокопівка"},"geometry":{"type":"Point","coordinates":[37.580849,49.63931]}},{"type":"Feature","properties":{"raion":"Куп'янський","hromada":"Куп'янська","settlement":"Сеньок"},"geometry":{"type":"Point","coordinates":[37.515512,49.58197]}},{"type":"Feature","properties":{"raion":"Куп'янський","hromada":"Куп'янська","settlement":"Стінка"},"geometry":{"type":"Point","coordinates":[37.562565,49.658531]}},{"type":"Feature","properties":{"raion":"Куп'янський","hromada":"Куп'янська","settlement":"Тамарганівка"},"geometry":{"type":"Point","coordinates":[37.553839,49.653525]}},{"type":"Feature","properties":{"raion":"Куп'янський","hromada":"Курилівська","settlement":"Біле"},"geometry":{"type":"Point","coordinates":[37.554259,49.481845]}},{"type":"Feature","properties":{"raion":"Куп'янський","hromada":"Курилівська","settlement":"Воронцівка"},"geometry":{"type":"Point","coordinates":[37.523392,49.52674]}},{"type":"Feature","properties":{"raion":"Куп'янський","hromada":"Курилівська","settlement":"Глушківка"},"geometry":{"type":"Point","coordinates":[37.706073,49.596233]}},{"type":"Feature","properties":{"raion":"Куп'янський","hromada":"Курилівська","settlement":"Колісниківка"},"geometry":{"type":"Point","coordinates":[37.714788,49.562427]}},{"type":"Feature","properties":{"raion":"Куп'янський","hromada":"Курилівська","settlement":"Кругляківка"},"geometry":{"type":"Point","coordinates":[37.711157,49.532621]}},{"type":"Feature","properties":{"raion":"Куп'янський","hromada":"Курилівська","settlement":"Курилівка"},"geometry":{"type":"Point","coordinates":[37.692543,49.658492]}},{"type":"Feature","properties":{"raion":"Куп'янський","hromada":"Курилівська","settlement":"Лісна Стінка"},"geometry":{"type":"Point","coordinates":[37.632154,49.480072]}},{"type":"Feature","properties":{"raion":"Куп'янський","hromada":"Курилівська","settlement":"Новоосинове"},"geometry":{"type":"Point","coordinates":[37.708893,49.619759]}},{"type":"Feature","properties":{"raion":"Куп'янський","hromada":"Курилівська","settlement":"Подоли"},"geometry":{"type":"Point","coordinates":[37.664328,49.689407]}},{"type":"Feature","properties":{"raion":"Куп'янський","hromada":"Курилівська","settlement":"Піщане"},"geometry":{"type":"Point","coordinates":[37.778005,49.655352]}},{"type":"Feature","properties":{"raion":"Куп'янський","hromada":"Курилівська","settlement":"Сенькове"},"geometry":{"type":"Point","coordinates":[37.678499,49.524762]}},{"type":"Feature","properties":{"raion":"Куп'янський","hromada":"Курилівська","settlement":"Синиха"},"geometry":{"type":"Point","coordinates":[37.575543,49.524567]}},{"type":"Feature","properties":{"raion":"Куп'янський","hromada":"Курилівська","settlement":"Хомине"},"geometry":{"type":"Point","coordinates":[37.623601,49.464208]}},{"type":"Feature","properties":{"raion":"Куп'янський","hromada":"Кіндрашівська","settlement":"Єгорівка"},"geometry":{"type":"Point","coordinates":[37.393273,49.801231]}},{"type":"Feature","properties":{"raion":"Куп'янський","hromada":"Кіндрашівська","settlement":"Благодатівка"},"geometry":{"type":"Point","coordinates":[37.540315,49.679103]}},{"type":"Feature","properties":{"raion":"Куп'янський","hromada":"Кіндрашівська","settlement":"Василівка"},"geometry":{"type":"Point","coordinates":[37.505087,49.663006]}},{"type":"Feature","properties":{"raion":"Куп'янський","hromada":"Кіндрашівська","settlement":"Василівка"},"geometry":{"type":"Point","coordinates":[37.508636,49.840484]}},{"type":"Feature","properties":{"raion":"Куп'янський","hromada":"Кіндрашівська","settlement":"Велика Шапківка"},"geometry":{"type":"Point","coordinates":[37.526495,49.786316]}},{"type":"Feature","properties":{"raion":"Куп'янський","hromada":"Кіндрашівська","settlement":"Вишнівка"},"geometry":{"type":"Point","coordinates":[37.338813,49.808177]}},{"type":"Feature","properties":{"raion":"Куп'янський","hromada":"Кіндрашівська","settlement":"Вовчий Яр"},"geometry":{"type":"Point","coordinates":[37.410742,49.906232]}},{"type":"Feature","properties":{"raion":"Куп'янський","hromada":"Кіндрашівська","settlement":"Голубівка"},"geometry":{"type":"Point","coordinates":[37.634036,49.749827]}},{"type":"Feature","properties":{"raion":"Куп'янський","hromada":"Кіндрашівська","settlement":"Грушівка"},"geometry":{"type":"Point","coordinates":[37.464174,49.675981]}},{"type":"Feature","properties":{"raion":"Куп'янський","hromada":"Кіндрашівська","settlement":"Гусинка"},"geometry":{"type":"Point","coordinates":[37.42848,49.826784]}},{"type":"Feature","properties":{"raion":"Куп'янський","hromada":"Кіндрашівська","settlement":"Дорошівка"},"geometry":{"type":"Point","coordinates":[37.566347,49.830628]}},{"type":"Feature","properties":{"raion":"Куп'янський","hromada":"Кіндрашівська","settlement":"Калинове"},"geometry":{"type":"Point","coordinates":[37.632665,49.787228]}},{"type":"Feature","properties":{"raion":"Куп'янський","hromada":"Кіндрашівська","settlement":"Ковалівка"},"geometry":{"type":"Point","coordinates":[37.500683,49.732537]}},{"type":"Feature","properties":{"raion":"Куп'янський","hromada":"Кіндрашівська","settlement":"Курочкине"},"geometry":{"type":"Point","coordinates":[37.408045,49.84902]}},{"type":"Feature","properties":{"raion":"Куп'янський","hromada":"Кіндрашівська","settlement":"Кіндрашівка"},"geometry":{"type":"Point","coordinates":[37.572436,49.767233]}},{"type":"Feature","properties":{"raion":"Куп'янський","hromada":"Кіндрашівська","settlement":"Мала Шапківка"},"geometry":{"type":"Point","coordinates":[37.555294,49.7871]}},{"type":"Feature","properties":{"raion":"Куп'янський","hromada":"Кіндрашівська","settlement":"Миколаївка Друга"},"geometry":{"type":"Point","coordinates":[37.457464,49.872406]}},{"type":"Feature","properties":{"raion":"Куп'янський","hromada":"Кіндрашівська","settlement":"Миколаївка Перша"},"geometry":{"type":"Point","coordinates":[37.434187,49.876912]}},{"type":"Feature","properties":{"raion":"Куп'янський","hromada":"Кіндрашівська","settlement":"Моначинівка"},"geometry":{"type":"Point","coordinates":[37.525926,49.816864]}},{"type":"Feature","properties":{"raion":"Куп'янський","hromada":"Кіндрашівська","settlement":"Московка"},"geometry":{"type":"Point","coordinates":[37.570583,49.730096]}},{"type":"Feature","properties":{"raion":"Куп'янський","hromada":"Кіндрашівська","settlement":"Нечволодівка"},"geometry":{"type":"Point","coordinates":[37.508068,49.706756]}},{"type":"Feature","properties":{"raion":"Куп'янський","hromada":"Кіндрашівська","settlement":"Паламарівка"},"geometry":{"type":"Point","coordinates":[37.513894,49.755175]}},{"type":"Feature","properties":{"raion":"Куп'янський","hromada":"Кіндрашівська","settlement":"Прилютове"},"geometry":{"type":"Point","coordinates":[37.441888,49.909861]}},{"type":"Feature","properties":{"raion":"Куп'янський","hromada":"Кіндрашівська","settlement":"Просянка"},"geometry":{"type":"Point","coordinates":[37.379923,49.888874]}},{"type":"Feature","properties":{"raion":"Куп'янський","hromada":"Кіндрашівська","settlement":"Радьківка"},"geometry":{"type":"Point","coordinates":[37.589837,49.749246]}},{"type":"Feature","properties":{"raion":"Куп'янський","hromada":"Кіндрашівська","settlement":"Садове"},"geometry":{"type":"Point","coordinates":[37.593272,49.665631]}},{"type":"Feature","properties":{"raion":"Куп'янський","hromada":"Кіндрашівська","settlement":"Самборівка"},"geometry":{"type":"Point","coordinates":[37.459132,49.785607]}},{"type":"Feature","properties":{"raion":"Куп'янський","hromada":"Кіндрашівська","settlement":"Селище"},"geometry":{"type":"Point","coordinates":[37.481581,49.851157]}},{"type":"Feature","properties":{"raion":"Куп'янський","hromada":"Кіндрашівська","settlement":"Смородьківка"},"geometry":{"type":"Point","coordinates":[37.500278,49.770769]}},{"type":"Feature","properties":{"raion":"Куп'янський","hromada":"Кіндрашівська","settlement":"Соболівка"},"geometry":{"type":"Point","coordinates":[37.566135,49.706208]}},{"type":"Feature","properties":{"raion":"Куп'янський","hromada":"Кіндрашівська","settlement":"Тищенківка"},"geometry":{"type":"Point","coordinates":[37.554372,49.764537]}},{"type":"Feature","properties":{"raion":"Куп'янський","hromada":"Кіндрашівська","settlement":"Цибівка"},"geometry":{"type":"Point","coordinates":[37.397071,49.870851]}},{"type":"Feature","properties":{"raion":"Куп'янський","hromada":"Петропавлівська","settlement":"Іванівка"},"geometry":{"type":"Point","coordinates":[37.891027,49.663699]}},{"type":"Feature","properties":{"raion":"Куп'янський","hromada":"Петропавлівська","settlement":"Берестове"},"geometry":{"type":"Point","coordinates":[37.892826,49.54013]}},{"type":"Feature","properties":{"raion":"Куп'янський","hromada":"Петропавлівська","settlement":"Затишне"},"geometry":{"type":"Point","coordinates":[37.943667,49.662639]}},{"type":"Feature","properties":{"raion":"Куп'янський","hromada":"Петропавлівська","settlement":"Кислівка"},"geometry":{"type":"Point","coordinates":[37.907455,49.641153]}},{"type":"Feature","properties":{"raion":"Куп'янський","hromada":"Петропавлівська","settlement":"Котлярівка"},"geometry":{"type":"Point","coordinates":[37.908169,49.633382]}},{"type":"Feature","properties":{"raion":"Куп'янський","hromada":"Петропавлівська","settlement":"Крохмальне"},"geometry":{"type":"Point","coordinates":[37.914163,49.572304]}},{"type":"Feature","properties":{"raion":"Куп'янський","hromada":"Петропавлівська","settlement":"Кучерівка"},"geometry":{"type":"Point","coordinates":[37.665364,49.712041]}},{"type":"Feature","properties":{"raion":"Куп'янський","hromada":"Петропавлівська","settlement":"Миколаївка"},"geometry":{"type":"Point","coordinates":[37.960121,49.707902]}},{"type":"Feature","properties":{"raion":"Куп'янський","hromada":"Петропавлівська","settlement":"Нова Тарасівка"},"geometry":{"type":"Point","coordinates":[37.98342,49.660197]}},{"type":"Feature","properties":{"raion":"Куп'янський","hromada":"Петропавлівська","settlement":"Орлянка"},"geometry":{"type":"Point","coordinates":[37.928623,49.685882]}},{"type":"Feature","properties":{"raion":"Куп'янський","hromada":"Петропавлівська","settlement":"Петропавлівка"},"geometry":{"type":"Point","coordinates":[37.724445,49.719577]}},{"type":"Feature","properties":{"raion":"Куп'янський","hromada":"Петропавлівська","settlement":"Піщане"},"geometry":{"type":"Point","coordinates":[37.830432,49.568444]}},{"type":"Feature","properties":{"raion":"Куп'янський","hromada":"Петропавлівська","settlement":"Синьківка"},"geometry":{"type":"Point","coordinates":[37.704505,49.765507]}},{"type":"Feature","properties":{"raion":"Куп'янський","hromada":"Петропавлівська","settlement":"Степова Новоселівка"},"geometry":{"type":"Point","coordinates":[37.863602,49.659538]}},{"type":"Feature","properties":{"raion":"Куп'янський","hromada":"Петропавлівська","settlement":"Табаївка"},"geometry":{"type":"Point","coordinates":[37.882276,49.607645]}},{"type":"Feature","properties":{"raion":"Куп'янський","hromada":"Петропавлівська","settlement":"Ягідне"},"geometry":{"type":"Point","coordinates":[37.925443,49.661063]}},{"type":"Feature","properties":{"raion":"Куп'янський","hromada":"Шевченківська","settlement":"Іванівка"},"geometry":{"type":"Point","coordinates":[37.290351,49.741251]}},{"type":"Feature","properties":{"raion":"Куп'янський","hromada":"Шевченківська","settlement":"Іванівка"},"geometry":{"type":"Point","coordinates":[37.296676,49.879109]}},{"type":"Feature","properties":{"raion":"Куп'янський","hromada":"Шевченківська","settlement":"Аркадівка"},"geometry":{"type":"Point","coordinates":[37.262298,49.773247]}},{"type":"Feature","properties":{"raion":"Куп'янський","hromada":"Шевченківська","settlement":"Баранове"},"geometry":{"type":"Point","coordinates":[37.433232,49.605766]}},{"type":"Feature","properties":{"raion":"Куп'янський","hromada":"Шевченківська","settlement":"Безмятежне"},"geometry":{"type":"Point","coordinates":[37.239181,49.564148]}},{"type":"Feature","properties":{"raion":"Куп'янський","hromada":"Шевченківська","settlement":"Березівка"},"geometry":{"type":"Point","coordinates":[37.479258,49.628945]}},{"type":"Feature","properties":{"raion":"Куп'янський","hromada":"Шевченківська","settlement":"Богодарівка"},"geometry":{"type":"Point","coordinates":[37.062285,49.66178]}},{"type":"Feature","properties":{"raion":"Куп'янський","hromada":"Шевченківська","settlement":"Борівське"},"geometry":{"type":"Point","coordinates":[37.3309,49.639765]}},{"type":"Feature","properties":{"raion":"Куп'янський","hromada":"Шевченківська","settlement":"Василенкове"},"geometry":{"type":"Point","coordinates":[37.028734,49.785608]}},{"type":"Feature","properties":{"raion":"Куп'янський","hromada":"Шевченківська","settlement":"Великі Хутори"},"geometry":{"type":"Point","coordinates":[37.202591,49.808835]}},{"type":"Feature","properties":{"raion":"Куп'янський","hromada":"Шевченківська","settlement":"Верхньозорянське"},"geometry":{"type":"Point","coordinates":[37.208886,49.701628]}},{"type":"Feature","properties":{"raion":"Куп'янський","hromada":"Шевченківська","settlement":"Володимирівка"},"geometry":{"type":"Point","coordinates":[37.322463,49.840252]}},{"type":"Feature","properties":{"raion":"Куп'янський","hromada":"Шевченківська","settlement":"Волоська Балаклія"},"geometry":{"type":"Point","coordinates":[37.333547,49.613699]}},{"type":"Feature","properties":{"raion":"Куп'янський","hromada":"Шевченківська","settlement":"Гетьманівка"},"geometry":{"type":"Point","coordinates":[37.106436,49.742743]}},{"type":"Feature","properties":{"raion":"Куп'янський","hromada":"Шевченківська","settlement":"Горожанівка"},"geometry":{"type":"Point","coordinates":[37.199032,49.755689]}},{"type":"Feature","properties":{"raion":"Куп'янський","hromada":"Шевченківська","settlement":"Гроза"},"geometry":{"type":"Point","coordinates":[37.21096,49.668356]}},{"type":"Feature","properties":{"raion":"Куп'янський","hromada":"Шевченківська","settlement":"Дуванка"},"geometry":{"type":"Point","coordinates":[37.42416,49.534275]}},{"type":"Feature","properties":{"raion":"Куп'янський","hromada":"Шевченківська","settlement":"Журавка"},"geometry":{"type":"Point","coordinates":[37.169956,49.789486]}},{"type":"Feature","properties":{"raion":"Куп'янський","hromada":"Шевченківська","settlement":"Зорянське"},"geometry":{"type":"Point","coordinates":[37.180011,49.709778]}},{"type":"Feature","properties":{"raion":"Куп'янський","hromada":"Шевченківська","settlement":"Колісниківка"},"geometry":{"type":"Point","coordinates":[37.193238,49.619897]}},{"type":"Feature","properties":{"raion":"Куп'янський","hromada":"Шевченківська","settlement":"Кравцівка"},"geometry":{"type":"Point","coordinates":[37.327985,49.562618]}},{"type":"Feature","properties":{"raion":"Куп'янський","hromada":"Шевченківська","settlement":"Лелюківка"},"geometry":{"type":"Point","coordinates":[37.133379,49.782896]}},{"type":"Feature","properties":{"raion":"Куп'янський","hromada":"Шевченківська","settlement":"Максимівка"},"geometry":{"type":"Point","coordinates":[37.204399,49.631272]}},{"type":"Feature","properties":{"raion":"Куп'янський","hromada":"Шевченківська","settlement":"Малі Кринки"},"geometry":{"type":"Point","coordinates":[37.05743,49.739435]}},{"type":"Feature","properties":{"raion":"Куп'янський","hromada":"Шевченківська","settlement":"Микільське"},"geometry":{"type":"Point","coordinates":[37.220827,49.786706]}},{"type":"Feature","properties":{"raion":"Куп'янський","hromada":"Шевченківська","settlement":"Миропілля"},"geometry":{"type":"Point","coordinates":[37.196265,49.5635]}},{"type":"Feature","properties":{"raion":"Куп'янський","hromada":"Шевченківська","settlement":"Михайлівка"},"geometry":{"type":"Point","coordinates":[37.331262,49.686977]}},{"type":"Feature","properties":{"raion":"Куп'янський","hromada":"Шевченківська","settlement":"Михайлівка"},"geometry":{"type":"Point","coordinates":[37.266753,49.827016]}},{"type":"Feature","properties":{"raion":"Куп'янський","hromada":"Шевченківська","settlement":"Мостове"},"geometry":{"type":"Point","coordinates":[37.131289,49.741085]}},{"type":"Feature","properties":{"raion":"Куп'янський","hromada":"Шевченківська","settlement":"Нижній Бурлук"},"geometry":{"type":"Point","coordinates":[37.275994,49.841413]}},{"type":"Feature","properties":{"raion":"Куп'янський","hromada":"Шевченківська","settlement":"Новий Лиман"},"geometry":{"type":"Point","coordinates":[37.012083,49.685183]}},{"type":"Feature","properties":{"raion":"Куп'янський","hromada":"Шевченківська","settlement":"Новомиколаївка"},"geometry":{"type":"Point","coordinates":[37.350936,49.75486]}},{"type":"Feature","properties":{"raion":"Куп'янський","hromada":"Шевченківська","settlement":"Новостепанівка"},"geometry":{"type":"Point","coordinates":[37.053782,49.696988]}},{"type":"Feature","properties":{"raion":"Куп'янський","hromada":"Шевченківська","settlement":"Огурцівка"},"geometry":{"type":"Point","coordinates":[37.11791,49.678935]}},{"type":"Feature","properties":{"raion":"Куп'янський","hromada":"Шевченківська","settlement":"Одрадне"},"geometry":{"type":"Point","coordinates":[37.112138,49.757903]}},{"type":"Feature","properties":{"raion":"Куп'янський","hromada":"Шевченківська","settlement":"Олександрівка"},"geometry":{"type":"Point","coordinates":[37.209648,49.655234]}},{"type":"Feature","properties":{"raion":"Куп'янський","hromada":"Шевченківська","settlement":"Олексіївка"},"geometry":{"type":"Point","coordinates":[37.180876,49.611499]}},{"type":"Feature","properties":{"raion":"Куп'янський","hromada":"Шевченківська","settlement":"Первомайське"},"geometry":{"type":"Point","coordinates":[37.252949,49.668137]}},{"type":"Feature","properties":{"raion":"Куп'янський","hromada":"Шевченківська","settlement":"Петропілля"},"geometry":{"type":"Point","coordinates":[37.134222,49.648165]}},{"type":"Feature","properties":{"raion":"Куп'янський","hromada":"Шевченківська","settlement":"Петрівка"},"geometry":{"type":"Point","coordinates":[37.201694,49.739847]}},{"type":"Feature","properties":{"raion":"Куп'янський","hromada":"Шевченківська","settlement":"Полтава"},"geometry":{"type":"Point","coordinates":[37.215793,49.56129]}},{"type":"Feature","properties":{"raion":"Куп'янський","hromada":"Шевченківська","settlement":"Раївка"},"geometry":{"type":"Point","coordinates":[37.227064,49.693926]}},{"type":"Feature","properties":{"raion":"Куп'янський","hromada":"Шевченківська","settlement":"Роздольне"},"geometry":{"type":"Point","coordinates":[37.291575,49.810314]}},{"type":"Feature","properties":{"raion":"Куп'янський","hromada":"Шевченківська","settlement":"Сазонівка"},"geometry":{"type":"Point","coordinates":[37.255356,49.701995]}},{"type":"Feature","properties":{"raion":"Куп'янський","hromada":"Шевченківська","settlement":"Самарське"},"geometry":{"type":"Point","coordinates":[37.179171,49.666546]}},{"type":"Feature","properties":{"raion":"Куп'янський","hromada":"Шевченківська","settlement":"Семенівка"},"geometry":{"type":"Point","coordinates":[37.038579,49.65448]}},{"type":"Feature","properties":{"raion":"Куп'янський","hromada":"Шевченківська","settlement":"Смолівка"},"geometry":{"type":"Point","coordinates":[37.282449,49.826088]}},{"type":"Feature","properties":{"raion":"Куп'янський","hromada":"Шевченківська","settlement":"Сподобівка"},"geometry":{"type":"Point","coordinates":[37.429331,49.551911]}},{"type":"Feature","properties":{"raion":"Куп'янський","hromada":"Шевченківська","settlement":"Ставище"},"geometry":{"type":"Point","coordinates":[37.147863,49.627308]}},{"type":"Feature","properties":{"raion":"Куп'янський","hromada":"Шевченківська","settlement":"Станіславка"},"geometry":{"type":"Point","coordinates":[37.268336,49.570113]}},{"type":"Feature","properties":{"raion":"Куп'янський","hromada":"Шевченківська","settlement":"Старий Чизвик"},"geometry":{"type":"Point","coordinates":[37.20574,49.554032]}},{"type":"Feature","properties":{"raion":"Куп'янський","hromada":"Шевченківська","settlement":"Старовірівка"},"geometry":{"type":"Point","coordinates":[37.422706,49.69049]}},{"type":"Feature","properties":{"raion":"Куп'янський","hromada":"Шевченківська","settlement":"Сумське"},"geometry":{"type":"Point","coordinates":[37.107294,49.654442]}},{"type":"Feature","properties":{"raion":"Куп'янський","hromada":"Шевченківська","settlement":"Тетянівка"},"geometry":{"type":"Point","coordinates":[37.11983,49.722865]}},{"type":"Feature","properties":{"raion":"Куп'янський","hromada":"Шевченківська","settlement":"Троїцьке"},"geometry":{"type":"Point","coordinates":[37.277243,49.682101]}},{"type":"Feature","properties":{"raion":"Куп'янський","hromada":"Шевченківська","settlement":"Федорівка"},"geometry":{"type":"Point","coordinates":[37.46948,49.510824]}},{"type":"Feature","properties":{"raion":"Куп'янський","hromada":"Шевченківська","settlement":"Худоярове"},"geometry":{"type":"Point","coordinates":[37.002188,49.721954]}},{"type":"Feature","properties":{"raion":"Куп'янський","hromada":"Шевченківська","settlement":"Шевченкове"},"geometry":{"type":"Point","coordinates":[37.165052,49.695692]}},{"type":"Feature","properties":{"raion":"Куп'янський","hromada":"Шевченківська","settlement":"Шевченкове"},"geometry":{"type":"Point","coordinates":[37.303401,49.868136]}},{"type":"Feature","properties":{"raion":"Куп'янський","hromada":"Шевченківська","settlement":"Шишківка"},"geometry":{"type":"Point","coordinates":[37.291268,49.870345]}},{"type":"Feature","properties":{"raion":"Лозівський","hromada":"Близнюківська","settlement":"Алісівка"},"geometry":{"type":"Point","coordinates":[36.66986,48.988708]}},{"type":"Feature","properties":{"raion":"Лозівський","hromada":"Близнюківська","settlement":"Андріївка"},"geometry":{"type":"Point","coordinates":[36.315011,48.723616]}},{"type":"Feature","properties":{"raion":"Лозівський","hromada":"Близнюківська","settlement":"Батюшки"},"geometry":{"type":"Point","coordinates":[36.536081,48.868079]}},{"type":"Feature","properties":{"raion":"Лозівський","hromada":"Близнюківська","settlement":"Башилівка"},"geometry":{"type":"Point","coordinates":[36.687078,48.669032]}},{"type":"Feature","properties":{"raion":"Лозівський","hromada":"Близнюківська","settlement":"Безпальцеве"},"geometry":{"type":"Point","coordinates":[36.718571,49.005246]}},{"type":"Feature","properties":{"raion":"Лозівський","hromada":"Близнюківська","settlement":"Берестове"},"geometry":{"type":"Point","coordinates":[36.424139,48.69173]}},{"type":"Feature","properties":{"raion":"Лозівський","hromada":"Близнюківська","settlement":"Берестове"},"geometry":{"type":"Point","coordinates":[36.602558,48.726674]}},{"type":"Feature","properties":{"raion":"Лозівський","hromada":"Близнюківська","settlement":"Близнюки"},"geometry":{"type":"Point","coordinates":[36.551612,48.859324]}},{"type":"Feature","properties":{"raion":"Лозівський","hromada":"Близнюківська","settlement":"Богданівка"},"geometry":{"type":"Point","coordinates":[36.585213,48.953298]}},{"type":"Feature","properties":{"raion":"Лозівський","hromada":"Близнюківська","settlement":"Бубнове Перше"},"geometry":{"type":"Point","coordinates":[36.215122,48.737028]}},{"type":"Feature","properties":{"raion":"Лозівський","hromada":"Близнюківська","settlement":"Бурбулатове"},"geometry":{"type":"Point","coordinates":[36.651442,48.821248]}},{"type":"Feature","properties":{"raion":"Лозівський","hromada":"Близнюківська","settlement":"Валер'яновка"},"geometry":{"type":"Point","coordinates":[36.659165,48.905421]}},{"type":"Feature","properties":{"raion":"Лозівський","hromada":"Близнюківська","settlement":"Варварівка"},"geometry":{"type":"Point","coordinates":[36.580094,48.639348]}},{"type":"Feature","properties":{"raion":"Лозівський","hromada":"Близнюківська","settlement":"Васюкове"},"geometry":{"type":"Point","coordinates":[36.333269,48.769172]}},{"type":"Feature","properties":{"raion":"Лозівський","hromada":"Близнюківська","settlement":"Верхньоводяне"},"geometry":{"type":"Point","coordinates":[36.213439,48.757634]}},{"type":"Feature","properties":{"raion":"Лозівський","hromada":"Близнюківська","settlement":"Верхня Самара"},"geometry":{"type":"Point","coordinates":[36.62783,48.644629]}},{"type":"Feature","properties":{"raion":"Лозівський","hromada":"Близнюківська","settlement":"Верхове"},"geometry":{"type":"Point","coordinates":[36.498688,48.899134]}},{"type":"Feature","properties":{"raion":"Лозівський","hromada":"Близнюківська","settlement":"Веселе"},"geometry":{"type":"Point","coordinates":[36.594874,48.620782]}},{"type":"Feature","properties":{"raion":"Лозівський","hromada":"Близнюківська","settlement":"Вишневе"},"geometry":{"type":"Point","coordinates":[36.40823,48.617167]}},{"type":"Feature","properties":{"raion":"Лозівський","hromada":"Близнюківська","settlement":"Водолазьке"},"geometry":{"type":"Point","coordinates":[36.444508,48.747716]}},{"type":"Feature","properties":{"raion":"Лозівський","hromada":"Близнюківська","settlement":"Водяне"},"geometry":{"type":"Point","coordinates":[36.52081,48.804754]}},{"type":"Feature","properties":{"raion":"Лозівський","hromada":"Близнюківська","settlement":"Водяне"},"geometry":{"type":"Point","coordinates":[36.415236,48.731286]}},{"type":"Feature","properties":{"raion":"Лозівський","hromada":"Близнюківська","settlement":"Вільне Друге"},"geometry":{"type":"Point","coordinates":[36.583366,48.845554]}},{"type":"Feature","properties":{"raion":"Лозівський","hromada":"Близнюківська","settlement":"Вільне Перше"},"geometry":{"type":"Point","coordinates":[36.613145,48.810585]}},{"type":"Feature","properties":{"raion":"Лозівський","hromada":"Близнюківська","settlement":"Ганно-Рудаєве"},"geometry":{"type":"Point","coordinates":[36.480177,48.842615]}},{"type":"Feature","properties":{"raion":"Лозівський","hromada":"Близнюківська","settlement":"Ганнівка"},"geometry":{"type":"Point","coordinates":[36.59407,48.701385]}},{"type":"Feature","properties":{"raion":"Лозівський","hromada":"Близнюківська","settlement":"Григорівка"},"geometry":{"type":"Point","coordinates":[36.305109,48.745613]}},{"type":"Feature","properties":{"raion":"Лозівський","hromada":"Близнюківська","settlement":"Далеке"},"geometry":{"type":"Point","coordinates":[36.333596,48.571868]}},{"type":"Feature","properties":{"raion":"Лозівський","hromada":"Близнюківська","settlement":"Дмитрівка"},"geometry":{"type":"Point","coordinates":[36.299845,48.702584]}},{"type":"Feature","properties":{"raion":"Лозівський","hromada":"Близнюківська","settlement":"Дмитрівка"},"geometry":{"type":"Point","coordinates":[36.470444,48.779981]}},{"type":"Feature","properties":{"raion":"Лозівський","hromada":"Близнюківська","settlement":"Добровілля"},"geometry":{"type":"Point","coordinates":[36.613389,48.690112]}},{"type":"Feature","properties":{"raion":"Лозівський","hromada":"Близнюківська","settlement":"Дубове"},"geometry":{"type":"Point","coordinates":[36.689667,48.870886]}},{"type":"Feature","properties":{"raion":"Лозівський","hromada":"Близнюківська","settlement":"Дунине"},"geometry":{"type":"Point","coordinates":[36.654356,48.865671]}},{"type":"Feature","properties":{"raion":"Лозівський","hromada":"Близнюківська","settlement":"Енергетиків"},"geometry":{"type":"Point","coordinates":[36.684085,48.820471]}},{"type":"Feature","properties":{"raion":"Лозівський","hromada":"Близнюківська","settlement":"Зубове"},"geometry":{"type":"Point","coordinates":[36.382666,48.81549]}},{"type":"Feature","properties":{"raion":"Лозівський","hromada":"Близнюківська","settlement":"Катеринівка"},"geometry":{"type":"Point","coordinates":[36.430148,48.733658]}},{"type":"Feature","properties":{"raion":"Лозівський","hromada":"Близнюківська","settlement":"Квітневе"},"geometry":{"type":"Point","coordinates":[36.39474,48.868669]}},{"type":"Feature","properties":{"raion":"Лозівський","hromada":"Близнюківська","settlement":"Кленове"},"geometry":{"type":"Point","coordinates":[36.255126,48.82934]}},{"type":"Feature","properties":{"raion":"Лозівський","hromada":"Близнюківська","settlement":"Криштопівка"},"geometry":{"type":"Point","coordinates":[36.293631,48.669003]}},{"type":"Feature","properties":{"raion":"Лозівський","hromada":"Близнюківська","settlement":"Ладне"},"geometry":{"type":"Point","coordinates":[36.476175,48.789486]}},{"type":"Feature","properties":{"raion":"Лозівський","hromada":"Близнюківська","settlement":"Лугове"},"geometry":{"type":"Point","coordinates":[36.657518,48.667505]}},{"type":"Feature","properties":{"raion":"Лозівський","hromada":"Близнюківська","settlement":"Лукашівка"},"geometry":{"type":"Point","coordinates":[36.503294,48.77959]}},{"type":"Feature","properties":{"raion":"Лозівський","hromada":"Близнюківська","settlement":"Мар'ївка"},"geometry":{"type":"Point","coordinates":[36.454165,48.83291]}},{"type":"Feature","properties":{"raion":"Лозівський","hromada":"Близнюківська","settlement":"Миколаївка Друга"},"geometry":{"type":"Point","coordinates":[36.273277,48.633754]}},{"type":"Feature","properties":{"raion":"Лозівський","hromada":"Близнюківська","settlement":"Миколаївка Перша"},"geometry":{"type":"Point","coordinates":[36.654256,48.792902]}},{"type":"Feature","properties":{"raion":"Лозівський","hromada":"Близнюківська","settlement":"Микільське"},"geometry":{"type":"Point","coordinates":[36.322659,48.737771]}},{"type":"Feature","properties":{"raion":"Лозівський","hromada":"Близнюківська","settlement":"Милівка"},"geometry":{"type":"Point","coordinates":[36.341588,48.792246]}},{"type":"Feature","properties":{"raion":"Лозівський","hromada":"Близнюківська","settlement":"Мирне"},"geometry":{"type":"Point","coordinates":[36.389856,48.865287]}},{"type":"Feature","properties":{"raion":"Лозівський","hromada":"Близнюківська","settlement":"Миролюбівка"},"geometry":{"type":"Point","coordinates":[36.518962,48.839654]}},{"type":"Feature","properties":{"raion":"Лозівський","hromada":"Близнюківська","settlement":"Морокине"},"geometry":{"type":"Point","coordinates":[36.639396,48.942298]}},{"type":"Feature","properties":{"raion":"Лозівський","hromada":"Близнюківська","settlement":"Надеждине"},"geometry":{"type":"Point","coordinates":[36.556306,48.910332]}},{"type":"Feature","properties":{"raion":"Лозівський","hromada":"Близнюківська","settlement":"Настасівка"},"geometry":{"type":"Point","coordinates":[36.528839,48.914055]}},{"type":"Feature","properties":{"raion":"Лозівський","hromada":"Близнюківська","settlement":"Новомар'ївка"},"geometry":{"type":"Point","coordinates":[36.439309,48.829512]}},{"type":"Feature","properties":{"raion":"Лозівський","hromada":"Близнюківська","settlement":"Новомиколаївка"},"geometry":{"type":"Point","coordinates":[36.506871,48.721903]}},{"type":"Feature","properties":{"raion":"Лозівський","hromada":"Близнюківська","settlement":"Новонадеждине"},"geometry":{"type":"Point","coordinates":[36.597189,48.929656]}},{"type":"Feature","properties":{"raion":"Лозівський","hromada":"Близнюківська","settlement":"Новоолександрівка"},"geometry":{"type":"Point","coordinates":[36.193192,48.800107]}},{"type":"Feature","properties":{"raion":"Лозівський","hromada":"Близнюківська","settlement":"Новопавлівка"},"geometry":{"type":"Point","coordinates":[36.226094,48.74174]}},{"type":"Feature","properties":{"raion":"Лозівський","hromada":"Близнюківська","settlement":"Новопокровка"},"geometry":{"type":"Point","coordinates":[36.724686,48.649267]}},{"type":"Feature","properties":{"raion":"Лозівський","hromada":"Близнюківська","settlement":"Новоселівка"},"geometry":{"type":"Point","coordinates":[36.389145,48.699521]}},{"type":"Feature","properties":{"raion":"Лозівський","hromada":"Близнюківська","settlement":"Новоселівка"},"geometry":{"type":"Point","coordinates":[36.438487,48.835187]}},{"type":"Feature","properties":{"raion":"Лозівський","hromada":"Близнюківська","settlement":"Новотроїцьке"},"geometry":{"type":"Point","coordinates":[36.59005,48.972853]}},{"type":"Feature","properties":{"raion":"Лозівський","hromada":"Близнюківська","settlement":"Новоукраїнка"},"geometry":{"type":"Point","coordinates":[36.514997,48.69636]}},{"type":"Feature","properties":{"raion":"Лозівський","hromada":"Близнюківська","settlement":"Новоуплатне"},"geometry":{"type":"Point","coordinates":[36.263057,48.795998]}},{"type":"Feature","properties":{"raion":"Лозівський","hromada":"Близнюківська","settlement":"Новоіванівка"},"geometry":{"type":"Point","coordinates":[36.671066,48.683939]}},{"type":"Feature","properties":{"raion":"Лозівський","hromada":"Близнюківська","settlement":"Одинецьке"},"geometry":{"type":"Point","coordinates":[36.58836,48.725126]}},{"type":"Feature","properties":{"raion":"Лозівський","hromada":"Близнюківська","settlement":"Олександрівка"},"geometry":{"type":"Point","coordinates":[36.646412,48.761537]}},{"type":"Feature","properties":{"raion":"Лозівський","hromada":"Близнюківська","settlement":"Олексіївка"},"geometry":{"type":"Point","coordinates":[36.32345,48.756408]}},{"type":"Feature","properties":{"raion":"Лозівський","hromada":"Близнюківська","settlement":"Остерське"},"geometry":{"type":"Point","coordinates":[36.476289,48.705851]}},{"type":"Feature","properties":{"raion":"Лозівський","hromada":"Близнюківська","settlement":"Острівщина"},"geometry":{"type":"Point","coordinates":[36.636083,48.872067]}},{"type":"Feature","properties":{"raion":"Лозівський","hromada":"Близнюківська","settlement":"Павлівка"},"geometry":{"type":"Point","coordinates":[36.599162,48.657344]}},{"type":"Feature","properties":{"raion":"Лозівський","hromada":"Близнюківська","settlement":"Плахтіївка"},"geometry":{"type":"Point","coordinates":[36.685119,48.919503]}},{"type":"Feature","properties":{"raion":"Лозівський","hromada":"Близнюківська","settlement":"Преображенівка"},"geometry":{"type":"Point","coordinates":[36.353331,48.648908]}},{"type":"Feature","properties":{"raion":"Лозівський","hromada":"Близнюківська","settlement":"Привілля"},"geometry":{"type":"Point","coordinates":[36.594102,48.984242]}},{"type":"Feature","properties":{"raion":"Лозівський","hromada":"Близнюківська","settlement":"Рижове"},"geometry":{"type":"Point","coordinates":[36.710504,48.942542]}},{"type":"Feature","properties":{"raion":"Лозівський","hromada":"Близнюківська","settlement":"Роздолівка"},"geometry":{"type":"Point","coordinates":[36.378704,48.806984]}},{"type":"Feature","properties":{"raion":"Лозівський","hromada":"Близнюківська","settlement":"Рудаєве"},"geometry":{"type":"Point","coordinates":[36.462314,48.83869]}},{"type":"Feature","properties":{"raion":"Лозівський","hromada":"Близнюківська","settlement":"Рясне"},"geometry":{"type":"Point","coordinates":[36.701947,48.72957]}},{"type":"Feature","properties":{"raion":"Лозівський","hromada":"Близнюківська","settlement":"Садове"},"geometry":{"type":"Point","coordinates":[36.5745,48.83784]}},{"type":"Feature","properties":{"raion":"Лозівський","hromada":"Близнюківська","settlement":"Самійлівка"},"geometry":{"type":"Point","coordinates":[36.283227,48.704909]}},{"type":"Feature","properties":{"raion":"Лозівський","hromada":"Близнюківська","settlement":"Самійлівка"},"geometry":{"type":"Point","coordinates":[36.226852,48.767799]}},{"type":"Feature","properties":{"raion":"Лозівський","hromada":"Близнюківська","settlement":"Семенівка"},"geometry":{"type":"Point","coordinates":[36.776407,48.905753]}},{"type":"Feature","properties":{"raion":"Лозівський","hromada":"Близнюківська","settlement":"Серафимівка"},"geometry":{"type":"Point","coordinates":[36.618664,48.884016]}},{"type":"Feature","properties":{"raion":"Лозівський","hromada":"Близнюківська","settlement":"Сергієва Балка"},"geometry":{"type":"Point","coordinates":[36.564454,48.759305]}},{"type":"Feature","properties":{"raion":"Лозівський","hromada":"Близнюківська","settlement":"Слобожанське"},"geometry":{"type":"Point","coordinates":[36.376569,48.870152]}},{"type":"Feature","properties":{"raion":"Лозівський","hromada":"Близнюківська","settlement":"Софіївка"},"geometry":{"type":"Point","coordinates":[36.698508,48.691843]}},{"type":"Feature","properties":{"raion":"Лозівський","hromada":"Близнюківська","settlement":"Софіївка Перша"},"geometry":{"type":"Point","coordinates":[36.417573,48.828418]}},{"type":"Feature","properties":{"raion":"Лозівський","hromada":"Близнюківська","settlement":"Степове"},"geometry":{"type":"Point","coordinates":[36.522671,48.747013]}},{"type":"Feature","properties":{"raion":"Лозівський","hromada":"Близнюківська","settlement":"Тимофіївка"},"geometry":{"type":"Point","coordinates":[36.385475,48.669187]}},{"type":"Feature","properties":{"raion":"Лозівський","hromada":"Близнюківська","settlement":"Уплатне"},"geometry":{"type":"Point","coordinates":[36.320994,48.786712]}},{"type":"Feature","properties":{"raion":"Лозівський","hromada":"Близнюківська","settlement":"Федорівка"},"geometry":{"type":"Point","coordinates":[36.606235,48.675012]}},{"type":"Feature","properties":{"raion":"Лозівський","hromada":"Близнюківська","settlement":"Холодне"},"geometry":{"type":"Point","coordinates":[36.48521,48.676674]}},{"type":"Feature","properties":{"raion":"Лозівський","hromada":"Близнюківська","settlement":"Червоне"},"geometry":{"type":"Point","coordinates":[36.703786,48.678417]}},{"type":"Feature","properties":{"raion":"Лозівський","hromada":"Близнюківська","settlement":"Шевченкове Друге"},"geometry":{"type":"Point","coordinates":[36.342455,48.851373]}},{"type":"Feature","properties":{"raion":"Лозівський","hromada":"Близнюківська","settlement":"Шевченкове Перше"},"geometry":{"type":"Point","coordinates":[36.448138,48.861051]}},{"type":"Feature","properties":{"raion":"Лозівський","hromada":"Близнюківська","settlement":"Широке"},"geometry":{"type":"Point","coordinates":[36.222874,48.707232]}},{"type":"Feature","properties":{"raion":"Лозівський","hromada":"Близнюківська","settlement":"Якимівка"},"geometry":{"type":"Point","coordinates":[36.482013,48.922084]}},{"type":"Feature","properties":{"raion":"Лозівський","hromada":"Близнюківська","settlement":"Яковівка"},"geometry":{"type":"Point","coordinates":[36.589228,48.72046]}},{"type":"Feature","properties":{"raion":"Лозівський","hromada":"Біляївська","settlement":"Булацелівка"},"geometry":{"type":"Point","coordinates":[36.344029,49.32959]}},{"type":"Feature","properties":{"raion":"Лозівський","hromada":"Біляївська","settlement":"Біляївка"},"geometry":{"type":"Point","coordinates":[36.309176,49.267205]}},{"type":"Feature","properties":{"raion":"Лозівський","hromada":"Біляївська","settlement":"Верхня Орілька"},"geometry":{"type":"Point","coordinates":[36.040306,49.314286]}},{"type":"Feature","properties":{"raion":"Лозівський","hromada":"Біляївська","settlement":"Веселе"},"geometry":{"type":"Point","coordinates":[36.294399,49.253433]}},{"type":"Feature","properties":{"raion":"Лозівський","hromada":"Біляївська","settlement":"Дмитрівка"},"geometry":{"type":"Point","coordinates":[36.04954,49.381694]}},{"type":"Feature","properties":{"raion":"Лозівський","hromada":"Біляївська","settlement":"Задорожнє"},"geometry":{"type":"Point","coordinates":[36.139744,49.409654]}},{"type":"Feature","properties":{"raion":"Лозівський","hromada":"Біляївська","settlement":"Закутнівка"},"geometry":{"type":"Point","coordinates":[36.239854,49.223983]}},{"type":"Feature","properties":{"raion":"Лозівський","hromada":"Біляївська","settlement":"Зеленівка"},"geometry":{"type":"Point","coordinates":[36.320303,49.345765]}},{"type":"Feature","properties":{"raion":"Лозівський","hromada":"Біляївська","settlement":"Красне"},"geometry":{"type":"Point","coordinates":[36.14,49.404208]}},{"type":"Feature","properties":{"raion":"Лозівський","hromada":"Біляївська","settlement":"Краснопавлівське"},"geometry":{"type":"Point","coordinates":[36.313386,49.205724]}},{"type":"Feature","properties":{"raion":"Лозівський","hromada":"Біляївська","settlement":"Крюкове"},"geometry":{"type":"Point","coordinates":[36.37739,49.231184]}},{"type":"Feature","properties":{"raion":"Лозівський","hromada":"Біляївська","settlement":"Кіптівка"},"geometry":{"type":"Point","coordinates":[36.181339,49.244238]}},{"type":"Feature","properties":{"raion":"Лозівський","hromada":"Біляївська","settlement":"Мар'ївка"},"geometry":{"type":"Point","coordinates":[36.066725,49.387916]}},{"type":"Feature","properties":{"raion":"Лозівський","hromada":"Біляївська","settlement":"Миронівка"},"geometry":{"type":"Point","coordinates":[36.135613,49.276097]}},{"type":"Feature","properties":{"raion":"Лозівський","hromada":"Біляївська","settlement":"Нова Семенівка"},"geometry":{"type":"Point","coordinates":[36.074826,49.42798]}},{"type":"Feature","properties":{"raion":"Лозівський","hromada":"Біляївська","settlement":"Нове"},"geometry":{"type":"Point","coordinates":[36.140397,49.439773]}},{"type":"Feature","properties":{"raion":"Лозівський","hromada":"Біляївська","settlement":"Новоєгорівка"},"geometry":{"type":"Point","coordinates":[36.178195,49.19833]}},{"type":"Feature","properties":{"raion":"Лозівський","hromada":"Біляївська","settlement":"Паризьке"},"geometry":{"type":"Point","coordinates":[36.271093,49.326837]}},{"type":"Feature","properties":{"raion":"Лозівський","hromada":"Біляївська","settlement":"Петрівка"},"geometry":{"type":"Point","coordinates":[36.31989,49.265615]}},{"type":"Feature","properties":{"raion":"Лозівський","hromada":"Біляївська","settlement":"Побєда"},"geometry":{"type":"Point","coordinates":[36.299032,49.299645]}},{"type":"Feature","properties":{"raion":"Лозівський","hromada":"Біляївська","settlement":"Роздолля"},"geometry":{"type":"Point","coordinates":[36.341577,49.197743]}},{"type":"Feature","properties":{"raion":"Лозівський","hromada":"Біляївська","settlement":"Суданка"},"geometry":{"type":"Point","coordinates":[36.336696,49.285477]}},{"type":"Feature","properties":{"raion":"Лозівський","hromada":"Біляївська","settlement":"Тимченки"},"geometry":{"type":"Point","coordinates":[36.141417,49.224394]}},{"type":"Feature","properties":{"raion":"Лозівський","hromada":"Біляївська","settlement":"Червоне"},"geometry":{"type":"Point","coordinates":[36.128432,49.413862]}},{"type":"Feature","properties":{"raion":"Лозівський","hromada":"Біляївська","settlement":"Шульське"},"geometry":{"type":"Point","coordinates":[36.314597,49.165394]}},{"type":"Feature","properties":{"raion":"Лозівський","hromada":"Лозівська","settlement":"Єлизаветівка"},"geometry":{"type":"Point","coordinates":[36.387173,49.172478]}},{"type":"Feature","properties":{"raion":"Лозівський","hromada":"Лозівська","settlement":"Іванівка"},"geometry":{"type":"Point","coordinates":[36.48272,49.034317]}},{"type":"Feature","properties":{"raion":"Лозівський","hromada":"Лозівська","settlement":"Артільне"},"geometry":{"type":"Point","coordinates":[36.152191,49.056163]}},{"type":"Feature","properties":{"raion":"Лозівський","hromada":"Лозівська","settlement":"Бакшарівка"},"geometry":{"type":"Point","coordinates":[36.599389,49.18584]}},{"type":"Feature","properties":{"raion":"Лозівський","hromada":"Лозівська","settlement":"Барабашівка"},"geometry":{"type":"Point","coordinates":[36.236157,49.026766]}},{"type":"Feature","properties":{"raion":"Лозівський","hromada":"Лозівська","settlement":"Благодатне"},"geometry":{"type":"Point","coordinates":[36.583854,49.079973]}},{"type":"Feature","properties":{"raion":"Лозівський","hromada":"Лозівська","settlement":"Богомолівка"},"geometry":{"type":"Point","coordinates":[36.553683,49.084884]}},{"type":"Feature","properties":{"raion":"Лозівський","hromada":"Лозівська","settlement":"Братолюбівка"},"geometry":{"type":"Point","coordinates":[36.43415,48.936776]}},{"type":"Feature","properties":{"raion":"Лозівський","hromada":"Лозівська","settlement":"Браїлівка"},"geometry":{"type":"Point","coordinates":[36.346938,49.124787]}},{"type":"Feature","properties":{"raion":"Лозівський","hromada":"Лозівська","settlement":"Бритай"},"geometry":{"type":"Point","coordinates":[36.494742,49.054116]}},{"type":"Feature","properties":{"raion":"Лозівський","hromada":"Лозівська","settlement":"Бунакове"},"geometry":{"type":"Point","coordinates":[36.539749,49.221816]}},{"type":"Feature","properties":{"raion":"Лозівський","hromada":"Лозівська","settlement":"Веселе"},"geometry":{"type":"Point","coordinates":[36.388903,48.967916]}},{"type":"Feature","properties":{"raion":"Лозівський","hromada":"Лозівська","settlement":"Веселе"},"geometry":{"type":"Point","coordinates":[36.247578,49.08947]}},{"type":"Feature","properties":{"raion":"Лозівський","hromada":"Лозівська","settlement":"Водолага"},"geometry":{"type":"Point","coordinates":[36.287166,49.040949]}},{"type":"Feature","properties":{"raion":"Лозівський","hromada":"Лозівська","settlement":"Вільне"},"geometry":{"type":"Point","coordinates":[36.330998,48.980227]}},{"type":"Feature","properties":{"raion":"Лозівський","hromada":"Лозівська","settlement":"Герсеванівка"},"geometry":{"type":"Point","coordinates":[36.336075,49.03095]}},{"type":"Feature","properties":{"raion":"Лозівський","hromada":"Лозівська","settlement":"Герсеванівське"},"geometry":{"type":"Point","coordinates":[36.376851,48.905386]}},{"type":"Feature","properties":{"raion":"Лозівський","hromada":"Лозівська","settlement":"Городнє"},"geometry":{"type":"Point","coordinates":[36.514754,48.975271]}},{"type":"Feature","properties":{"raion":"Лозівський","hromada":"Лозівська","settlement":"Горохівка"},"geometry":{"type":"Point","coordinates":[36.498312,49.217428]}},{"type":"Feature","properties":{"raion":"Лозівський","hromada":"Лозівська","settlement":"Григоросове"},"geometry":{"type":"Point","coordinates":[36.159652,49.013798]}},{"type":"Feature","properties":{"raion":"Лозівський","hromada":"Лозівська","settlement":"Дивізійне"},"geometry":{"type":"Point","coordinates":[36.261151,49.042935]}},{"type":"Feature","properties":{"raion":"Лозівський","hromada":"Лозівська","settlement":"Довгове"},"geometry":{"type":"Point","coordinates":[36.414614,48.958455]}},{"type":"Feature","properties":{"raion":"Лозівський","hromada":"Лозівська","settlement":"Домаха"},"geometry":{"type":"Point","coordinates":[36.302682,48.858699]}},{"type":"Feature","properties":{"raion":"Лозівський","hromada":"Лозівська","settlement":"Запарівка"},"geometry":{"type":"Point","coordinates":[35.956968,48.993048]}},{"type":"Feature","properties":{"raion":"Лозівський","hromada":"Лозівська","settlement":"Запорізьке"},"geometry":{"type":"Point","coordinates":[36.257177,48.961113]}},{"type":"Feature","properties":{"raion":"Лозівський","hromada":"Лозівська","settlement":"Захарівське"},"geometry":{"type":"Point","coordinates":[36.123518,48.951152]}},{"type":"Feature","properties":{"raion":"Лозівський","hromada":"Лозівська","settlement":"Зелений Гай"},"geometry":{"type":"Point","coordinates":[36.605967,49.168723]}},{"type":"Feature","properties":{"raion":"Лозівський","hromada":"Лозівська","settlement":"Катеринівка"},"geometry":{"type":"Point","coordinates":[36.307885,48.921275]}},{"type":"Feature","properties":{"raion":"Лозівський","hromada":"Лозівська","settlement":"Копані"},"geometry":{"type":"Point","coordinates":[36.061312,48.898864]}},{"type":"Feature","properties":{"raion":"Лозівський","hromada":"Лозівська","settlement":"Краснопавлівка"},"geometry":{"type":"Point","coordinates":[36.31861,49.135528]}},{"type":"Feature","properties":{"raion":"Лозівський","hromada":"Лозівська","settlement":"Кінне"},"geometry":{"type":"Point","coordinates":[36.559691,49.018408]}},{"type":"Feature","properties":{"raion":"Лозівський","hromada":"Лозівська","settlement":"Лагідне"},"geometry":{"type":"Point","coordinates":[36.578563,49.039268]}},{"type":"Feature","properties":{"raion":"Лозівський","hromada":"Лозівська","settlement":"Лиман"},"geometry":{"type":"Point","coordinates":[36.600318,49.000395]}},{"type":"Feature","properties":{"raion":"Лозівський","hromada":"Лозівська","settlement":"Литовщина"},"geometry":{"type":"Point","coordinates":[36.141545,48.809029]}},{"type":"Feature","properties":{"raion":"Лозівський","hromada":"Лозівська","settlement":"Лозова"},"geometry":{"type":"Point","coordinates":[36.315288,48.88655]}},{"type":"Feature","properties":{"raion":"Лозівський","hromada":"Лозівська","settlement":"Лісівське"},"geometry":{"type":"Point","coordinates":[36.349359,48.897852]}},{"type":"Feature","properties":{"raion":"Лозівський","hromada":"Лозівська","settlement":"Мальцівське"},"geometry":{"type":"Point","coordinates":[36.183314,48.839869]}},{"type":"Feature","properties":{"raion":"Лозівський","hromada":"Лозівська","settlement":"Мар'ївка"},"geometry":{"type":"Point","coordinates":[36.071429,48.816914]}},{"type":"Feature","properties":{"raion":"Лозівський","hromada":"Лозівська","settlement":"Миколаївка"},"geometry":{"type":"Point","coordinates":[36.456529,49.021275]}},{"type":"Feature","properties":{"raion":"Лозівський","hromada":"Лозівська","settlement":"Миколаївка"},"geometry":{"type":"Point","coordinates":[36.19472,49.044076]}},{"type":"Feature","properties":{"raion":"Лозівський","hromada":"Лозівська","settlement":"Миколаївка"},"geometry":{"type":"Point","coordinates":[36.081598,48.847744]}},{"type":"Feature","properties":{"raion":"Лозівський","hromada":"Лозівська","settlement":"Мирне"},"geometry":{"type":"Point","coordinates":[36.212485,48.990624]}},{"type":"Feature","properties":{"raion":"Лозівський","hromada":"Лозівська","settlement":"Миролюбівка"},"geometry":{"type":"Point","coordinates":[36.515281,49.167257]}},{"type":"Feature","properties":{"raion":"Лозівський","hromada":"Лозівська","settlement":"Миролюбівка"},"geometry":{"type":"Point","coordinates":[36.154606,48.96486]}},{"type":"Feature","properties":{"raion":"Лозівський","hromada":"Лозівська","settlement":"Миронівка"},"geometry":{"type":"Point","coordinates":[36.266616,49.130936]}},{"type":"Feature","properties":{"raion":"Лозівський","hromada":"Лозівська","settlement":"Михайлівка"},"geometry":{"type":"Point","coordinates":[36.412199,48.937811]}},{"type":"Feature","properties":{"raion":"Лозівський","hromada":"Лозівська","settlement":"Надеждине"},"geometry":{"type":"Point","coordinates":[36.207826,49.07333]}},{"type":"Feature","properties":{"raion":"Лозівський","hromada":"Лозівська","settlement":"Надеждівка"},"geometry":{"type":"Point","coordinates":[36.566568,49.09438]}},{"type":"Feature","properties":{"raion":"Лозівський","hromada":"Лозівська","settlement":"Нестеліївка"},"geometry":{"type":"Point","coordinates":[36.246828,48.863263]}},{"type":"Feature","properties":{"raion":"Лозівський","hromada":"Лозівська","settlement":"Нижня Краснопавлівка"},"geometry":{"type":"Point","coordinates":[36.293441,49.142267]}},{"type":"Feature","properties":{"raion":"Лозівський","hromada":"Лозівська","settlement":"Нова Іванівка"},"geometry":{"type":"Point","coordinates":[36.219946,48.884189]}},{"type":"Feature","properties":{"raion":"Лозівський","hromada":"Лозівська","settlement":"Нова Мечебилівка"},"geometry":{"type":"Point","coordinates":[36.637633,49.008391]}},{"type":"Feature","properties":{"raion":"Лозівський","hromada":"Лозівська","settlement":"Нове"},"geometry":{"type":"Point","coordinates":[36.216705,48.915535]}},{"type":"Feature","properties":{"raion":"Лозівський","hromada":"Лозівська","settlement":"Новоселівка"},"geometry":{"type":"Point","coordinates":[36.59449,49.216336]}},{"type":"Feature","properties":{"raion":"Лозівський","hromada":"Лозівська","settlement":"Оддихне"},"geometry":{"type":"Point","coordinates":[36.310047,49.062464]}},{"type":"Feature","properties":{"raion":"Лозівський","hromada":"Лозівська","settlement":"Олександрівка"},"geometry":{"type":"Point","coordinates":[36.472052,49.015243]}},{"type":"Feature","properties":{"raion":"Лозівський","hromada":"Лозівська","settlement":"Олексіївка"},"geometry":{"type":"Point","coordinates":[36.123186,48.864482]}},{"type":"Feature","properties":{"raion":"Лозівський","hromada":"Лозівська","settlement":"Орілька"},"geometry":{"type":"Point","coordinates":[36.012992,48.974603]}},{"type":"Feature","properties":{"raion":"Лозівський","hromada":"Лозівська","settlement":"Павлівка Друга"},"geometry":{"type":"Point","coordinates":[36.587929,49.195917]}},{"type":"Feature","properties":{"raion":"Лозівський","hromada":"Лозівська","settlement":"Панютине"},"geometry":{"type":"Point","coordinates":[36.277708,48.934934]}},{"type":"Feature","properties":{"raion":"Лозівський","hromada":"Лозівська","settlement":"Перемога"},"geometry":{"type":"Point","coordinates":[36.358587,49.042444]}},{"type":"Feature","properties":{"raion":"Лозівський","hromada":"Лозівська","settlement":"Петропілля"},"geometry":{"type":"Point","coordinates":[36.074941,48.935837]}},{"type":"Feature","properties":{"raion":"Лозівський","hromada":"Лозівська","settlement":"Плисове"},"geometry":{"type":"Point","coordinates":[36.187349,49.153753]}},{"type":"Feature","properties":{"raion":"Лозівський","hromada":"Лозівська","settlement":"Поди"},"geometry":{"type":"Point","coordinates":[36.041141,48.904966]}},{"type":"Feature","properties":{"raion":"Лозівський","hromada":"Лозівська","settlement":"Полтавське"},"geometry":{"type":"Point","coordinates":[36.253186,49.012908]}},{"type":"Feature","properties":{"raion":"Лозівський","hromada":"Лозівська","settlement":"Привілля"},"geometry":{"type":"Point","coordinates":[36.594028,49.134957]}},{"type":"Feature","properties":{"raion":"Лозівський","hromada":"Лозівська","settlement":"Роздори"},"geometry":{"type":"Point","coordinates":[36.364807,49.020771]}},{"type":"Feature","properties":{"raion":"Лозівський","hromada":"Лозівська","settlement":"Рубіжне"},"geometry":{"type":"Point","coordinates":[36.284451,49.032814]}},{"type":"Feature","properties":{"raion":"Лозівський","hromada":"Лозівська","settlement":"Різдвянка"},"geometry":{"type":"Point","coordinates":[36.515424,49.066383]}},{"type":"Feature","properties":{"raion":"Лозівський","hromada":"Лозівська","settlement":"Садове"},"geometry":{"type":"Point","coordinates":[36.520146,49.055513]}},{"type":"Feature","properties":{"raion":"Лозівський","hromada":"Лозівська","settlement":"Святушине"},"geometry":{"type":"Point","coordinates":[36.56104,49.196217]}},{"type":"Feature","properties":{"raion":"Лозівський","hromada":"Лозівська","settlement":"Світловщина"},"geometry":{"type":"Point","coordinates":[36.34197,48.954158]}},{"type":"Feature","properties":{"raion":"Лозівський","hromada":"Лозівська","settlement":"Сергіївка"},"geometry":{"type":"Point","coordinates":[36.279389,49.107205]}},{"type":"Feature","properties":{"raion":"Лозівський","hromada":"Лозівська","settlement":"Смирнівка"},"geometry":{"type":"Point","coordinates":[36.418207,48.984198]}},{"type":"Feature","properties":{"raion":"Лозівський","hromada":"Лозівська","settlement":"Степанівка"},"geometry":{"type":"Point","coordinates":[36.270236,49.099472]}},{"type":"Feature","properties":{"raion":"Лозівський","hromada":"Лозівська","settlement":"Степове"},"geometry":{"type":"Point","coordinates":[36.123826,48.917594]}},{"type":"Feature","properties":{"raion":"Лозівський","hromada":"Лозівська","settlement":"Страсне"},"geometry":{"type":"Point","coordinates":[36.176705,48.911678]}},{"type":"Feature","properties":{"raion":"Лозівський","hromada":"Лозівська","settlement":"Тихопілля"},"geometry":{"type":"Point","coordinates":[36.612499,49.080736]}},{"type":"Feature","properties":{"raion":"Лозівський","hromada":"Лозівська","settlement":"Українське"},"geometry":{"type":"Point","coordinates":[36.265757,48.895173]}},{"type":"Feature","properties":{"raion":"Лозівський","hromada":"Лозівська","settlement":"Українське"},"geometry":{"type":"Point","coordinates":[36.07494,48.998141]}},{"type":"Feature","properties":{"raion":"Лозівський","hromada":"Лозівська","settlement":"Федорівка"},"geometry":{"type":"Point","coordinates":[36.140462,48.998309]}},{"type":"Feature","properties":{"raion":"Лозівський","hromada":"Лозівська","settlement":"Федорівка"},"geometry":{"type":"Point","coordinates":[36.580328,49.179814]}},{"type":"Feature","properties":{"raion":"Лозівський","hromada":"Лозівська","settlement":"Хижняківка"},"geometry":{"type":"Point","coordinates":[35.987482,48.989708]}},{"type":"Feature","properties":{"raion":"Лозівський","hromada":"Лозівська","settlement":"Хлібне"},"geometry":{"type":"Point","coordinates":[36.276191,48.9234]}},{"type":"Feature","properties":{"raion":"Лозівський","hromada":"Лозівська","settlement":"Царедарівка"},"geometry":{"type":"Point","coordinates":[36.226408,48.939207]}},{"type":"Feature","properties":{"raion":"Лозівський","hromada":"Лозівська","settlement":"Червоний Кут"},"geometry":{"type":"Point","coordinates":[36.37988,49.042458]}},{"type":"Feature","properties":{"raion":"Лозівський","hromada":"Лозівська","settlement":"Чернігівське"},"geometry":{"type":"Point","coordinates":[36.295036,48.989185]}},{"type":"Feature","properties":{"raion":"Лозівський","hromada":"Лозівська","settlement":"Шатівка"},"geometry":{"type":"Point","coordinates":[36.467945,48.98936]}},{"type":"Feature","properties":{"raion":"Лозівський","hromada":"Лозівська","settlement":"Шугаївка"},"geometry":{"type":"Point","coordinates":[36.050109,48.971929]}},{"type":"Feature","properties":{"raion":"Лозівський","hromada":"Лозівська","settlement":"Яблучне"},"geometry":{"type":"Point","coordinates":[36.106883,48.96929]}},{"type":"Feature","properties":{"raion":"Лозівський","hromada":"Лозівська","settlement":"Яковлівка"},"geometry":{"type":"Point","coordinates":[36.292415,49.07106]}},{"type":"Feature","properties":{"raion":"Лозівський","hromada":"Олексіївська","settlement":"Єфремівка"},"geometry":{"type":"Point","coordinates":[36.052099,49.44903]}},{"type":"Feature","properties":{"raion":"Лозівський","hromada":"Олексіївська","settlement":"Берека"},"geometry":{"type":"Point","coordinates":[36.192974,49.471331]}},{"type":"Feature","properties":{"raion":"Лозівський","hromada":"Олексіївська","settlement":"Берестки"},"geometry":{"type":"Point","coordinates":[36.48252,49.349777]}},{"type":"Feature","properties":{"raion":"Лозівський","hromada":"Олексіївська","settlement":"Верхній Бишкин"},"geometry":{"type":"Point","coordinates":[36.314495,49.485067]}},{"type":"Feature","properties":{"raion":"Лозівський","hromada":"Олексіївська","settlement":"Кам'янка"},"geometry":{"type":"Point","coordinates":[36.419675,49.399089]}},{"type":"Feature","properties":{"raion":"Лозівський","hromada":"Олексіївська","settlement":"Картамиш"},"geometry":{"type":"Point","coordinates":[36.536059,49.275154]}},{"type":"Feature","properties":{"raion":"Лозівський","hromada":"Олексіївська","settlement":"Киселі"},"geometry":{"type":"Point","coordinates":[36.43636,49.424797]}},{"type":"Feature","properties":{"raion":"Лозівський","hromada":"Олексіївська","settlement":"Красиве"},"geometry":{"type":"Point","coordinates":[36.477063,49.279964]}},{"type":"Feature","properties":{"raion":"Лозівський","hromada":"Олексіївська","settlement":"Крутоярка"},"geometry":{"type":"Point","coordinates":[36.586293,49.290496]}},{"type":"Feature","properties":{"raion":"Лозівський","hromada":"Олексіївська","settlement":"Лозівське"},"geometry":{"type":"Point","coordinates":[36.556628,49.222709]}},{"type":"Feature","properties":{"raion":"Лозівський","hromada":"Олексіївська","settlement":"Максимівка"},"geometry":{"type":"Point","coordinates":[36.378626,49.3115]}},{"type":"Feature","properties":{"raion":"Лозівський","hromada":"Олексіївська","settlement":"Миколаївка"},"geometry":{"type":"Point","coordinates":[36.494025,49.272747]}},{"type":"Feature","properties":{"raion":"Лозівський","hromada":"Олексіївська","settlement":"Михайлівка"},"geometry":{"type":"Point","coordinates":[36.467847,49.312537]}},{"type":"Feature","properties":{"raion":"Лозівський","hromada":"Олексіївська","settlement":"Новоберецьке"},"geometry":{"type":"Point","coordinates":[36.173489,49.526328]}},{"type":"Feature","properties":{"raion":"Лозівський","hromada":"Олексіївська","settlement":"Одрадове"},"geometry":{"type":"Point","coordinates":[36.425654,49.302623]}},{"type":"Feature","properties":{"raion":"Лозівський","hromada":"Олексіївська","settlement":"Олексіївка"},"geometry":{"type":"Point","coordinates":[36.277032,49.398388]}},{"type":"Feature","properties":{"raion":"Лозівський","hromada":"Олексіївська","settlement":"Перерізнівка"},"geometry":{"type":"Point","coordinates":[36.391593,49.39445]}},{"type":"Feature","properties":{"raion":"Лозівський","hromada":"Олексіївська","settlement":"Рокитне"},"geometry":{"type":"Point","coordinates":[36.481974,49.265718]}},{"type":"Feature","properties":{"raion":"Лозівський","hromada":"Олексіївська","settlement":"Семенівка"},"geometry":{"type":"Point","coordinates":[36.035302,49.445921]}},{"type":"Feature","properties":{"raion":"Лозівський","hromada":"Олексіївська","settlement":"Слобідське"},"geometry":{"type":"Point","coordinates":[36.391858,49.353478]}},{"type":"Feature","properties":{"raion":"Лозівський","hromada":"Олексіївська","settlement":"Степове"},"geometry":{"type":"Point","coordinates":[36.551415,49.234767]}},{"type":"Feature","properties":{"raion":"Лозівський","hromada":"Олексіївська","settlement":"Сумці"},"geometry":{"type":"Point","coordinates":[36.480357,49.372843]}},{"type":"Feature","properties":{"raion":"Лозівський","hromada":"Олексіївська","settlement":"Троїцьке"},"geometry":{"type":"Point","coordinates":[36.111922,49.478389]}},{"type":"Feature","properties":{"raion":"Лозівський","hromada":"Олексіївська","settlement":"Трійчате"},"geometry":{"type":"Point","coordinates":[36.141705,49.476891]}},{"type":"Feature","properties":{"raion":"Лозівський","hromada":"Олексіївська","settlement":"Шевченкове"},"geometry":{"type":"Point","coordinates":[36.382523,49.317854]}},{"type":"Feature","properties":{"raion":"Лозівський","hromada":"Первомайська","settlement":"Високе"},"geometry":{"type":"Point","coordinates":[36.198303,49.411312]}},{"type":"Feature","properties":{"raion":"Лозівський","hromada":"Первомайська","settlement":"Грушине"},"geometry":{"type":"Point","coordinates":[36.148094,49.363431]}},{"type":"Feature","properties":{"raion":"Лозівський","hromada":"Первомайська","settlement":"Калинівка"},"geometry":{"type":"Point","coordinates":[36.175778,49.412279]}},{"type":"Feature","properties":{"raion":"Лозівський","hromada":"Первомайська","settlement":"Караченців"},"geometry":{"type":"Point","coordinates":[36.132678,49.385095]}},{"type":"Feature","properties":{"raion":"Лозівський","hromada":"Первомайська","settlement":"Кашпурівка"},"geometry":{"type":"Point","coordinates":[36.179074,49.332817]}},{"type":"Feature","properties":{"raion":"Лозівський","hromada":"Первомайська","settlement":"Маслівка"},"geometry":{"type":"Point","coordinates":[36.170916,49.380636]}},{"type":"Feature","properties":{"raion":"Лозівський","hromada":"Первомайська","settlement":"Первомайський"},"geometry":{"type":"Point","coordinates":[36.207879,49.393995]}},{"type":"Feature","properties":{"raion":"Лозівський","hromada":"Первомайська","settlement":"Радомислівка"},"geometry":{"type":"Point","coordinates":[36.278302,49.288106]}},{"type":"Feature","properties":{"raion":"Лозівський","hromada":"Первомайська","settlement":"Ржавчик"},"geometry":{"type":"Point","coordinates":[36.201938,49.304224]}},{"type":"Feature","properties":{"raion":"Харківський","hromada":"Безлюдівська","settlement":"Безлюдівка"},"geometry":{"type":"Point","coordinates":[36.279851,49.874025]}},{"type":"Feature","properties":{"raion":"Харківський","hromada":"Безлюдівська","settlement":"Васищеве"},"geometry":{"type":"Point","coordinates":[36.326033,49.829722]}},{"type":"Feature","properties":{"raion":"Харківський","hromada":"Безлюдівська","settlement":"Кирсанове"},"geometry":{"type":"Point","coordinates":[36.394811,49.807435]}},{"type":"Feature","properties":{"raion":"Харківський","hromada":"Безлюдівська","settlement":"Котляри"},"geometry":{"type":"Point","coordinates":[36.295302,49.906647]}},{"type":"Feature","properties":{"raion":"Харківський","hromada":"Безлюдівська","settlement":"Лизогубівка"},"geometry":{"type":"Point","coordinates":[36.385335,49.812523]}},{"type":"Feature","properties":{"raion":"Харківський","hromada":"Безлюдівська","settlement":"Мовчани"},"geometry":{"type":"Point","coordinates":[36.293205,49.915249]}},{"type":"Feature","properties":{"raion":"Харківський","hromada":"Безлюдівська","settlement":"Подольох"},"geometry":{"type":"Point","coordinates":[36.352508,49.833882]}},{"type":"Feature","properties":{"raion":"Харківський","hromada":"Безлюдівська","settlement":"Темнівка"},"geometry":{"type":"Point","coordinates":[36.356109,49.797131]}},{"type":"Feature","properties":{"raion":"Харківський","hromada":"Безлюдівська","settlement":"Хмарівка"},"geometry":{"type":"Point","coordinates":[36.411819,49.80426]}},{"type":"Feature","properties":{"raion":"Харківський","hromada":"Безлюдівська","settlement":"Хорошеве"},"geometry":{"type":"Point","coordinates":[36.221426,49.849014]}},{"type":"Feature","properties":{"raion":"Харківський","hromada":"Безлюдівська","settlement":"Шубіне"},"geometry":{"type":"Point","coordinates":[36.370302,49.799105]}},{"type":"Feature","properties":{"raion":"Харківський","hromada":"Височанська","settlement":"Бабаї"},"geometry":{"type":"Point","coordinates":[36.189036,49.89844]}},{"type":"Feature","properties":{"raion":"Харківський","hromada":"Височанська","settlement":"Високий"},"geometry":{"type":"Point","coordinates":[36.126535,49.891192]}},{"type":"Feature","properties":{"raion":"Харківський","hromada":"Височанська","settlement":"Затишне"},"geometry":{"type":"Point","coordinates":[36.189219,49.883025]}},{"type":"Feature","properties":{"raion":"Харківський","hromada":"Височанська","settlement":"Нова Березівка"},"geometry":{"type":"Point","coordinates":[36.104944,49.891094]}},{"type":"Feature","properties":{"raion":"Харківський","hromada":"Височанська","settlement":"Покотилівка"},"geometry":{"type":"Point","coordinates":[36.166937,49.911265]}},{"type":"Feature","properties":{"raion":"Харківський","hromada":"Височанська","settlement":"Ржавець"},"geometry":{"type":"Point","coordinates":[36.141985,49.858473]}},{"type":"Feature","properties":{"raion":"Харківський","hromada":"Вільхівська","settlement":"Байрак"},"geometry":{"type":"Point","coordinates":[36.438295,50.042935]}},{"type":"Feature","properties":{"raion":"Харківський","hromada":"Вільхівська","settlement":"Благодатне"},"geometry":{"type":"Point","coordinates":[36.453355,49.97628]}},{"type":"Feature","properties":{"raion":"Харківський","hromada":"Вільхівська","settlement":"Бобрівка"},"geometry":{"type":"Point","coordinates":[36.39677,50.046235]}},{"type":"Feature","properties":{"raion":"Харківський","hromada":"Вільхівська","settlement":"Бражники"},"geometry":{"type":"Point","coordinates":[36.405189,49.993439]}},{"type":"Feature","properties":{"raion":"Харківський","hromada":"Вільхівська","settlement":"Бісквітне"},"geometry":{"type":"Point","coordinates":[36.50347,49.943803]}},{"type":"Feature","properties":{"raion":"Харківський","hromada":"Вільхівська","settlement":"Верхня Роганка"},"geometry":{"type":"Point","coordinates":[36.557041,50.030953]}},{"type":"Feature","properties":{"raion":"Харківський","hromada":"Вільхівська","settlement":"Вільхівка"},"geometry":{"type":"Point","coordinates":[36.511727,49.989834]}},{"type":"Feature","properties":{"raion":"Харківський","hromada":"Вільхівська","settlement":"Елітне"},"geometry":{"type":"Point","coordinates":[36.453437,49.993205]}},{"type":"Feature","properties":{"raion":"Харківський","hromada":"Вільхівська","settlement":"Затишшя"},"geometry":{"type":"Point","coordinates":[36.419286,49.955201]}},{"type":"Feature","properties":{"raion":"Харківський","hromada":"Вільхівська","settlement":"Заїки"},"geometry":{"type":"Point","coordinates":[36.408109,49.971211]}},{"type":"Feature","properties":{"raion":"Харківський","hromada":"Вільхівська","settlement":"Зернове"},"geometry":{"type":"Point","coordinates":[36.436695,49.988161]}},{"type":"Feature","properties":{"raion":"Харківський","hromada":"Вільхівська","settlement":"Коропи"},"geometry":{"type":"Point","coordinates":[36.506063,49.958835]}},{"type":"Feature","properties":{"raion":"Харківський","hromada":"Вільхівська","settlement":"Кулиничі"},"geometry":{"type":"Point","coordinates":[36.383531,49.98408]}},{"type":"Feature","properties":{"raion":"Харківський","hromada":"Вільхівська","settlement":"Кутузівка"},"geometry":{"type":"Point","coordinates":[36.47014,50.043574]}},{"type":"Feature","properties":{"raion":"Харківський","hromada":"Вільхівська","settlement":"Мала Рогань"},"geometry":{"type":"Point","coordinates":[36.489966,49.935621]}},{"type":"Feature","properties":{"raion":"Харківський","hromada":"Вільхівська","settlement":"Момотове"},"geometry":{"type":"Point","coordinates":[36.450587,50.05888]}},{"type":"Feature","properties":{"raion":"Харківський","hromada":"Вільхівська","settlement":"Перемога"},"geometry":{"type":"Point","coordinates":[36.369533,49.983176]}},{"type":"Feature","properties":{"raion":"Харківський","hromada":"Вільхівська","settlement":"Прелесне"},"geometry":{"type":"Point","coordinates":[36.455011,50.025132]}},{"type":"Feature","properties":{"raion":"Харківський","hromada":"Вільхівська","settlement":"Слобідське"},"geometry":{"type":"Point","coordinates":[36.448778,50.018211]}},{"type":"Feature","properties":{"raion":"Харківський","hromada":"Вільхівська","settlement":"Сороківка"},"geometry":{"type":"Point","coordinates":[36.581043,50.011438]}},{"type":"Feature","properties":{"raion":"Харківський","hromada":"Вільхівська","settlement":"Степанки"},"geometry":{"type":"Point","coordinates":[36.512852,49.976637]}},{"type":"Feature","properties":{"raion":"Харківський","hromada":"Дергачівська","settlement":"Ємці"},"geometry":{"type":"Point","coordinates":[36.118414,50.152225]}},{"type":"Feature","properties":{"raion":"Харківський","hromada":"Дергачівська","settlement":"Алісівка"},"geometry":{"type":"Point","coordinates":[36.297622,50.272567]}},{"type":"Feature","properties":{"raion":"Харківський","hromada":"Дергачівська","settlement":"Безруки"},"geometry":{"type":"Point","coordinates":[36.117381,50.170092]}},{"type":"Feature","properties":{"raion":"Харківський","hromada":"Дергачівська","settlement":"Болибоки"},"geometry":{"type":"Point","coordinates":[36.0742,50.156141]}},{"type":"Feature","properties":{"raion":"Харківський","hromada":"Дергачівська","settlement":"Бугаївка"},"geometry":{"type":"Point","coordinates":[36.246771,50.288366]}},{"type":"Feature","properties":{"raion":"Харківський","hromada":"Дергачівська","settlement":"Білаші"},"geometry":{"type":"Point","coordinates":[36.142315,50.142775]}},{"type":"Feature","properties":{"raion":"Харківський","hromada":"Дергачівська","settlement":"Великі Проходи"},"geometry":{"type":"Point","coordinates":[36.326078,50.200224]}},{"type":"Feature","properties":{"raion":"Харківський","hromada":"Дергачівська","settlement":"Ветеринарне"},"geometry":{"type":"Point","coordinates":[36.190314,50.391812]}},{"type":"Feature","properties":{"raion":"Харківський","hromada":"Дергачівська","settlement":"Висока Яруга"},"geometry":{"type":"Point","coordinates":[36.31991,50.272735]}},{"type":"Feature","properties":{"raion":"Харківський","hromada":"Дергачівська","settlement":"Гоптівка"},"geometry":{"type":"Point","coordinates":[36.261873,50.283498]}},{"type":"Feature","properties":{"raion":"Харківський","hromada":"Дергачівська","settlement":"Гранів"},"geometry":{"type":"Point","coordinates":[36.224616,50.364596]}},{"type":"Feature","properties":{"raion":"Харківський","hromada":"Дергачівська","settlement":"Дементіївка"},"geometry":{"type":"Point","coordinates":[36.233577,50.233573]}},{"type":"Feature","properties":{"raion":"Харківський","hromada":"Дергачівська","settlement":"Дергачі"},"geometry":{"type":"Point","coordinates":[36.112246,50.112781]}},{"type":"Feature","properties":{"raion":"Харківський","hromada":"Дергачівська","settlement":"Дубівка"},"geometry":{"type":"Point","coordinates":[36.20803,50.276077]}},{"type":"Feature","properties":{"raion":"Харківський","hromada":"Дергачівська","settlement":"Замірці"},"geometry":{"type":"Point","coordinates":[36.060751,50.13681]}},{"type":"Feature","properties":{"raion":"Харківський","hromada":"Дергачівська","settlement":"Козача Лопань"},"geometry":{"type":"Point","coordinates":[36.189667,50.335925]}},{"type":"Feature","properties":{"raion":"Харківський","hromada":"Дергачівська","settlement":"Кочубеївка"},"geometry":{"type":"Point","coordinates":[36.239489,50.265134]}},{"type":"Feature","properties":{"raion":"Харківський","hromada":"Дергачівська","settlement":"Кудіївка"},"geometry":{"type":"Point","coordinates":[36.266681,50.292584]}},{"type":"Feature","properties":{"raion":"Харківський","hromada":"Дергачівська","settlement":"Лещенки"},"geometry":{"type":"Point","coordinates":[36.14338,50.173528]}},{"type":"Feature","properties":{"raion":"Харківський","hromada":"Дергачівська","settlement":"Лобанівка"},"geometry":{"type":"Point","coordinates":[36.184582,50.267937]}},{"type":"Feature","properties":{"raion":"Харківський","hromada":"Дергачівська","settlement":"Малі Проходи"},"geometry":{"type":"Point","coordinates":[36.336276,50.227319]}},{"type":"Feature","properties":{"raion":"Харківський","hromada":"Дергачівська","settlement":"Маслії"},"geometry":{"type":"Point","coordinates":[36.054618,50.163109]}},{"type":"Feature","properties":{"raion":"Харківський","hromada":"Дергачівська","settlement":"Мищенки"},"geometry":{"type":"Point","coordinates":[36.046477,50.15234]}},{"type":"Feature","properties":{"raion":"Харківський","hromada":"Дергачівська","settlement":"Нова Козача"},"geometry":{"type":"Point","coordinates":[36.171166,50.302079]}},{"type":"Feature","properties":{"raion":"Харківський","hromada":"Дергачівська","settlement":"Нове"},"geometry":{"type":"Point","coordinates":[36.240423,50.187455]}},{"type":"Feature","properties":{"raion":"Харківський","hromada":"Дергачівська","settlement":"Питомник"},"geometry":{"type":"Point","coordinates":[36.262859,50.173434]}},{"type":"Feature","properties":{"raion":"Харківський","hromada":"Дергачівська","settlement":"Прудянка"},"geometry":{"type":"Point","coordinates":[36.17499,50.244032]}},{"type":"Feature","properties":{"raion":"Харківський","hromada":"Дергачівська","settlement":"Руська Лозова"},"geometry":{"type":"Point","coordinates":[36.277894,50.141545]}},{"type":"Feature","properties":{"raion":"Харківський","hromada":"Дергачівська","settlement":"Семенівка"},"geometry":{"type":"Point","coordinates":[36.066106,50.081242]}},{"type":"Feature","properties":{"raion":"Харківський","hromada":"Дергачівська","settlement":"Слатине"},"geometry":{"type":"Point","coordinates":[36.151343,50.21093]}},{"type":"Feature","properties":{"raion":"Харківський","hromada":"Дергачівська","settlement":"Солоний Яр"},"geometry":{"type":"Point","coordinates":[36.105444,50.20269]}},{"type":"Feature","properties":{"raion":"Харківський","hromada":"Дергачівська","settlement":"Токарівка"},"geometry":{"type":"Point","coordinates":[36.23701,50.281402]}},{"type":"Feature","properties":{"raion":"Харківський","hromada":"Дергачівська","settlement":"Токарівка Друга"},"geometry":{"type":"Point","coordinates":[36.206521,50.269283]}},{"type":"Feature","properties":{"raion":"Харківський","hromada":"Дергачівська","settlement":"Цупівка"},"geometry":{"type":"Point","coordinates":[36.171294,50.270643]}},{"type":"Feature","properties":{"raion":"Харківський","hromada":"Дергачівська","settlement":"Шаповалівка"},"geometry":{"type":"Point","coordinates":[36.145491,50.24391]}},{"type":"Feature","properties":{"raion":"Харківський","hromada":"Дергачівська","settlement":"Шевченка"},"geometry":{"type":"Point","coordinates":[36.213244,50.364533]}},{"type":"Feature","properties":{"raion":"Харківський","hromada":"Дергачівська","settlement":"Шовкопляси"},"geometry":{"type":"Point","coordinates":[36.104353,50.158593]}},{"type":"Feature","properties":{"raion":"Харківський","hromada":"Дергачівська","settlement":"Шопине"},"geometry":{"type":"Point","coordinates":[36.258464,50.262635]}},{"type":"Feature","properties":{"raion":"Харківський","hromada":"Липецька","settlement":"Борисівка"},"geometry":{"type":"Point","coordinates":[36.557908,50.277957]}},{"type":"Feature","properties":{"raion":"Харківський","hromada":"Липецька","settlement":"Борщова"},"geometry":{"type":"Point","coordinates":[36.416021,50.164231]}},{"type":"Feature","properties":{"raion":"Харківський","hromada":"Липецька","settlement":"Веселе"},"geometry":{"type":"Point","coordinates":[36.53797,50.164972]}},{"type":"Feature","properties":{"raion":"Харківський","hromada":"Липецька","settlement":"Глибоке"},"geometry":{"type":"Point","coordinates":[36.424119,50.256179]}},{"type":"Feature","properties":{"raion":"Харківський","hromada":"Липецька","settlement":"Зелене"},"geometry":{"type":"Point","coordinates":[36.588392,50.223107]}},{"type":"Feature","properties":{"raion":"Харківський","hromada":"Липецька","settlement":"Красне"},"geometry":{"type":"Point","coordinates":[36.462496,50.28263]}},{"type":"Feature","properties":{"raion":"Харківський","hromada":"Липецька","settlement":"Липці"},"geometry":{"type":"Point","coordinates":[36.428949,50.206069]}},{"type":"Feature","properties":{"raion":"Харківський","hromada":"Липецька","settlement":"Лук'янці"},"geometry":{"type":"Point","coordinates":[36.504714,50.245613]}},{"type":"Feature","properties":{"raion":"Харківський","hromada":"Липецька","settlement":"Мале Веселе"},"geometry":{"type":"Point","coordinates":[36.541802,50.146659]}},{"type":"Feature","properties":{"raion":"Харківський","hromada":"Липецька","settlement":"Мороховець"},"geometry":{"type":"Point","coordinates":[36.473774,50.273339]}},{"type":"Feature","properties":{"raion":"Харківський","hromada":"Липецька","settlement":"Нескучне"},"geometry":{"type":"Point","coordinates":[36.571585,50.20634]}},{"type":"Feature","properties":{"raion":"Харківський","hromada":"Липецька","settlement":"Олійникове"},"geometry":{"type":"Point","coordinates":[36.48384,50.268195]}},{"type":"Feature","properties":{"raion":"Харківський","hromada":"Липецька","settlement":"Перемога"},"geometry":{"type":"Point","coordinates":[36.665253,50.116024]}},{"type":"Feature","properties":{"raion":"Харківський","hromada":"Липецька","settlement":"Пильна"},"geometry":{"type":"Point","coordinates":[36.519116,50.289164]}},{"type":"Feature","properties":{"raion":"Харківський","hromada":"Липецька","settlement":"Слобожанське"},"geometry":{"type":"Point","coordinates":[36.423347,50.185892]}},{"type":"Feature","properties":{"raion":"Харківський","hromada":"Липецька","settlement":"Стрілеча"},"geometry":{"type":"Point","coordinates":[36.404777,50.302232]}},{"type":"Feature","properties":{"raion":"Харківський","hromada":"Липецька","settlement":"Тернова"},"geometry":{"type":"Point","coordinates":[36.667854,50.191161]}},{"type":"Feature","properties":{"raion":"Харківський","hromada":"Люботинська","settlement":"Байрак"},"geometry":{"type":"Point","coordinates":[35.885479,49.894646]}},{"type":"Feature","properties":{"raion":"Харківський","hromada":"Люботинська","settlement":"Барчани"},"geometry":{"type":"Point","coordinates":[35.853866,49.945092]}},{"type":"Feature","properties":{"raion":"Харківський","hromada":"Люботинська","settlement":"Горіхове"},"geometry":{"type":"Point","coordinates":[35.85564,49.998953]}},{"type":"Feature","properties":{"raion":"Харківський","hromada":"Люботинська","settlement":"Гурине"},"geometry":{"type":"Point","coordinates":[35.812407,49.993562]}},{"type":"Feature","properties":{"raion":"Харківський","hromada":"Люботинська","settlement":"Караван"},"geometry":{"type":"Point","coordinates":[35.869297,49.92009]}},{"type":"Feature","properties":{"raion":"Харківський","hromada":"Люботинська","settlement":"Коваленки"},"geometry":{"type":"Point","coordinates":[35.884014,49.955907]}},{"type":"Feature","properties":{"raion":"Харківський","hromada":"Люботинська","settlement":"Люботин"},"geometry":{"type":"Point","coordinates":[35.954149,49.941963]}},{"type":"Feature","properties":{"raion":"Харківський","hromada":"Люботинська","settlement":"Манченки"},"geometry":{"type":"Point","coordinates":[35.848521,49.978056]}},{"type":"Feature","properties":{"raion":"Харківський","hromada":"Люботинська","settlement":"Мищенки"},"geometry":{"type":"Point","coordinates":[35.864479,49.987231]}},{"type":"Feature","properties":{"raion":"Харківський","hromada":"Люботинська","settlement":"Нестеренки"},"geometry":{"type":"Point","coordinates":[35.882953,49.970053]}},{"type":"Feature","properties":{"raion":"Харківський","hromada":"Люботинська","settlement":"Санжари"},"geometry":{"type":"Point","coordinates":[35.844325,49.965603]}},{"type":"Feature","properties":{"raion":"Харківський","hromada":"Люботинська","settlement":"Смородське"},"geometry":{"type":"Point","coordinates":[35.941072,49.995958]}},{"type":"Feature","properties":{"raion":"Харківський","hromada":"Люботинська","settlement":"Спартаси"},"geometry":{"type":"Point","coordinates":[35.816925,49.942024]}},{"type":"Feature","properties":{"raion":"Харківський","hromada":"Люботинська","settlement":"Травневе"},"geometry":{"type":"Point","coordinates":[35.815992,49.951614]}},{"type":"Feature","properties":{"raion":"Харківський","hromada":"Люботинська","settlement":"Ударне"},"geometry":{"type":"Point","coordinates":[35.839768,49.995485]}},{"type":"Feature","properties":{"raion":"Харківський","hromada":"Малоданилівська","settlement":"Зайченки"},"geometry":{"type":"Point","coordinates":[36.138494,50.056606]}},{"type":"Feature","properties":{"raion":"Харківський","hromada":"Малоданилівська","settlement":"Караван"},"geometry":{"type":"Point","coordinates":[36.124229,50.063168]}},{"type":"Feature","properties":{"raion":"Харківський","hromada":"Малоданилівська","settlement":"Лужок"},"geometry":{"type":"Point","coordinates":[36.119177,50.081503]}},{"type":"Feature","properties":{"raion":"Харківський","hromada":"Малоданилівська","settlement":"Лісне"},"geometry":{"type":"Point","coordinates":[36.274686,50.10931]}},{"type":"Feature","properties":{"raion":"Харківський","hromada":"Малоданилівська","settlement":"Мала Данилівка"},"geometry":{"type":"Point","coordinates":[36.167451,50.074893]}},{"type":"Feature","properties":{"raion":"Харківський","hromada":"Малоданилівська","settlement":"Чайківка"},"geometry":{"type":"Point","coordinates":[36.191389,50.079853]}},{"type":"Feature","properties":{"raion":"Харківський","hromada":"Малоданилівська","settlement":"Черкаська Лозова"},"geometry":{"type":"Point","coordinates":[36.218142,50.095141]}},{"type":"Feature","properties":{"raion":"Харківський","hromada":"Мереф'янська","settlement":"Верхня Озеряна"},"geometry":{"type":"Point","coordinates":[36.002112,49.836637]}},{"type":"Feature","properties":{"raion":"Харківський","hromada":"Мереф'янська","settlement":"Кринички"},"geometry":{"type":"Point","coordinates":[35.972695,49.768456]}},{"type":"Feature","properties":{"raion":"Харківський","hromada":"Мереф'янська","settlement":"Лелюки"},"geometry":{"type":"Point","coordinates":[36.022315,49.760186]}},{"type":"Feature","properties":{"raion":"Харківський","hromada":"Мереф'янська","settlement":"Мерефа"},"geometry":{"type":"Point","coordinates":[36.059235,49.809996]}},{"type":"Feature","properties":{"raion":"Харківський","hromada":"Мереф'янська","settlement":"Нижня Озеряна"},"geometry":{"type":"Point","coordinates":[36.013536,49.815191]}},{"type":"Feature","properties":{"raion":"Харківський","hromada":"Мереф'янська","settlement":"Олександрівка"},"geometry":{"type":"Point","coordinates":[36.119402,49.814923]}},{"type":"Feature","properties":{"raion":"Харківський","hromada":"Мереф'янська","settlement":"Селекційне"},"geometry":{"type":"Point","coordinates":[36.024543,49.778233]}},{"type":"Feature","properties":{"raion":"Харківський","hromada":"Мереф'янська","settlement":"Утківка"},"geometry":{"type":"Point","coordinates":[36.016629,49.793723]}},{"type":"Feature","properties":{"raion":"Харківський","hromada":"Мереф'янська","settlement":"Яковлівка"},"geometry":{"type":"Point","coordinates":[36.140662,49.829904]}},{"type":"Feature","properties":{"raion":"Харківський","hromada":"Нововодолазька","settlement":"Бахметівка"},"geometry":{"type":"Point","coordinates":[35.837479,49.800537]}},{"type":"Feature","properties":{"raion":"Харківський","hromada":"Нововодолазька","settlement":"Бражники"},"geometry":{"type":"Point","coordinates":[35.877438,49.652379]}},{"type":"Feature","properties":{"raion":"Харківський","hromada":"Нововодолазька","settlement":"Брідок"},"geometry":{"type":"Point","coordinates":[35.717192,49.818472]}},{"type":"Feature","properties":{"raion":"Харківський","hromada":"Нововодолазька","settlement":"Бірки"},"geometry":{"type":"Point","coordinates":[36.054965,49.684344]}},{"type":"Feature","properties":{"raion":"Харківський","hromada":"Нововодолазька","settlement":"Василівське"},"geometry":{"type":"Point","coordinates":[35.979709,49.651802]}},{"type":"Feature","properties":{"raion":"Харківський","hromada":"Нововодолазька","settlement":"Ватутіне"},"geometry":{"type":"Point","coordinates":[35.965433,49.778083]}},{"type":"Feature","properties":{"raion":"Харківський","hromada":"Нововодолазька","settlement":"Вільхуватка"},"geometry":{"type":"Point","coordinates":[35.935158,49.76597]}},{"type":"Feature","properties":{"raion":"Харківський","hromada":"Нововодолазька","settlement":"Головнівка"},"geometry":{"type":"Point","coordinates":[35.859906,49.63359]}},{"type":"Feature","properties":{"raion":"Харківський","hromada":"Нововодолазька","settlement":"Гуляй Поле"},"geometry":{"type":"Point","coordinates":[36.021328,49.627496]}},{"type":"Feature","properties":{"raion":"Харківський","hromada":"Нововодолазька","settlement":"Дерегівка"},"geometry":{"type":"Point","coordinates":[35.770053,49.636034]}},{"type":"Feature","properties":{"raion":"Харківський","hromada":"Нововодолазька","settlement":"Знам'янка"},"geometry":{"type":"Point","coordinates":[35.749848,49.757118]}},{"type":"Feature","properties":{"raion":"Харківський","hromada":"Нововодолазька","settlement":"Ключеводське"},"geometry":{"type":"Point","coordinates":[36.007268,49.679068]}},{"type":"Feature","properties":{"raion":"Харківський","hromada":"Нововодолазька","settlement":"Княжне"},"geometry":{"type":"Point","coordinates":[35.930186,49.634579]}},{"type":"Feature","properties":{"raion":"Харківський","hromada":"Нововодолазька","settlement":"Круглянка"},"geometry":{"type":"Point","coordinates":[35.742006,49.804859]}},{"type":"Feature","properties":{"raion":"Харківський","hromada":"Нововодолазька","settlement":"Кут"},"geometry":{"type":"Point","coordinates":[35.88569,49.875947]}},{"type":"Feature","properties":{"raion":"Харківський","hromada":"Нововодолазька","settlement":"Липкуватівка"},"geometry":{"type":"Point","coordinates":[35.99368,49.718907]}},{"type":"Feature","properties":{"raion":"Харківський","hromada":"Нововодолазька","settlement":"Лихове"},"geometry":{"type":"Point","coordinates":[35.749903,49.656177]}},{"type":"Feature","properties":{"raion":"Харківський","hromada":"Нововодолазька","settlement":"Мануйлове"},"geometry":{"type":"Point","coordinates":[35.692598,49.763697]}},{"type":"Feature","properties":{"raion":"Харківський","hromada":"Нововодолазька","settlement":"Мокра Рокитна"},"geometry":{"type":"Point","coordinates":[35.900128,49.841712]}},{"type":"Feature","properties":{"raion":"Харківський","hromada":"Нововодолазька","settlement":"Моськівка"},"geometry":{"type":"Point","coordinates":[35.883577,49.627703]}},{"type":"Feature","properties":{"raion":"Харківський","hromada":"Нововодолазька","settlement":"Низівка"},"geometry":{"type":"Point","coordinates":[35.847127,49.640325]}},{"type":"Feature","properties":{"raion":"Харківський","hromada":"Нововодолазька","settlement":"Нова Водолага"},"geometry":{"type":"Point","coordinates":[35.865993,49.718587]}},{"type":"Feature","properties":{"raion":"Харківський","hromada":"Нововодолазька","settlement":"Нова Мерефа"},"geometry":{"type":"Point","coordinates":[35.983276,49.726888]}},{"type":"Feature","properties":{"raion":"Харківський","hromada":"Нововодолазька","settlement":"Новопросянське"},"geometry":{"type":"Point","coordinates":[35.806263,49.732621]}},{"type":"Feature","properties":{"raion":"Харківський","hromada":"Нововодолазька","settlement":"Новоселівка"},"geometry":{"type":"Point","coordinates":[35.847664,49.6676]}},{"type":"Feature","properties":{"raion":"Харківський","hromada":"Нововодолазька","settlement":"Одринка"},"geometry":{"type":"Point","coordinates":[35.875956,49.832148]}},{"type":"Feature","properties":{"raion":"Харківський","hromada":"Нововодолазька","settlement":"Ордівка"},"geometry":{"type":"Point","coordinates":[35.95579,49.713542]}},{"type":"Feature","properties":{"raion":"Харківський","hromada":"Нововодолазька","settlement":"Павлівка"},"geometry":{"type":"Point","coordinates":[35.87545,49.787131]}},{"type":"Feature","properties":{"raion":"Харківський","hromada":"Нововодолазька","settlement":"Пластунівка"},"geometry":{"type":"Point","coordinates":[35.833455,49.856616]}},{"type":"Feature","properties":{"raion":"Харківський","hromada":"Нововодолазька","settlement":"Просяне"},"geometry":{"type":"Point","coordinates":[35.785733,49.712025]}},{"type":"Feature","properties":{"raion":"Харківський","hromada":"Нововодолазька","settlement":"Рокитне"},"geometry":{"type":"Point","coordinates":[35.959351,49.809212]}},{"type":"Feature","properties":{"raion":"Харківський","hromada":"Нововодолазька","settlement":"Сосонівка"},"geometry":{"type":"Point","coordinates":[35.886977,49.637031]}},{"type":"Feature","properties":{"raion":"Харківський","hromada":"Нововодолазька","settlement":"Стара Водолага"},"geometry":{"type":"Point","coordinates":[35.836936,49.787463]}},{"type":"Feature","properties":{"raion":"Харківський","hromada":"Нововодолазька","settlement":"Стулепівка"},"geometry":{"type":"Point","coordinates":[35.856613,49.612985]}},{"type":"Feature","properties":{"raion":"Харківський","hromada":"Нововодолазька","settlement":"Федорівка"},"geometry":{"type":"Point","coordinates":[35.764215,49.802076]}},{"type":"Feature","properties":{"raion":"Харківський","hromada":"Нововодолазька","settlement":"Щебетуни"},"geometry":{"type":"Point","coordinates":[35.938975,49.746656]}},{"type":"Feature","properties":{"raion":"Харківський","hromada":"Південноміська","settlement":"Бистре"},"geometry":{"type":"Point","coordinates":[35.951354,49.879683]}},{"type":"Feature","properties":{"raion":"Харківський","hromada":"Південноміська","settlement":"Буди"},"geometry":{"type":"Point","coordinates":[36.016158,49.8983]}},{"type":"Feature","properties":{"raion":"Харківський","hromada":"Південноміська","settlement":"Бідряги"},"geometry":{"type":"Point","coordinates":[35.984518,49.877372]}},{"type":"Feature","properties":{"raion":"Харківський","hromada":"Південноміська","settlement":"Першотравневе"},"geometry":{"type":"Point","coordinates":[36.089816,49.859813]}},{"type":"Feature","properties":{"raion":"Харківський","hromada":"Південноміська","settlement":"Південне"},"geometry":{"type":"Point","coordinates":[36.069767,49.883757]}},{"type":"Feature","properties":{"raion":"Харківський","hromada":"Пісочинська","settlement":"Березівка"},"geometry":{"type":"Point","coordinates":[36.064708,49.903039]}},{"type":"Feature","properties":{"raion":"Харківський","hromada":"Пісочинська","settlement":"Коротич"},"geometry":{"type":"Point","coordinates":[36.035779,49.950151]}},{"type":"Feature","properties":{"raion":"Харківський","hromada":"Пісочинська","settlement":"Надточії"},"geometry":{"type":"Point","coordinates":[36.081221,49.970789]}},{"type":"Feature","properties":{"raion":"Харківський","hromada":"Пісочинська","settlement":"Новий Коротич"},"geometry":{"type":"Point","coordinates":[36.009122,49.958315]}},{"type":"Feature","properties":{"raion":"Харківський","hromada":"Пісочинська","settlement":"Олешки"},"geometry":{"type":"Point","coordinates":[36.094794,49.934762]}},{"type":"Feature","properties":{"raion":"Харківський","hromada":"Пісочинська","settlement":"Пісочин"},"geometry":{"type":"Point","coordinates":[36.098227,49.954756]}},{"type":"Feature","properties":{"raion":"Харківський","hromada":"Пісочинська","settlement":"Рай-Оленівка"},"geometry":{"type":"Point","coordinates":[36.064173,49.93927]}},{"type":"Feature","properties":{"raion":"Харківський","hromada":"Пісочинська","settlement":"Стара Московка"},"geometry":{"type":"Point","coordinates":[35.987573,49.921494]}},{"type":"Feature","properties":{"raion":"Харківський","hromada":"Роганська","settlement":"Борове"},"geometry":{"type":"Point","coordinates":[36.350795,49.900825]}},{"type":"Feature","properties":{"raion":"Харківський","hromada":"Роганська","settlement":"Докучаєвське"},"geometry":{"type":"Point","coordinates":[36.448226,49.891724]}},{"type":"Feature","properties":{"raion":"Харківський","hromada":"Роганська","settlement":"Лелюки"},"geometry":{"type":"Point","coordinates":[36.370827,49.907609]}},{"type":"Feature","properties":{"raion":"Харківський","hromada":"Роганська","settlement":"Логачівка"},"geometry":{"type":"Point","coordinates":[36.35926,49.919689]}},{"type":"Feature","properties":{"raion":"Харківський","hromada":"Роганська","settlement":"Пономаренки"},"geometry":{"type":"Point","coordinates":[36.351792,49.910465]}},{"type":"Feature","properties":{"raion":"Харківський","hromada":"Роганська","settlement":"Рогань"},"geometry":{"type":"Point","coordinates":[36.494907,49.9035]}},{"type":"Feature","properties":{"raion":"Харківський","hromada":"Роганська","settlement":"Хроли"},"geometry":{"type":"Point","coordinates":[36.367883,49.90189]}},{"type":"Feature","properties":{"raion":"Харківський","hromada":"Солоницівська","settlement":"Безруків"},"geometry":{"type":"Point","coordinates":[35.824806,50.02082]}},{"type":"Feature","properties":{"raion":"Харківський","hromada":"Солоницівська","settlement":"Березівське"},"geometry":{"type":"Point","coordinates":[35.951432,50.003186]}},{"type":"Feature","properties":{"raion":"Харківський","hromada":"Солоницівська","settlement":"В'язове"},"geometry":{"type":"Point","coordinates":[35.87462,50.010781]}},{"type":"Feature","properties":{"raion":"Харківський","hromada":"Солоницівська","settlement":"Вільшани"},"geometry":{"type":"Point","coordinates":[35.881675,50.053281]}},{"type":"Feature","properties":{"raion":"Харківський","hromada":"Солоницівська","settlement":"Григорівка"},"geometry":{"type":"Point","coordinates":[35.93374,50.070188]}},{"type":"Feature","properties":{"raion":"Харківський","hromada":"Солоницівська","settlement":"Гуківка"},"geometry":{"type":"Point","coordinates":[35.84306,50.038702]}},{"type":"Feature","properties":{"raion":"Харківський","hromada":"Солоницівська","settlement":"Дворічний Кут"},"geometry":{"type":"Point","coordinates":[35.938633,50.044151]}},{"type":"Feature","properties":{"raion":"Харківський","hromada":"Солоницівська","settlement":"Курортне"},"geometry":{"type":"Point","coordinates":[35.96866,50.004588]}},{"type":"Feature","properties":{"raion":"Харківський","hromada":"Солоницівська","settlement":"Куряжанка"},"geometry":{"type":"Point","coordinates":[36.07287,50.010744]}},{"type":"Feature","properties":{"raion":"Харківський","hromada":"Солоницівська","settlement":"Пересічне"},"geometry":{"type":"Point","coordinates":[35.984128,50.018199]}},{"type":"Feature","properties":{"raion":"Харківський","hromada":"Солоницівська","settlement":"Подвірки"},"geometry":{"type":"Point","coordinates":[36.092568,49.981577]}},{"type":"Feature","properties":{"raion":"Харківський","hromada":"Солоницівська","settlement":"Польова"},"geometry":{"type":"Point","coordinates":[36.006767,50.088489]}},{"type":"Feature","properties":{"raion":"Харківський","hromada":"Солоницівська","settlement":"Протопопівка"},"geometry":{"type":"Point","coordinates":[35.835405,50.028607]}},{"type":"Feature","properties":{"raion":"Харківський","hromada":"Солоницівська","settlement":"Південне"},"geometry":{"type":"Point","coordinates":[35.959876,50.057044]}},{"type":"Feature","properties":{"raion":"Харківський","hromada":"Солоницівська","settlement":"Солоницівка"},"geometry":{"type":"Point","coordinates":[36.064199,49.985191]}},{"type":"Feature","properties":{"raion":"Харківський","hromada":"Солоницівська","settlement":"Сіряки"},"geometry":{"type":"Point","coordinates":[36.109165,49.994854]}},{"type":"Feature","properties":{"raion":"Харківський","hromada":"Солоницівська","settlement":"Тернова"},"geometry":{"type":"Point","coordinates":[35.808204,50.03147]}},{"type":"Feature","properties":{"raion":"Харківський","hromada":"Солоницівська","settlement":"Ярошівка"},"geometry":{"type":"Point","coordinates":[35.853902,50.038627]}},{"type":"Feature","properties":{"raion":"Харківський","hromada":"Харківська","settlement":"Харків"},"geometry":{"type":"Point","coordinates":[36.234229,49.986735]}},{"type":"Feature","properties":{"raion":"Харківський","hromada":"Циркунівська","settlement":"Бутенкове"},"geometry":{"type":"Point","coordinates":[36.462589,50.071484]}},{"type":"Feature","properties":{"raion":"Харківський","hromada":"Циркунівська","settlement":"Михайлівка"},"geometry":{"type":"Point","coordinates":[36.532988,50.072758]}},{"type":"Feature","properties":{"raion":"Харківський","hromada":"Циркунівська","settlement":"Олександрівка"},"geometry":{"type":"Point","coordinates":[36.498184,50.063406]}},{"type":"Feature","properties":{"raion":"Харківський","hromada":"Циркунівська","settlement":"Петрівка"},"geometry":{"type":"Point","coordinates":[36.534896,50.113043]}},{"type":"Feature","properties":{"raion":"Харківський","hromada":"Циркунівська","settlement":"Руські Тишки"},"geometry":{"type":"Point","coordinates":[36.412341,50.13302]}},{"type":"Feature","properties":{"raion":"Харківський","hromada":"Циркунівська","settlement":"Українське"},"geometry":{"type":"Point","coordinates":[36.497966,50.085552]}},{"type":"Feature","properties":{"raion":"Харківський","hromada":"Циркунівська","settlement":"Циркуни"},"geometry":{"type":"Point","coordinates":[36.379868,50.077556]}},{"type":"Feature","properties":{"raion":"Харківський","hromada":"Циркунівська","settlement":"Черкаські Тишки"},"geometry":{"type":"Point","coordinates":[36.413828,50.119609]}},{"type":"Feature","properties":{"raion":"Харківський","hromada":"Циркунівська","settlement":"Черняки"},"geometry":{"type":"Point","coordinates":[36.454875,50.084728]}},{"type":"Feature","properties":{"raion":"Чугуївський","hromada":"Вовчанська","settlement":"Іванівка"},"geometry":{"type":"Point","coordinates":[37.266193,50.24519]}},{"type":"Feature","properties":{"raion":"Чугуївський","hromada":"Вовчанська","settlement":"Ізбицьке"},"geometry":{"type":"Point","coordinates":[36.742824,50.202962]}},{"type":"Feature","properties":{"raion":"Чугуївський","hromada":"Вовчанська","settlement":"Байрак"},"geometry":{"type":"Point","coordinates":[36.724164,50.148682]}},{"type":"Feature","properties":{"raion":"Чугуївський","hromada":"Вовчанська","settlement":"Бакшеївка"},"geometry":{"type":"Point","coordinates":[37.213917,50.205763]}},{"type":"Feature","properties":{"raion":"Чугуївський","hromada":"Вовчанська","settlement":"Бережне"},"geometry":{"type":"Point","coordinates":[37.057435,50.109215]}},{"type":"Feature","properties":{"raion":"Чугуївський","hromada":"Вовчанська","settlement":"Благодатне"},"geometry":{"type":"Point","coordinates":[37.356389,50.223906]}},{"type":"Feature","properties":{"raion":"Чугуївський","hromada":"Вовчанська","settlement":"Бочкове"},"geometry":{"type":"Point","coordinates":[37.136683,50.322724]}},{"type":"Feature","properties":{"raion":"Чугуївський","hromada":"Вовчанська","settlement":"Бугаївка"},"geometry":{"type":"Point","coordinates":[36.869616,50.144865]}},{"type":"Feature","properties":{"raion":"Чугуївський","hromada":"Вовчанська","settlement":"Бугруватка"},"geometry":{"type":"Point","coordinates":[36.822205,50.251874]}},{"type":"Feature","properties":{"raion":"Чугуївський","hromada":"Вовчанська","settlement":"Бударки"},"geometry":{"type":"Point","coordinates":[37.413277,50.384277]}},{"type":"Feature","properties":{"raion":"Чугуївський","hromada":"Вовчанська","settlement":"Бузове"},"geometry":{"type":"Point","coordinates":[37.385183,50.277346]}},{"type":"Feature","properties":{"raion":"Чугуївський","hromada":"Вовчанська","settlement":"Білий Колодязь"},"geometry":{"type":"Point","coordinates":[37.118552,50.208178]}},{"type":"Feature","properties":{"raion":"Чугуївський","hromada":"Вовчанська","settlement":"Варварівка"},"geometry":{"type":"Point","coordinates":[37.328284,50.37263]}},{"type":"Feature","properties":{"raion":"Чугуївський","hromada":"Вовчанська","settlement":"Варварівка"},"geometry":{"type":"Point","coordinates":[36.720392,50.189126]}},{"type":"Feature","properties":{"raion":"Чугуївський","hromada":"Вовчанська","settlement":"Василівка"},"geometry":{"type":"Point","coordinates":[37.305415,50.237955]}},{"type":"Feature","properties":{"raion":"Чугуївський","hromada":"Вовчанська","settlement":"Верхня Писарівка"},"geometry":{"type":"Point","coordinates":[36.84484,50.186144]}},{"type":"Feature","properties":{"raion":"Чугуївський","hromada":"Вовчанська","settlement":"Верхній Салтів"},"geometry":{"type":"Point","coordinates":[36.802421,50.128279]}},{"type":"Feature","properties":{"raion":"Чугуївський","hromada":"Вовчанська","settlement":"Вовчанськ"},"geometry":{"type":"Point","coordinates":[36.93763,50.288238]}},{"type":"Feature","properties":{"raion":"Чугуївський","hromada":"Вовчанська","settlement":"Вовчанські Хутори"},"geometry":{"type":"Point","coordinates":[37.024613,50.298296]}},{"type":"Feature","properties":{"raion":"Чугуївський","hromada":"Вовчанська","settlement":"Волохівка"},"geometry":{"type":"Point","coordinates":[37.142604,50.308403]}},{"type":"Feature","properties":{"raion":"Чугуївський","hromada":"Вовчанська","settlement":"Волохівське"},"geometry":{"type":"Point","coordinates":[37.180499,50.234927]}},{"type":"Feature","properties":{"raion":"Чугуївський","hromada":"Вовчанська","settlement":"Вільча"},"geometry":{"type":"Point","coordinates":[36.940047,50.243494]}},{"type":"Feature","properties":{"raion":"Чугуївський","hromada":"Вовчанська","settlement":"Вірівка"},"geometry":{"type":"Point","coordinates":[37.203251,50.192224]}},{"type":"Feature","properties":{"raion":"Чугуївський","hromada":"Вовчанська","settlement":"Ганнопілля"},"geometry":{"type":"Point","coordinates":[37.186517,50.142999]}},{"type":"Feature","properties":{"raion":"Чугуївський","hromada":"Вовчанська","settlement":"Гарбузівка"},"geometry":{"type":"Point","coordinates":[37.145362,50.128354]}},{"type":"Feature","properties":{"raion":"Чугуївський","hromada":"Вовчанська","settlement":"Гатище"},"geometry":{"type":"Point","coordinates":[36.87193,50.298527]}},{"type":"Feature","properties":{"raion":"Чугуївський","hromada":"Вовчанська","settlement":"Графське"},"geometry":{"type":"Point","coordinates":[36.853865,50.223684]}},{"type":"Feature","properties":{"raion":"Чугуївський","hromada":"Вовчанська","settlement":"Дегтярне"},"geometry":{"type":"Point","coordinates":[37.460199,50.445853]}},{"type":"Feature","properties":{"raion":"Чугуївський","hromada":"Вовчанська","settlement":"Замулівка"},"geometry":{"type":"Point","coordinates":[36.76416,50.138164]}},{"type":"Feature","properties":{"raion":"Чугуївський","hromada":"Вовчанська","settlement":"Захарівка"},"geometry":{"type":"Point","coordinates":[37.236087,50.260889]}},{"type":"Feature","properties":{"raion":"Чугуївський","hromada":"Вовчанська","settlement":"Земляний Яр"},"geometry":{"type":"Point","coordinates":[36.988824,50.218983]}},{"type":"Feature","properties":{"raion":"Чугуївський","hromada":"Вовчанська","settlement":"Землянки"},"geometry":{"type":"Point","coordinates":[37.432493,50.393964]}},{"type":"Feature","properties":{"raion":"Чугуївський","hromada":"Вовчанська","settlement":"Зибине"},"geometry":{"type":"Point","coordinates":[37.082981,50.304223]}},{"type":"Feature","properties":{"raion":"Чугуївський","hromada":"Вовчанська","settlement":"Караїчне"},"geometry":{"type":"Point","coordinates":[37.122886,50.300458]}},{"type":"Feature","properties":{"raion":"Чугуївський","hromada":"Вовчанська","settlement":"Котівка"},"geometry":{"type":"Point","coordinates":[37.082551,50.137418]}},{"type":"Feature","properties":{"raion":"Чугуївський","hromada":"Вовчанська","settlement":"Красний Яр"},"geometry":{"type":"Point","coordinates":[37.409289,50.33784]}},{"type":"Feature","properties":{"raion":"Чугуївський","hromada":"Вовчанська","settlement":"Кругле"},"geometry":{"type":"Point","coordinates":[37.416412,50.422246]}},{"type":"Feature","properties":{"raion":"Чугуївський","hromada":"Вовчанська","settlement":"Лиман"},"geometry":{"type":"Point","coordinates":[36.906608,50.243994]}},{"type":"Feature","properties":{"raion":"Чугуївський","hromada":"Вовчанська","settlement":"Лозова"},"geometry":{"type":"Point","coordinates":[37.292694,50.178658]}},{"type":"Feature","properties":{"raion":"Чугуївський","hromada":"Вовчанська","settlement":"Лосівка"},"geometry":{"type":"Point","coordinates":[36.896186,50.175837]}},{"type":"Feature","properties":{"raion":"Чугуївський","hromada":"Вовчанська","settlement":"Лошакове"},"geometry":{"type":"Point","coordinates":[37.462639,50.329283]}},{"type":"Feature","properties":{"raion":"Чугуївський","hromada":"Вовчанська","settlement":"Лукашове"},"geometry":{"type":"Point","coordinates":[37.415007,50.325586]}},{"type":"Feature","properties":{"raion":"Чугуївський","hromada":"Вовчанська","settlement":"Мала Вовча"},"geometry":{"type":"Point","coordinates":[37.262028,50.351909]}},{"type":"Feature","properties":{"raion":"Чугуївський","hromada":"Вовчанська","settlement":"Миколаївка"},"geometry":{"type":"Point","coordinates":[37.342531,50.382007]}},{"type":"Feature","properties":{"raion":"Чугуївський","hromada":"Вовчанська","settlement":"Нестерне"},"geometry":{"type":"Point","coordinates":[37.384581,50.417572]}},{"type":"Feature","properties":{"raion":"Чугуївський","hromada":"Вовчанська","settlement":"Новоолександрівка"},"geometry":{"type":"Point","coordinates":[37.242462,50.168194]}},{"type":"Feature","properties":{"raion":"Чугуївський","hromada":"Вовчанська","settlement":"Огірцеве"},"geometry":{"type":"Point","coordinates":[36.84483,50.299123]}},{"type":"Feature","properties":{"raion":"Чугуївський","hromada":"Вовчанська","settlement":"Охрімівка"},"geometry":{"type":"Point","coordinates":[37.208877,50.33339]}},{"type":"Feature","properties":{"raion":"Чугуївський","hromada":"Вовчанська","settlement":"Петропавлівка"},"geometry":{"type":"Point","coordinates":[37.143231,50.154625]}},{"type":"Feature","properties":{"raion":"Чугуївський","hromada":"Вовчанська","settlement":"Плетенівка"},"geometry":{"type":"Point","coordinates":[36.930887,50.33506]}},{"type":"Feature","properties":{"raion":"Чугуївський","hromada":"Вовчанська","settlement":"Покаляне"},"geometry":{"type":"Point","coordinates":[37.06434,50.296233]}},{"type":"Feature","properties":{"raion":"Чугуївський","hromada":"Вовчанська","settlement":"Приліпка"},"geometry":{"type":"Point","coordinates":[36.850461,50.253796]}},{"type":"Feature","properties":{"raion":"Чугуївський","hromada":"Вовчанська","settlement":"Пільна"},"geometry":{"type":"Point","coordinates":[36.994974,50.162704]}},{"type":"Feature","properties":{"raion":"Чугуївський","hromada":"Вовчанська","settlement":"Піщане"},"geometry":{"type":"Point","coordinates":[37.35271,50.43281]}},{"type":"Feature","properties":{"raion":"Чугуївський","hromada":"Вовчанська","settlement":"Рибалкине"},"geometry":{"type":"Point","coordinates":[37.234633,50.378159]}},{"type":"Feature","properties":{"raion":"Чугуївський","hromada":"Вовчанська","settlement":"Рубіжне"},"geometry":{"type":"Point","coordinates":[36.833621,50.174176]}},{"type":"Feature","properties":{"raion":"Чугуївський","hromada":"Вовчанська","settlement":"Різникове"},"geometry":{"type":"Point","coordinates":[37.420304,50.315783]}},{"type":"Feature","properties":{"raion":"Чугуївський","hromada":"Вовчанська","settlement":"Сердобине"},"geometry":{"type":"Point","coordinates":[37.403094,50.257579]}},{"type":"Feature","properties":{"raion":"Чугуївський","hromada":"Вовчанська","settlement":"Симинівка"},"geometry":{"type":"Point","coordinates":[36.895505,50.213499]}},{"type":"Feature","properties":{"raion":"Чугуївський","hromada":"Вовчанська","settlement":"Синельникове"},"geometry":{"type":"Point","coordinates":[36.897897,50.255571]}},{"type":"Feature","properties":{"raion":"Чугуївський","hromada":"Вовчанська","settlement":"Сосновий Бір"},"geometry":{"type":"Point","coordinates":[36.916208,50.16996]}},{"type":"Feature","properties":{"raion":"Чугуївський","hromada":"Вовчанська","settlement":"Стариця"},"geometry":{"type":"Point","coordinates":[36.819669,50.246788]}},{"type":"Feature","properties":{"raion":"Чугуївський","hromada":"Вовчанська","settlement":"Тихе"},"geometry":{"type":"Point","coordinates":[37.011322,50.309274]}},{"type":"Feature","properties":{"raion":"Чугуївський","hromada":"Вовчанська","settlement":"Українка"},"geometry":{"type":"Point","coordinates":[36.683546,50.101197]}},{"type":"Feature","properties":{"raion":"Чугуївський","hromada":"Вовчанська","settlement":"Українське"},"geometry":{"type":"Point","coordinates":[36.954526,50.16785]}},{"type":"Feature","properties":{"raion":"Чугуївський","hromada":"Вовчанська","settlement":"Хижнякове"},"geometry":{"type":"Point","coordinates":[37.462201,50.310535]}},{"type":"Feature","properties":{"raion":"Чугуївський","hromada":"Вовчанська","settlement":"Хрипуни"},"geometry":{"type":"Point","coordinates":[37.310218,50.351468]}},{"type":"Feature","properties":{"raion":"Чугуївський","hromada":"Вовчанська","settlement":"Цегельне"},"geometry":{"type":"Point","coordinates":[36.918223,50.253921]}},{"type":"Feature","properties":{"raion":"Чугуївський","hromada":"Вовчанська","settlement":"Чайківка"},"geometry":{"type":"Point","coordinates":[37.167805,50.323245]}},{"type":"Feature","properties":{"raion":"Чугуївський","hromada":"Вовчанська","settlement":"Черняків"},"geometry":{"type":"Point","coordinates":[37.461892,50.33342]}},{"type":"Feature","properties":{"raion":"Чугуївський","hromada":"Вовчанська","settlement":"Шабельне"},"geometry":{"type":"Point","coordinates":[37.314351,50.424783]}},{"type":"Feature","properties":{"raion":"Чугуївський","hromada":"Вовчанська","settlement":"Шевченкове"},"geometry":{"type":"Point","coordinates":[37.040931,50.164851]}},{"type":"Feature","properties":{"raion":"Чугуївський","hromada":"Вовчанська","settlement":"Шевченкове Перше"},"geometry":{"type":"Point","coordinates":[36.913988,50.117032]}},{"type":"Feature","properties":{"raion":"Чугуївський","hromada":"Вовчанська","settlement":"Шестерівка"},"geometry":{"type":"Point","coordinates":[36.913857,50.185861]}},{"type":"Feature","properties":{"raion":"Чугуївський","hromada":"Вовчанська","settlement":"Юрченкове"},"geometry":{"type":"Point","coordinates":[37.095124,50.187331]}},{"type":"Feature","properties":{"raion":"Чугуївський","hromada":"Зміївська","settlement":"Іськів Яр"},"geometry":{"type":"Point","coordinates":[36.294264,49.632869]}},{"type":"Feature","properties":{"raion":"Чугуївський","hromada":"Зміївська","settlement":"Аксютівка"},"geometry":{"type":"Point","coordinates":[36.202036,49.805628]}},{"type":"Feature","properties":{"raion":"Чугуївський","hromada":"Зміївська","settlement":"Артюхівка"},"geometry":{"type":"Point","coordinates":[36.268435,49.711788]}},{"type":"Feature","properties":{"raion":"Чугуївський","hromada":"Зміївська","settlement":"Безпалівка"},"geometry":{"type":"Point","coordinates":[36.230012,49.626156]}},{"type":"Feature","properties":{"raion":"Чугуївський","hromada":"Зміївська","settlement":"Безпалівка"},"geometry":{"type":"Point","coordinates":[36.166391,49.596519]}},{"type":"Feature","properties":{"raion":"Чугуївський","hromada":"Зміївська","settlement":"Борова"},"geometry":{"type":"Point","coordinates":[36.316431,49.78901]}},{"type":"Feature","properties":{"raion":"Чугуївський","hromada":"Зміївська","settlement":"Бутівка"},"geometry":{"type":"Point","coordinates":[36.381881,49.712794]}},{"type":"Feature","properties":{"raion":"Чугуївський","hromada":"Зміївська","settlement":"Бірки"},"geometry":{"type":"Point","coordinates":[36.049682,49.723106]}},{"type":"Feature","properties":{"raion":"Чугуївський","hromada":"Зміївська","settlement":"Бірочок Другий"},"geometry":{"type":"Point","coordinates":[36.126513,49.706159]}},{"type":"Feature","properties":{"raion":"Чугуївський","hromada":"Зміївська","settlement":"Велика Гомільша"},"geometry":{"type":"Point","coordinates":[36.252381,49.555669]}},{"type":"Feature","properties":{"raion":"Чугуївський","hromada":"Зміївська","settlement":"Веселе"},"geometry":{"type":"Point","coordinates":[36.140562,49.579583]}},{"type":"Feature","properties":{"raion":"Чугуївський","hromada":"Зміївська","settlement":"Вилівка"},"geometry":{"type":"Point","coordinates":[36.179272,49.670635]}},{"type":"Feature","properties":{"raion":"Чугуївський","hromada":"Зміївська","settlement":"Вирішальний"},"geometry":{"type":"Point","coordinates":[36.367983,49.719864]}},{"type":"Feature","properties":{"raion":"Чугуївський","hromada":"Зміївська","settlement":"Височинівка"},"geometry":{"type":"Point","coordinates":[36.292593,49.695654]}},{"type":"Feature","properties":{"raion":"Чугуївський","hromada":"Зміївська","settlement":"Водяне"},"geometry":{"type":"Point","coordinates":[36.340495,49.789531]}},{"type":"Feature","properties":{"raion":"Чугуївський","hromada":"Зміївська","settlement":"Водяхівка"},"geometry":{"type":"Point","coordinates":[36.282027,49.695204]}},{"type":"Feature","properties":{"raion":"Чугуївський","hromada":"Зміївська","settlement":"Гайдари"},"geometry":{"type":"Point","coordinates":[36.307609,49.629397]}},{"type":"Feature","properties":{"raion":"Чугуївський","hromada":"Зміївська","settlement":"Глибока Долина"},"geometry":{"type":"Point","coordinates":[36.119371,49.71721]}},{"type":"Feature","properties":{"raion":"Чугуївський","hromada":"Зміївська","settlement":"Гришківка"},"geometry":{"type":"Point","coordinates":[36.157958,49.665538]}},{"type":"Feature","properties":{"raion":"Чугуївський","hromada":"Зміївська","settlement":"Гужвинське"},"geometry":{"type":"Point","coordinates":[36.03801,49.735911]}},{"type":"Feature","properties":{"raion":"Чугуївський","hromada":"Зміївська","settlement":"Гусина Поляна"},"geometry":{"type":"Point","coordinates":[36.289353,49.820601]}},{"type":"Feature","properties":{"raion":"Чугуївський","hromada":"Зміївська","settlement":"Джгун"},"geometry":{"type":"Point","coordinates":[36.095714,49.675291]}},{"type":"Feature","properties":{"raion":"Чугуївський","hromada":"Зміївська","settlement":"Дудківка"},"geometry":{"type":"Point","coordinates":[36.213298,49.646361]}},{"type":"Feature","properties":{"raion":"Чугуївський","hromada":"Зміївська","settlement":"Жаданівка"},"geometry":{"type":"Point","coordinates":[36.254287,49.657813]}},{"type":"Feature","properties":{"raion":"Чугуївський","hromada":"Зміївська","settlement":"Задонецьке"},"geometry":{"type":"Point","coordinates":[36.346423,49.635153]}},{"type":"Feature","properties":{"raion":"Чугуївський","hromada":"Зміївська","settlement":"Залізничні Бірки"},"geometry":{"type":"Point","coordinates":[36.035907,49.720915]}},{"type":"Feature","properties":{"raion":"Чугуївський","hromada":"Зміївська","settlement":"Западня"},"geometry":{"type":"Point","coordinates":[36.214301,49.520743]}},{"type":"Feature","properties":{"raion":"Чугуївський","hromada":"Зміївська","settlement":"Звідки"},"geometry":{"type":"Point","coordinates":[36.301067,49.789911]}},{"type":"Feature","properties":{"raion":"Чугуївський","hromada":"Зміївська","settlement":"Зміїв"},"geometry":{"type":"Point","coordinates":[36.350141,49.675025]}},{"type":"Feature","properties":{"raion":"Чугуївський","hromada":"Зміївська","settlement":"Зідьки"},"geometry":{"type":"Point","coordinates":[36.386726,49.696557]}},{"type":"Feature","properties":{"raion":"Чугуївський","hromada":"Зміївська","settlement":"Камплиця"},"geometry":{"type":"Point","coordinates":[36.403352,49.663794]}},{"type":"Feature","properties":{"raion":"Чугуївський","hromada":"Зміївська","settlement":"Кирюхи"},"geometry":{"type":"Point","coordinates":[36.036945,49.739337]}},{"type":"Feature","properties":{"raion":"Чугуївський","hromada":"Зміївська","settlement":"Кисле"},"geometry":{"type":"Point","coordinates":[36.02589,49.754925]}},{"type":"Feature","properties":{"raion":"Чугуївський","hromada":"Зміївська","settlement":"Клименівка"},"geometry":{"type":"Point","coordinates":[36.195036,49.554728]}},{"type":"Feature","properties":{"raion":"Чугуївський","hromada":"Зміївська","settlement":"Козачка"},"geometry":{"type":"Point","coordinates":[36.203346,49.598348]}},{"type":"Feature","properties":{"raion":"Чугуївський","hromada":"Зміївська","settlement":"Колісники"},"geometry":{"type":"Point","coordinates":[36.111307,49.745562]}},{"type":"Feature","properties":{"raion":"Чугуївський","hromada":"Зміївська","settlement":"Коропове"},"geometry":{"type":"Point","coordinates":[36.345548,49.589036]}},{"type":"Feature","properties":{"raion":"Чугуївський","hromada":"Зміївська","settlement":"Костянтівка"},"geometry":{"type":"Point","coordinates":[36.251348,49.775518]}},{"type":"Feature","properties":{"raion":"Чугуївський","hromada":"Зміївська","settlement":"Кравцове"},"geometry":{"type":"Point","coordinates":[36.101954,49.75655]}},{"type":"Feature","properties":{"raion":"Чугуївський","hromada":"Зміївська","settlement":"Красна Поляна"},"geometry":{"type":"Point","coordinates":[36.384504,49.788096]}},{"type":"Feature","properties":{"raion":"Чугуївський","hromada":"Зміївська","settlement":"Кукулівка"},"geometry":{"type":"Point","coordinates":[36.0791,49.652321]}},{"type":"Feature","properties":{"raion":"Чугуївський","hromada":"Зміївська","settlement":"Лазуківка"},"geometry":{"type":"Point","coordinates":[36.437406,49.733322]}},{"type":"Feature","properties":{"raion":"Чугуївський","hromada":"Зміївська","settlement":"Левківка"},"geometry":{"type":"Point","coordinates":[36.346276,49.718943]}},{"type":"Feature","properties":{"raion":"Чугуївський","hromada":"Зміївська","settlement":"Миргороди"},"geometry":{"type":"Point","coordinates":[36.179442,49.745733]}},{"type":"Feature","properties":{"raion":"Чугуївський","hromada":"Зміївська","settlement":"Омельченки"},"geometry":{"type":"Point","coordinates":[36.416095,49.645654]}},{"type":"Feature","properties":{"raion":"Чугуївський","hromada":"Зміївська","settlement":"Островерхівка"},"geometry":{"type":"Point","coordinates":[36.172505,49.794311]}},{"type":"Feature","properties":{"raion":"Чугуївський","hromada":"Зміївська","settlement":"Пасіки"},"geometry":{"type":"Point","coordinates":[36.186539,49.58627]}},{"type":"Feature","properties":{"raion":"Чугуївський","hromada":"Зміївська","settlement":"Першотравневе"},"geometry":{"type":"Point","coordinates":[36.129388,49.683175]}},{"type":"Feature","properties":{"raion":"Чугуївський","hromada":"Зміївська","settlement":"Петрищеве"},"geometry":{"type":"Point","coordinates":[36.302685,49.813627]}},{"type":"Feature","properties":{"raion":"Чугуївський","hromada":"Зміївська","settlement":"Погоріле"},"geometry":{"type":"Point","coordinates":[36.066608,49.759429]}},{"type":"Feature","properties":{"raion":"Чугуївський","hromada":"Зміївська","settlement":"Реп'яхівка"},"geometry":{"type":"Point","coordinates":[36.2114,49.73662]}},{"type":"Feature","properties":{"raion":"Чугуївський","hromada":"Зміївська","settlement":"Роздольне"},"geometry":{"type":"Point","coordinates":[36.112579,49.55903]}},{"type":"Feature","properties":{"raion":"Чугуївський","hromada":"Зміївська","settlement":"Сидори"},"geometry":{"type":"Point","coordinates":[36.075602,49.737222]}},{"type":"Feature","properties":{"raion":"Чугуївський","hromada":"Зміївська","settlement":"Соколове"},"geometry":{"type":"Point","coordinates":[36.195546,49.709694]}},{"type":"Feature","properties":{"raion":"Чугуївський","hromada":"Зміївська","settlement":"Таранівка"},"geometry":{"type":"Point","coordinates":[36.148699,49.614154]}},{"type":"Feature","properties":{"raion":"Чугуївський","hromada":"Зміївська","settlement":"Тимченки"},"geometry":{"type":"Point","coordinates":[36.155433,49.751513]}},{"type":"Feature","properties":{"raion":"Чугуївський","hromada":"Зміївська","settlement":"Тросне"},"geometry":{"type":"Point","coordinates":[36.162308,49.781602]}},{"type":"Feature","properties":{"raion":"Чугуївський","hromada":"Зміївська","settlement":"Федорівка"},"geometry":{"type":"Point","coordinates":[36.042855,49.732576]}},{"type":"Feature","properties":{"raion":"Чугуївський","hromada":"Зміївська","settlement":"Чемужівка"},"geometry":{"type":"Point","coordinates":[36.318282,49.708866]}},{"type":"Feature","properties":{"raion":"Чугуївський","hromada":"Зміївська","settlement":"Черемушне"},"geometry":{"type":"Point","coordinates":[36.434112,49.691579]}},{"type":"Feature","properties":{"raion":"Чугуївський","hromada":"Малинівська","settlement":"Малинівка"},"geometry":{"type":"Point","coordinates":[36.714896,49.79782]}},{"type":"Feature","properties":{"raion":"Чугуївський","hromada":"Малинівська","settlement":"Мосьпанове"},"geometry":{"type":"Point","coordinates":[36.742047,49.650048]}},{"type":"Feature","properties":{"raion":"Чугуївський","hromada":"Малинівська","settlement":"Стара Гнилиця"},"geometry":{"type":"Point","coordinates":[36.655105,49.734783]}},{"type":"Feature","properties":{"raion":"Чугуївський","hromada":"Новопокровська","settlement":"Введенка"},"geometry":{"type":"Point","coordinates":[36.508547,49.825853]}},{"type":"Feature","properties":{"raion":"Чугуївський","hromada":"Новопокровська","settlement":"Есхар"},"geometry":{"type":"Point","coordinates":[36.589078,49.796863]}},{"type":"Feature","properties":{"raion":"Чугуївський","hromada":"Новопокровська","settlement":"Зауддя"},"geometry":{"type":"Point","coordinates":[36.450766,49.802175]}},{"type":"Feature","properties":{"raion":"Чугуївський","hromada":"Новопокровська","settlement":"Зелений Колодязь"},"geometry":{"type":"Point","coordinates":[36.4604,49.845025]}},{"type":"Feature","properties":{"raion":"Чугуївський","hromada":"Новопокровська","settlement":"Новопокровка"},"geometry":{"type":"Point","coordinates":[36.551694,49.834001]}},{"type":"Feature","properties":{"raion":"Чугуївський","hromada":"Новопокровська","settlement":"Поди"},"geometry":{"type":"Point","coordinates":[36.563994,49.826012]}},{"type":"Feature","properties":{"raion":"Чугуївський","hromada":"Новопокровська","settlement":"Роздольне"},"geometry":{"type":"Point","coordinates":[36.515781,49.852382]}},{"type":"Feature","properties":{"raion":"Чугуївський","hromada":"Новопокровська","settlement":"Світанок"},"geometry":{"type":"Point","coordinates":[36.463903,49.870725]}},{"type":"Feature","properties":{"raion":"Чугуївський","hromada":"Новопокровська","settlement":"Стара Покровка"},"geometry":{"type":"Point","coordinates":[36.541946,49.81671]}},{"type":"Feature","properties":{"raion":"Чугуївський","hromada":"Новопокровська","settlement":"Тернова"},"geometry":{"type":"Point","coordinates":[36.430647,49.81873]}},{"type":"Feature","properties":{"raion":"Чугуївський","hromada":"Печенізька","settlement":"Артемівка"},"geometry":{"type":"Point","coordinates":[37.076527,49.926328]}},{"type":"Feature","properties":{"raion":"Чугуївський","hromada":"Печенізька","settlement":"Борщова"},"geometry":{"type":"Point","coordinates":[37.123117,49.998578]}},{"type":"Feature","properties":{"raion":"Чугуївський","hromada":"Печенізька","settlement":"Ганнівка"},"geometry":{"type":"Point","coordinates":[37.110149,50.024884]}},{"type":"Feature","properties":{"raion":"Чугуївський","hromada":"Печенізька","settlement":"Гарашківка"},"geometry":{"type":"Point","coordinates":[37.048509,50.010439]}},{"type":"Feature","properties":{"raion":"Чугуївський","hromada":"Печенізька","settlement":"Гуслівка"},"geometry":{"type":"Point","coordinates":[37.08553,50.012614]}},{"type":"Feature","properties":{"raion":"Чугуївський","hromada":"Печенізька","settlement":"Кицівка"},"geometry":{"type":"Point","coordinates":[36.823082,49.867807]}},{"type":"Feature","properties":{"raion":"Чугуївський","hromada":"Печенізька","settlement":"Мартове"},"geometry":{"type":"Point","coordinates":[36.962424,49.938563]}},{"type":"Feature","properties":{"raion":"Чугуївський","hromada":"Печенізька","settlement":"Новий Бурлук"},"geometry":{"type":"Point","coordinates":[37.089563,49.872338]}},{"type":"Feature","properties":{"raion":"Чугуївський","hromada":"Печенізька","settlement":"П'ятницьке"},"geometry":{"type":"Point","coordinates":[36.801241,49.923725]}},{"type":"Feature","properties":{"raion":"Чугуївський","hromada":"Печенізька","settlement":"Першотравневе"},"geometry":{"type":"Point","coordinates":[36.937495,49.992227]}},{"type":"Feature","properties":{"raion":"Чугуївський","hromada":"Печенізька","settlement":"Печеніги"},"geometry":{"type":"Point","coordinates":[36.931235,49.871795]}},{"type":"Feature","properties":{"raion":"Чугуївський","hromada":"Печенізька","settlement":"Приморське"},"geometry":{"type":"Point","coordinates":[37.026092,49.881843]}},{"type":"Feature","properties":{"raion":"Чугуївський","hromada":"Слобожанська","settlement":"Благодатне"},"geometry":{"type":"Point","coordinates":[36.641433,49.630101]}},{"type":"Feature","properties":{"raion":"Чугуївський","hromada":"Слобожанська","settlement":"Геніївка"},"geometry":{"type":"Point","coordinates":[36.504297,49.670102]}},{"type":"Feature","properties":{"raion":"Чугуївський","hromada":"Слобожанська","settlement":"Геївка"},"geometry":{"type":"Point","coordinates":[36.493858,49.50576]}},{"type":"Feature","properties":{"raion":"Чугуївський","hromada":"Слобожанська","settlement":"Дачне"},"geometry":{"type":"Point","coordinates":[36.440709,49.658103]}},{"type":"Feature","properties":{"raion":"Чугуївський","hromada":"Слобожанська","settlement":"Донець"},"geometry":{"type":"Point","coordinates":[36.577056,49.583496]}},{"type":"Feature","properties":{"raion":"Чугуївський","hromada":"Слобожанська","settlement":"Занки"},"geometry":{"type":"Point","coordinates":[36.483355,49.63837]}},{"type":"Feature","properties":{"raion":"Чугуївський","hromada":"Слобожанська","settlement":"Курортне"},"geometry":{"type":"Point","coordinates":[36.452792,49.676078]}},{"type":"Feature","properties":{"raion":"Чугуївський","hromada":"Слобожанська","settlement":"Лиман"},"geometry":{"type":"Point","coordinates":[36.470383,49.598241]}},{"type":"Feature","properties":{"raion":"Чугуївський","hromada":"Слобожанська","settlement":"Лісне"},"geometry":{"type":"Point","coordinates":[36.550789,49.745603]}},{"type":"Feature","properties":{"raion":"Чугуївський","hromada":"Слобожанська","settlement":"Мохнач"},"geometry":{"type":"Point","coordinates":[36.522053,49.747232]}},{"type":"Feature","properties":{"raion":"Чугуївський","hromada":"Слобожанська","settlement":"Нижній Бишкин"},"geometry":{"type":"Point","coordinates":[36.407612,49.529846]}},{"type":"Feature","properties":{"raion":"Чугуївський","hromada":"Слобожанська","settlement":"Скрипаї"},"geometry":{"type":"Point","coordinates":[36.591536,49.717596]}},{"type":"Feature","properties":{"raion":"Чугуївський","hromada":"Слобожанська","settlement":"Слобожанське"},"geometry":{"type":"Point","coordinates":[36.525743,49.592326]}},{"type":"Feature","properties":{"raion":"Чугуївський","hromada":"Слобожанська","settlement":"Суха Гомільша"},"geometry":{"type":"Point","coordinates":[36.349889,49.550737]}},{"type":"Feature","properties":{"raion":"Чугуївський","hromada":"Слобожанська","settlement":"Українське"},"geometry":{"type":"Point","coordinates":[36.447348,49.659791]}},{"type":"Feature","properties":{"raion":"Чугуївський","hromada":"Слобожанська","settlement":"Черкаський Бишкин"},"geometry":{"type":"Point","coordinates":[36.421138,49.547833]}},{"type":"Feature","properties":{"raion":"Чугуївський","hromada":"Слобожанська","settlement":"Шелудьківка"},"geometry":{"type":"Point","coordinates":[36.533676,49.677306]}},{"type":"Feature","properties":{"raion":"Чугуївський","hromada":"Старосалтівська","settlement":"Березники"},"geometry":{"type":"Point","coordinates":[36.861476,50.12944]}},{"type":"Feature","properties":{"raion":"Чугуївський","hromada":"Старосалтівська","settlement":"Вишневе"},"geometry":{"type":"Point","coordinates":[36.973994,50.102259]}},{"type":"Feature","properties":{"raion":"Чугуївський","hromada":"Старосалтівська","settlement":"Гонтарівка"},"geometry":{"type":"Point","coordinates":[36.984435,50.072613]}},{"type":"Feature","properties":{"raion":"Чугуївський","hromada":"Старосалтівська","settlement":"Дідівка"},"geometry":{"type":"Point","coordinates":[37.049165,50.037342]}},{"type":"Feature","properties":{"raion":"Чугуївський","hromada":"Старосалтівська","settlement":"Зарічне"},"geometry":{"type":"Point","coordinates":[36.861789,50.100789]}},{"type":"Feature","properties":{"raion":"Чугуївський","hromada":"Старосалтівська","settlement":"Кирилівка"},"geometry":{"type":"Point","coordinates":[37.137235,50.075291]}},{"type":"Feature","properties":{"raion":"Чугуївський","hromada":"Старосалтівська","settlement":"Металівка"},"geometry":{"type":"Point","coordinates":[36.822464,50.116498]}},{"type":"Feature","properties":{"raion":"Чугуївський","hromada":"Старосалтівська","settlement":"Молодова"},"geometry":{"type":"Point","coordinates":[36.776538,50.039181]}},{"type":"Feature","properties":{"raion":"Чугуївський","hromada":"Старосалтівська","settlement":"Москалівка"},"geometry":{"type":"Point","coordinates":[37.112052,50.057104]}},{"type":"Feature","properties":{"raion":"Чугуївський","hromada":"Старосалтівська","settlement":"Паськівка"},"geometry":{"type":"Point","coordinates":[37.031515,50.020709]}},{"type":"Feature","properties":{"raion":"Чугуївський","hromada":"Старосалтівська","settlement":"Перківка"},"geometry":{"type":"Point","coordinates":[36.962592,50.006141]}},{"type":"Feature","properties":{"raion":"Чугуївський","hromada":"Старосалтівська","settlement":"Погоріле"},"geometry":{"type":"Point","coordinates":[37.130429,50.106245]}},{"type":"Feature","properties":{"raion":"Чугуївський","hromada":"Старосалтівська","settlement":"Радькове"},"geometry":{"type":"Point","coordinates":[36.993821,50.090496]}},{"type":"Feature","properties":{"raion":"Чугуївський","hromada":"Старосалтівська","settlement":"Середівка"},"geometry":{"type":"Point","coordinates":[37.048352,50.05455]}},{"type":"Feature","properties":{"raion":"Чугуївський","hromada":"Старосалтівська","settlement":"Старий Салтів"},"geometry":{"type":"Point","coordinates":[36.791941,50.079136]}},{"type":"Feature","properties":{"raion":"Чугуївський","hromada":"Старосалтівська","settlement":"Томахівка"},"geometry":{"type":"Point","coordinates":[37.019036,50.044595]}},{"type":"Feature","properties":{"raion":"Чугуївський","hromada":"Старосалтівська","settlement":"Федорівка"},"geometry":{"type":"Point","coordinates":[36.693019,50.069596]}},{"type":"Feature","properties":{"raion":"Чугуївський","hromada":"Старосалтівська","settlement":"Хотімля"},"geometry":{"type":"Point","coordinates":[36.878668,50.021406]}},{"type":"Feature","properties":{"raion":"Чугуївський","hromada":"Старосалтівська","settlement":"Шестакове"},"geometry":{"type":"Point","coordinates":[36.620284,50.078362]}},{"type":"Feature","properties":{"raion":"Чугуївський","hromada":"Старосалтівська","settlement":"Широке"},"geometry":{"type":"Point","coordinates":[36.959863,50.081652]}},{"type":"Feature","properties":{"raion":"Чугуївський","hromada":"Чкаловська","settlement":"Іванівка"},"geometry":{"type":"Point","coordinates":[36.908652,49.635507]}},{"type":"Feature","properties":{"raion":"Чугуївський","hromada":"Чкаловська","settlement":"Базаліївка"},"geometry":{"type":"Point","coordinates":[36.985318,49.831704]}},{"type":"Feature","properties":{"raion":"Чугуївський","hromada":"Чкаловська","settlement":"Гаврилівка"},"geometry":{"type":"Point","coordinates":[36.962456,49.715816]}},{"type":"Feature","properties":{"raion":"Чугуївський","hromada":"Чкаловська","settlement":"Гракове"},"geometry":{"type":"Point","coordinates":[36.811668,49.718189]}},{"type":"Feature","properties":{"raion":"Чугуївський","hromada":"Чкаловська","settlement":"Дослідне"},"geometry":{"type":"Point","coordinates":[36.92898,49.725378]}},{"type":"Feature","properties":{"raion":"Чугуївський","hromada":"Чкаловська","settlement":"Залізничне"},"geometry":{"type":"Point","coordinates":[36.865147,49.726507]}},{"type":"Feature","properties":{"raion":"Чугуївський","hromada":"Чкаловська","settlement":"Коробочкине"},"geometry":{"type":"Point","coordinates":[36.812221,49.776021]}},{"type":"Feature","properties":{"raion":"Чугуївський","hromada":"Чкаловська","settlement":"Леб'яже"},"geometry":{"type":"Point","coordinates":[36.905828,49.800823]}},{"type":"Feature","properties":{"raion":"Чугуївський","hromada":"Чкаловська","settlement":"Миколаївка"},"geometry":{"type":"Point","coordinates":[36.95855,49.746357]}},{"type":"Feature","properties":{"raion":"Чугуївський","hromada":"Чкаловська","settlement":"Миколаївка"},"geometry":{"type":"Point","coordinates":[36.930229,49.750273]}},{"type":"Feature","properties":{"raion":"Чугуївський","hromada":"Чкаловська","settlement":"Михайлівка"},"geometry":{"type":"Point","coordinates":[36.916898,49.662118]}},{"type":"Feature","properties":{"raion":"Чугуївський","hromada":"Чкаловська","settlement":"Нова Гнилиця"},"geometry":{"type":"Point","coordinates":[36.865688,49.710098]}},{"type":"Feature","properties":{"raion":"Чугуївський","hromada":"Чкаловська","settlement":"Осиковий Гай"},"geometry":{"type":"Point","coordinates":[36.775282,49.776232]}},{"type":"Feature","properties":{"raion":"Чугуївський","hromada":"Чкаловська","settlement":"Пушкарне"},"geometry":{"type":"Point","coordinates":[36.872007,49.789025]}},{"type":"Feature","properties":{"raion":"Чугуївський","hromada":"Чкаловська","settlement":"Ртищівка"},"geometry":{"type":"Point","coordinates":[36.779165,49.722071]}},{"type":"Feature","properties":{"raion":"Чугуївський","hromada":"Чкаловська","settlement":"Степове"},"geometry":{"type":"Point","coordinates":[36.824901,49.654865]}},{"type":"Feature","properties":{"raion":"Чугуївський","hromada":"Чкаловська","settlement":"Студенок"},"geometry":{"type":"Point","coordinates":[36.880156,49.625348]}},{"type":"Feature","properties":{"raion":"Чугуївський","hromada":"Чкаловська","settlement":"Таганка"},"geometry":{"type":"Point","coordinates":[36.878689,49.813646]}},{"type":"Feature","properties":{"raion":"Чугуївський","hromada":"Чкаловська","settlement":"Чкаловське"},"geometry":{"type":"Point","coordinates":[36.93711,49.717381]}},{"type":"Feature","properties":{"raion":"Чугуївський","hromada":"Чкаловська","settlement":"Юрченкове"},"geometry":{"type":"Point","coordinates":[37.080739,49.824774]}},{"type":"Feature","properties":{"raion":"Чугуївський","hromada":"Чугуївська","settlement":"Василів Хутір"},"geometry":{"type":"Point","coordinates":[36.605698,49.834965]}},{"type":"Feature","properties":{"raion":"Чугуївський","hromada":"Чугуївська","settlement":"Велика Бабка"},"geometry":{"type":"Point","coordinates":[36.736562,49.981635]}},{"type":"Feature","properties":{"raion":"Чугуївський","hromada":"Чугуївська","settlement":"Зарожне"},"geometry":{"type":"Point","coordinates":[36.693843,49.933217]}},{"type":"Feature","properties":{"raion":"Чугуївський","hromada":"Чугуївська","settlement":"Кам'яна Яруга"},"geometry":{"type":"Point","coordinates":[36.601842,49.896809]}},{"type":"Feature","properties":{"raion":"Чугуївський","hromada":"Чугуївська","settlement":"Клугино-Башкирівка"},"geometry":{"type":"Point","coordinates":[36.712641,49.845603]}},{"type":"Feature","properties":{"raion":"Чугуївський","hromada":"Чугуївська","settlement":"Кочеток"},"geometry":{"type":"Point","coordinates":[36.712243,49.872664]}},{"type":"Feature","properties":{"raion":"Чугуївський","hromada":"Чугуївська","settlement":"Піщане"},"geometry":{"type":"Point","coordinates":[36.669448,50.041532]}},{"type":"Feature","properties":{"raion":"Чугуївський","hromada":"Чугуївська","settlement":"Тетлега"},"geometry":{"type":"Point","coordinates":[36.7252,49.930004]}},{"type":"Feature","properties":{"raion":"Чугуївський","hromada":"Чугуївська","settlement":"Чугуїв"},"geometry":{"type":"Point","coordinates":[36.678782,49.834237]}}]}
